[2024-09-24T12:57:50.149+0000] {taskinstance.py:1171} INFO - Dependencies all met for <TaskInstance: final_projects.InsertDataElasticsearch manual__2024-09-24T12:57:47.873581+00:00 [queued]>
[2024-09-24T12:57:50.156+0000] {taskinstance.py:1171} INFO - Dependencies all met for <TaskInstance: final_projects.InsertDataElasticsearch manual__2024-09-24T12:57:47.873581+00:00 [queued]>
[2024-09-24T12:57:50.156+0000] {taskinstance.py:1368} INFO - 
--------------------------------------------------------------------------------
[2024-09-24T12:57:50.156+0000] {taskinstance.py:1369} INFO - Starting attempt 1 of 1
[2024-09-24T12:57:50.157+0000] {taskinstance.py:1370} INFO - 
--------------------------------------------------------------------------------
[2024-09-24T12:57:50.167+0000] {taskinstance.py:1389} INFO - Executing <Task(PythonOperator): InsertDataElasticsearch> on 2024-09-24 12:57:47.873581+00:00
[2024-09-24T12:57:50.174+0000] {standard_task_runner.py:52} INFO - Started process 333 to run task
[2024-09-24T12:57:50.176+0000] {standard_task_runner.py:79} INFO - Running: ['***', 'tasks', 'run', 'final_projects', 'InsertDataElasticsearch', 'manual__2024-09-24T12:57:47.873581+00:00', '--job-id', '17', '--raw', '--subdir', 'DAGS_FOLDER/final_projects_DAGS.py', '--cfg-path', '/tmp/tmpt8l8cknz', '--error-file', '/tmp/tmpv95881c_']
[2024-09-24T12:57:50.177+0000] {standard_task_runner.py:80} INFO - Job 17: Subtask InsertDataElasticsearch
[2024-09-24T12:57:50.238+0000] {task_command.py:371} INFO - Running <TaskInstance: final_projects.InsertDataElasticsearch manual__2024-09-24T12:57:47.873581+00:00 [running]> on host a08a8d3729b5
[2024-09-24T12:57:50.297+0000] {taskinstance.py:1583} INFO - Exporting the following env vars:
AIRFLOW_CTX_DAG_OWNER=***
AIRFLOW_CTX_DAG_ID=final_projects
AIRFLOW_CTX_TASK_ID=InsertDataElasticsearch
AIRFLOW_CTX_EXECUTION_DATE=2024-09-24T12:57:47.873581+00:00
AIRFLOW_CTX_TRY_NUMBER=1
AIRFLOW_CTX_DAG_RUN_ID=manual__2024-09-24T12:57:47.873581+00:00
[2024-09-24T12:57:50.545+0000] {base.py:271} INFO - POST http://elasticsearch:9200/milestone3/_doc [status:201 request:0.237s]
[2024-09-24T12:57:50.546+0000] {logging_mixin.py:115} INFO - {'_index': 'milestone3', '_type': '_doc', '_id': 'hVAcJJIB9Ge4CN5SCjyL', '_version': 1, 'result': 'created', '_shards': {'total': 2, 'successful': 1, 'failed': 0}, '_seq_no': 0, '_primary_term': 1}
[2024-09-24T12:57:50.552+0000] {base.py:271} INFO - POST http://elasticsearch:9200/milestone3/_doc [status:201 request:0.006s]
[2024-09-24T12:57:50.553+0000] {logging_mixin.py:115} INFO - {'_index': 'milestone3', '_type': '_doc', '_id': 'hlAcJJIB9Ge4CN5SCjzU', '_version': 1, 'result': 'created', '_shards': {'total': 2, 'successful': 1, 'failed': 0}, '_seq_no': 1, '_primary_term': 1}
[2024-09-24T12:57:50.557+0000] {base.py:271} INFO - POST http://elasticsearch:9200/milestone3/_doc [status:201 request:0.004s]
[2024-09-24T12:57:50.557+0000] {logging_mixin.py:115} INFO - {'_index': 'milestone3', '_type': '_doc', '_id': 'h1AcJJIB9Ge4CN5SCjza', '_version': 1, 'result': 'created', '_shards': {'total': 2, 'successful': 1, 'failed': 0}, '_seq_no': 2, '_primary_term': 1}
[2024-09-24T12:57:50.562+0000] {base.py:271} INFO - POST http://elasticsearch:9200/milestone3/_doc [status:201 request:0.004s]
[2024-09-24T12:57:50.562+0000] {logging_mixin.py:115} INFO - {'_index': 'milestone3', '_type': '_doc', '_id': 'iFAcJJIB9Ge4CN5SCjze', '_version': 1, 'result': 'created', '_shards': {'total': 2, 'successful': 1, 'failed': 0}, '_seq_no': 3, '_primary_term': 1}
[2024-09-24T12:57:50.568+0000] {base.py:271} INFO - POST http://elasticsearch:9200/milestone3/_doc [status:201 request:0.005s]
[2024-09-24T12:57:50.568+0000] {logging_mixin.py:115} INFO - {'_index': 'milestone3', '_type': '_doc', '_id': 'iVAcJJIB9Ge4CN5SCjzj', '_version': 1, 'result': 'created', '_shards': {'total': 2, 'successful': 1, 'failed': 0}, '_seq_no': 4, '_primary_term': 1}
[2024-09-24T12:57:50.573+0000] {base.py:271} INFO - POST http://elasticsearch:9200/milestone3/_doc [status:201 request:0.004s]
[2024-09-24T12:57:50.573+0000] {logging_mixin.py:115} INFO - {'_index': 'milestone3', '_type': '_doc', '_id': 'ilAcJJIB9Ge4CN5SCjzp', '_version': 1, 'result': 'created', '_shards': {'total': 2, 'successful': 1, 'failed': 0}, '_seq_no': 5, '_primary_term': 1}
[2024-09-24T12:57:50.577+0000] {base.py:271} INFO - POST http://elasticsearch:9200/milestone3/_doc [status:201 request:0.003s]
[2024-09-24T12:57:50.577+0000] {logging_mixin.py:115} INFO - {'_index': 'milestone3', '_type': '_doc', '_id': 'i1AcJJIB9Ge4CN5SCjzu', '_version': 1, 'result': 'created', '_shards': {'total': 2, 'successful': 1, 'failed': 0}, '_seq_no': 6, '_primary_term': 1}
[2024-09-24T12:57:50.581+0000] {base.py:271} INFO - POST http://elasticsearch:9200/milestone3/_doc [status:201 request:0.003s]
[2024-09-24T12:57:50.581+0000] {logging_mixin.py:115} INFO - {'_index': 'milestone3', '_type': '_doc', '_id': 'jFAcJJIB9Ge4CN5SCjzy', '_version': 1, 'result': 'created', '_shards': {'total': 2, 'successful': 1, 'failed': 0}, '_seq_no': 7, '_primary_term': 1}
[2024-09-24T12:57:50.584+0000] {base.py:271} INFO - POST http://elasticsearch:9200/milestone3/_doc [status:201 request:0.003s]
[2024-09-24T12:57:50.585+0000] {logging_mixin.py:115} INFO - {'_index': 'milestone3', '_type': '_doc', '_id': 'jVAcJJIB9Ge4CN5SCjz2', '_version': 1, 'result': 'created', '_shards': {'total': 2, 'successful': 1, 'failed': 0}, '_seq_no': 8, '_primary_term': 1}
[2024-09-24T12:57:50.588+0000] {base.py:271} INFO - POST http://elasticsearch:9200/milestone3/_doc [status:201 request:0.003s]
[2024-09-24T12:57:50.588+0000] {logging_mixin.py:115} INFO - {'_index': 'milestone3', '_type': '_doc', '_id': 'jlAcJJIB9Ge4CN5SCjz5', '_version': 1, 'result': 'created', '_shards': {'total': 2, 'successful': 1, 'failed': 0}, '_seq_no': 9, '_primary_term': 1}
[2024-09-24T12:57:50.591+0000] {base.py:271} INFO - POST http://elasticsearch:9200/milestone3/_doc [status:201 request:0.003s]
[2024-09-24T12:57:50.592+0000] {logging_mixin.py:115} INFO - {'_index': 'milestone3', '_type': '_doc', '_id': 'j1AcJJIB9Ge4CN5SCjz9', '_version': 1, 'result': 'created', '_shards': {'total': 2, 'successful': 1, 'failed': 0}, '_seq_no': 10, '_primary_term': 1}
[2024-09-24T12:57:50.595+0000] {base.py:271} INFO - POST http://elasticsearch:9200/milestone3/_doc [status:201 request:0.003s]
[2024-09-24T12:57:50.595+0000] {logging_mixin.py:115} INFO - {'_index': 'milestone3', '_type': '_doc', '_id': 'kFAcJJIB9Ge4CN5SCzwB', '_version': 1, 'result': 'created', '_shards': {'total': 2, 'successful': 1, 'failed': 0}, '_seq_no': 11, '_primary_term': 1}
[2024-09-24T12:57:50.600+0000] {base.py:271} INFO - POST http://elasticsearch:9200/milestone3/_doc [status:201 request:0.004s]
[2024-09-24T12:57:50.600+0000] {logging_mixin.py:115} INFO - {'_index': 'milestone3', '_type': '_doc', '_id': 'kVAcJJIB9Ge4CN5SCzwE', '_version': 1, 'result': 'created', '_shards': {'total': 2, 'successful': 1, 'failed': 0}, '_seq_no': 12, '_primary_term': 1}
[2024-09-24T12:57:50.604+0000] {base.py:271} INFO - POST http://elasticsearch:9200/milestone3/_doc [status:201 request:0.003s]
[2024-09-24T12:57:50.604+0000] {logging_mixin.py:115} INFO - {'_index': 'milestone3', '_type': '_doc', '_id': 'klAcJJIB9Ge4CN5SCzwJ', '_version': 1, 'result': 'created', '_shards': {'total': 2, 'successful': 1, 'failed': 0}, '_seq_no': 13, '_primary_term': 1}
[2024-09-24T12:57:50.608+0000] {base.py:271} INFO - POST http://elasticsearch:9200/milestone3/_doc [status:201 request:0.003s]
[2024-09-24T12:57:50.608+0000] {logging_mixin.py:115} INFO - {'_index': 'milestone3', '_type': '_doc', '_id': 'k1AcJJIB9Ge4CN5SCzwN', '_version': 1, 'result': 'created', '_shards': {'total': 2, 'successful': 1, 'failed': 0}, '_seq_no': 14, '_primary_term': 1}
[2024-09-24T12:57:50.611+0000] {base.py:271} INFO - POST http://elasticsearch:9200/milestone3/_doc [status:201 request:0.002s]
[2024-09-24T12:57:50.611+0000] {logging_mixin.py:115} INFO - {'_index': 'milestone3', '_type': '_doc', '_id': 'lFAcJJIB9Ge4CN5SCzwR', '_version': 1, 'result': 'created', '_shards': {'total': 2, 'successful': 1, 'failed': 0}, '_seq_no': 15, '_primary_term': 1}
[2024-09-24T12:57:50.614+0000] {base.py:271} INFO - POST http://elasticsearch:9200/milestone3/_doc [status:201 request:0.002s]
[2024-09-24T12:57:50.614+0000] {logging_mixin.py:115} INFO - {'_index': 'milestone3', '_type': '_doc', '_id': 'lVAcJJIB9Ge4CN5SCzwU', '_version': 1, 'result': 'created', '_shards': {'total': 2, 'successful': 1, 'failed': 0}, '_seq_no': 16, '_primary_term': 1}
[2024-09-24T12:57:50.617+0000] {base.py:271} INFO - POST http://elasticsearch:9200/milestone3/_doc [status:201 request:0.002s]
[2024-09-24T12:57:50.617+0000] {logging_mixin.py:115} INFO - {'_index': 'milestone3', '_type': '_doc', '_id': 'llAcJJIB9Ge4CN5SCzwX', '_version': 1, 'result': 'created', '_shards': {'total': 2, 'successful': 1, 'failed': 0}, '_seq_no': 17, '_primary_term': 1}
[2024-09-24T12:57:50.619+0000] {base.py:271} INFO - POST http://elasticsearch:9200/milestone3/_doc [status:201 request:0.002s]
[2024-09-24T12:57:50.619+0000] {logging_mixin.py:115} INFO - {'_index': 'milestone3', '_type': '_doc', '_id': 'l1AcJJIB9Ge4CN5SCzwZ', '_version': 1, 'result': 'created', '_shards': {'total': 2, 'successful': 1, 'failed': 0}, '_seq_no': 18, '_primary_term': 1}
[2024-09-24T12:57:50.621+0000] {base.py:271} INFO - POST http://elasticsearch:9200/milestone3/_doc [status:201 request:0.002s]
[2024-09-24T12:57:50.621+0000] {logging_mixin.py:115} INFO - {'_index': 'milestone3', '_type': '_doc', '_id': 'mFAcJJIB9Ge4CN5SCzwc', '_version': 1, 'result': 'created', '_shards': {'total': 2, 'successful': 1, 'failed': 0}, '_seq_no': 19, '_primary_term': 1}
[2024-09-24T12:57:50.624+0000] {base.py:271} INFO - POST http://elasticsearch:9200/milestone3/_doc [status:201 request:0.003s]
[2024-09-24T12:57:50.625+0000] {logging_mixin.py:115} INFO - {'_index': 'milestone3', '_type': '_doc', '_id': 'mVAcJJIB9Ge4CN5SCzwe', '_version': 1, 'result': 'created', '_shards': {'total': 2, 'successful': 1, 'failed': 0}, '_seq_no': 20, '_primary_term': 1}
[2024-09-24T12:57:50.627+0000] {base.py:271} INFO - POST http://elasticsearch:9200/milestone3/_doc [status:201 request:0.003s]
[2024-09-24T12:57:50.628+0000] {logging_mixin.py:115} INFO - {'_index': 'milestone3', '_type': '_doc', '_id': 'mlAcJJIB9Ge4CN5SCzwh', '_version': 1, 'result': 'created', '_shards': {'total': 2, 'successful': 1, 'failed': 0}, '_seq_no': 21, '_primary_term': 1}
[2024-09-24T12:57:50.630+0000] {base.py:271} INFO - POST http://elasticsearch:9200/milestone3/_doc [status:201 request:0.002s]
[2024-09-24T12:57:50.630+0000] {logging_mixin.py:115} INFO - {'_index': 'milestone3', '_type': '_doc', '_id': 'm1AcJJIB9Ge4CN5SCzwk', '_version': 1, 'result': 'created', '_shards': {'total': 2, 'successful': 1, 'failed': 0}, '_seq_no': 22, '_primary_term': 1}
[2024-09-24T12:57:50.633+0000] {base.py:271} INFO - POST http://elasticsearch:9200/milestone3/_doc [status:201 request:0.002s]
[2024-09-24T12:57:50.634+0000] {logging_mixin.py:115} INFO - {'_index': 'milestone3', '_type': '_doc', '_id': 'nFAcJJIB9Ge4CN5SCzwn', '_version': 1, 'result': 'created', '_shards': {'total': 2, 'successful': 1, 'failed': 0}, '_seq_no': 23, '_primary_term': 1}
[2024-09-24T12:57:50.636+0000] {base.py:271} INFO - POST http://elasticsearch:9200/milestone3/_doc [status:201 request:0.002s]
[2024-09-24T12:57:50.636+0000] {logging_mixin.py:115} INFO - {'_index': 'milestone3', '_type': '_doc', '_id': 'nVAcJJIB9Ge4CN5SCzwq', '_version': 1, 'result': 'created', '_shards': {'total': 2, 'successful': 1, 'failed': 0}, '_seq_no': 24, '_primary_term': 1}
[2024-09-24T12:57:50.639+0000] {base.py:271} INFO - POST http://elasticsearch:9200/milestone3/_doc [status:201 request:0.003s]
[2024-09-24T12:57:50.640+0000] {logging_mixin.py:115} INFO - {'_index': 'milestone3', '_type': '_doc', '_id': 'nlAcJJIB9Ge4CN5SCzwt', '_version': 1, 'result': 'created', '_shards': {'total': 2, 'successful': 1, 'failed': 0}, '_seq_no': 25, '_primary_term': 1}
[2024-09-24T12:57:50.642+0000] {base.py:271} INFO - POST http://elasticsearch:9200/milestone3/_doc [status:201 request:0.002s]
[2024-09-24T12:57:50.642+0000] {logging_mixin.py:115} INFO - {'_index': 'milestone3', '_type': '_doc', '_id': 'n1AcJJIB9Ge4CN5SCzww', '_version': 1, 'result': 'created', '_shards': {'total': 2, 'successful': 1, 'failed': 0}, '_seq_no': 26, '_primary_term': 1}
[2024-09-24T12:57:50.644+0000] {base.py:271} INFO - POST http://elasticsearch:9200/milestone3/_doc [status:201 request:0.002s]
[2024-09-24T12:57:50.644+0000] {logging_mixin.py:115} INFO - {'_index': 'milestone3', '_type': '_doc', '_id': 'oFAcJJIB9Ge4CN5SCzwz', '_version': 1, 'result': 'created', '_shards': {'total': 2, 'successful': 1, 'failed': 0}, '_seq_no': 27, '_primary_term': 1}
[2024-09-24T12:57:50.647+0000] {base.py:271} INFO - POST http://elasticsearch:9200/milestone3/_doc [status:201 request:0.002s]
[2024-09-24T12:57:50.647+0000] {logging_mixin.py:115} INFO - {'_index': 'milestone3', '_type': '_doc', '_id': 'oVAcJJIB9Ge4CN5SCzw1', '_version': 1, 'result': 'created', '_shards': {'total': 2, 'successful': 1, 'failed': 0}, '_seq_no': 28, '_primary_term': 1}
[2024-09-24T12:57:50.651+0000] {base.py:271} INFO - POST http://elasticsearch:9200/milestone3/_doc [status:201 request:0.003s]
[2024-09-24T12:57:50.651+0000] {logging_mixin.py:115} INFO - {'_index': 'milestone3', '_type': '_doc', '_id': 'olAcJJIB9Ge4CN5SCzw4', '_version': 1, 'result': 'created', '_shards': {'total': 2, 'successful': 1, 'failed': 0}, '_seq_no': 29, '_primary_term': 1}
[2024-09-24T12:57:50.654+0000] {base.py:271} INFO - POST http://elasticsearch:9200/milestone3/_doc [status:201 request:0.003s]
[2024-09-24T12:57:50.654+0000] {logging_mixin.py:115} INFO - {'_index': 'milestone3', '_type': '_doc', '_id': 'o1AcJJIB9Ge4CN5SCzw8', '_version': 1, 'result': 'created', '_shards': {'total': 2, 'successful': 1, 'failed': 0}, '_seq_no': 30, '_primary_term': 1}
[2024-09-24T12:57:50.657+0000] {base.py:271} INFO - POST http://elasticsearch:9200/milestone3/_doc [status:201 request:0.003s]
[2024-09-24T12:57:50.658+0000] {logging_mixin.py:115} INFO - {'_index': 'milestone3', '_type': '_doc', '_id': 'pFAcJJIB9Ge4CN5SCzw_', '_version': 1, 'result': 'created', '_shards': {'total': 2, 'successful': 1, 'failed': 0}, '_seq_no': 31, '_primary_term': 1}
[2024-09-24T12:57:50.663+0000] {base.py:271} INFO - POST http://elasticsearch:9200/milestone3/_doc [status:201 request:0.005s]
[2024-09-24T12:57:50.664+0000] {logging_mixin.py:115} INFO - {'_index': 'milestone3', '_type': '_doc', '_id': 'pVAcJJIB9Ge4CN5SCzxD', '_version': 1, 'result': 'created', '_shards': {'total': 2, 'successful': 1, 'failed': 0}, '_seq_no': 32, '_primary_term': 1}
[2024-09-24T12:57:50.669+0000] {base.py:271} INFO - POST http://elasticsearch:9200/milestone3/_doc [status:201 request:0.004s]
[2024-09-24T12:57:50.670+0000] {logging_mixin.py:115} INFO - {'_index': 'milestone3', '_type': '_doc', '_id': 'plAcJJIB9Ge4CN5SCzxJ', '_version': 1, 'result': 'created', '_shards': {'total': 2, 'successful': 1, 'failed': 0}, '_seq_no': 33, '_primary_term': 1}
[2024-09-24T12:57:50.674+0000] {base.py:271} INFO - POST http://elasticsearch:9200/milestone3/_doc [status:201 request:0.004s]
[2024-09-24T12:57:50.674+0000] {logging_mixin.py:115} INFO - {'_index': 'milestone3', '_type': '_doc', '_id': 'p1AcJJIB9Ge4CN5SCzxP', '_version': 1, 'result': 'created', '_shards': {'total': 2, 'successful': 1, 'failed': 0}, '_seq_no': 34, '_primary_term': 1}
[2024-09-24T12:57:50.677+0000] {base.py:271} INFO - POST http://elasticsearch:9200/milestone3/_doc [status:201 request:0.003s]
[2024-09-24T12:57:50.677+0000] {logging_mixin.py:115} INFO - {'_index': 'milestone3', '_type': '_doc', '_id': 'qFAcJJIB9Ge4CN5SCzxT', '_version': 1, 'result': 'created', '_shards': {'total': 2, 'successful': 1, 'failed': 0}, '_seq_no': 35, '_primary_term': 1}
[2024-09-24T12:57:50.681+0000] {base.py:271} INFO - POST http://elasticsearch:9200/milestone3/_doc [status:201 request:0.003s]
[2024-09-24T12:57:50.681+0000] {logging_mixin.py:115} INFO - {'_index': 'milestone3', '_type': '_doc', '_id': 'qVAcJJIB9Ge4CN5SCzxW', '_version': 1, 'result': 'created', '_shards': {'total': 2, 'successful': 1, 'failed': 0}, '_seq_no': 36, '_primary_term': 1}
[2024-09-24T12:57:50.685+0000] {base.py:271} INFO - POST http://elasticsearch:9200/milestone3/_doc [status:201 request:0.003s]
[2024-09-24T12:57:50.685+0000] {logging_mixin.py:115} INFO - {'_index': 'milestone3', '_type': '_doc', '_id': 'qlAcJJIB9Ge4CN5SCzxa', '_version': 1, 'result': 'created', '_shards': {'total': 2, 'successful': 1, 'failed': 0}, '_seq_no': 37, '_primary_term': 1}
[2024-09-24T12:57:50.689+0000] {base.py:271} INFO - POST http://elasticsearch:9200/milestone3/_doc [status:201 request:0.003s]
[2024-09-24T12:57:50.689+0000] {logging_mixin.py:115} INFO - {'_index': 'milestone3', '_type': '_doc', '_id': 'q1AcJJIB9Ge4CN5SCzxe', '_version': 1, 'result': 'created', '_shards': {'total': 2, 'successful': 1, 'failed': 0}, '_seq_no': 38, '_primary_term': 1}
[2024-09-24T12:57:50.691+0000] {base.py:271} INFO - POST http://elasticsearch:9200/milestone3/_doc [status:201 request:0.002s]
[2024-09-24T12:57:50.692+0000] {logging_mixin.py:115} INFO - {'_index': 'milestone3', '_type': '_doc', '_id': 'rFAcJJIB9Ge4CN5SCzxi', '_version': 1, 'result': 'created', '_shards': {'total': 2, 'successful': 1, 'failed': 0}, '_seq_no': 39, '_primary_term': 1}
[2024-09-24T12:57:50.694+0000] {base.py:271} INFO - POST http://elasticsearch:9200/milestone3/_doc [status:201 request:0.002s]
[2024-09-24T12:57:50.694+0000] {logging_mixin.py:115} INFO - {'_index': 'milestone3', '_type': '_doc', '_id': 'rVAcJJIB9Ge4CN5SCzxk', '_version': 1, 'result': 'created', '_shards': {'total': 2, 'successful': 1, 'failed': 0}, '_seq_no': 40, '_primary_term': 1}
[2024-09-24T12:57:50.696+0000] {base.py:271} INFO - POST http://elasticsearch:9200/milestone3/_doc [status:201 request:0.002s]
[2024-09-24T12:57:50.697+0000] {logging_mixin.py:115} INFO - {'_index': 'milestone3', '_type': '_doc', '_id': 'rlAcJJIB9Ge4CN5SCzxn', '_version': 1, 'result': 'created', '_shards': {'total': 2, 'successful': 1, 'failed': 0}, '_seq_no': 41, '_primary_term': 1}
[2024-09-24T12:57:50.699+0000] {base.py:271} INFO - POST http://elasticsearch:9200/milestone3/_doc [status:201 request:0.002s]
[2024-09-24T12:57:50.699+0000] {logging_mixin.py:115} INFO - {'_index': 'milestone3', '_type': '_doc', '_id': 'r1AcJJIB9Ge4CN5SCzxp', '_version': 1, 'result': 'created', '_shards': {'total': 2, 'successful': 1, 'failed': 0}, '_seq_no': 42, '_primary_term': 1}
[2024-09-24T12:57:50.701+0000] {base.py:271} INFO - POST http://elasticsearch:9200/milestone3/_doc [status:201 request:0.002s]
[2024-09-24T12:57:50.701+0000] {logging_mixin.py:115} INFO - {'_index': 'milestone3', '_type': '_doc', '_id': 'sFAcJJIB9Ge4CN5SCzxr', '_version': 1, 'result': 'created', '_shards': {'total': 2, 'successful': 1, 'failed': 0}, '_seq_no': 43, '_primary_term': 1}
[2024-09-24T12:57:50.704+0000] {base.py:271} INFO - POST http://elasticsearch:9200/milestone3/_doc [status:201 request:0.002s]
[2024-09-24T12:57:50.704+0000] {logging_mixin.py:115} INFO - {'_index': 'milestone3', '_type': '_doc', '_id': 'sVAcJJIB9Ge4CN5SCzxu', '_version': 1, 'result': 'created', '_shards': {'total': 2, 'successful': 1, 'failed': 0}, '_seq_no': 44, '_primary_term': 1}
[2024-09-24T12:57:50.706+0000] {base.py:271} INFO - POST http://elasticsearch:9200/milestone3/_doc [status:201 request:0.002s]
[2024-09-24T12:57:50.706+0000] {logging_mixin.py:115} INFO - {'_index': 'milestone3', '_type': '_doc', '_id': 'slAcJJIB9Ge4CN5SCzxw', '_version': 1, 'result': 'created', '_shards': {'total': 2, 'successful': 1, 'failed': 0}, '_seq_no': 45, '_primary_term': 1}
[2024-09-24T12:57:50.709+0000] {base.py:271} INFO - POST http://elasticsearch:9200/milestone3/_doc [status:201 request:0.002s]
[2024-09-24T12:57:50.709+0000] {logging_mixin.py:115} INFO - {'_index': 'milestone3', '_type': '_doc', '_id': 's1AcJJIB9Ge4CN5SCzxz', '_version': 1, 'result': 'created', '_shards': {'total': 2, 'successful': 1, 'failed': 0}, '_seq_no': 46, '_primary_term': 1}
[2024-09-24T12:57:50.715+0000] {base.py:271} INFO - POST http://elasticsearch:9200/milestone3/_doc [status:201 request:0.003s]
[2024-09-24T12:57:50.717+0000] {logging_mixin.py:115} INFO - {'_index': 'milestone3', '_type': '_doc', '_id': 'tFAcJJIB9Ge4CN5SCzx5', '_version': 1, 'result': 'created', '_shards': {'total': 2, 'successful': 1, 'failed': 0}, '_seq_no': 47, '_primary_term': 1}
[2024-09-24T12:57:50.720+0000] {base.py:271} INFO - POST http://elasticsearch:9200/milestone3/_doc [status:201 request:0.002s]
[2024-09-24T12:57:50.720+0000] {logging_mixin.py:115} INFO - {'_index': 'milestone3', '_type': '_doc', '_id': 'tVAcJJIB9Ge4CN5SCzx-', '_version': 1, 'result': 'created', '_shards': {'total': 2, 'successful': 1, 'failed': 0}, '_seq_no': 48, '_primary_term': 1}
[2024-09-24T12:57:50.722+0000] {base.py:271} INFO - POST http://elasticsearch:9200/milestone3/_doc [status:201 request:0.002s]
[2024-09-24T12:57:50.723+0000] {logging_mixin.py:115} INFO - {'_index': 'milestone3', '_type': '_doc', '_id': 'tlAcJJIB9Ge4CN5SCzyA', '_version': 1, 'result': 'created', '_shards': {'total': 2, 'successful': 1, 'failed': 0}, '_seq_no': 49, '_primary_term': 1}
[2024-09-24T12:57:50.725+0000] {base.py:271} INFO - POST http://elasticsearch:9200/milestone3/_doc [status:201 request:0.002s]
[2024-09-24T12:57:50.725+0000] {logging_mixin.py:115} INFO - {'_index': 'milestone3', '_type': '_doc', '_id': 't1AcJJIB9Ge4CN5SCzyD', '_version': 1, 'result': 'created', '_shards': {'total': 2, 'successful': 1, 'failed': 0}, '_seq_no': 50, '_primary_term': 1}
[2024-09-24T12:57:50.728+0000] {base.py:271} INFO - POST http://elasticsearch:9200/milestone3/_doc [status:201 request:0.002s]
[2024-09-24T12:57:50.728+0000] {logging_mixin.py:115} INFO - {'_index': 'milestone3', '_type': '_doc', '_id': 'uFAcJJIB9Ge4CN5SCzyG', '_version': 1, 'result': 'created', '_shards': {'total': 2, 'successful': 1, 'failed': 0}, '_seq_no': 51, '_primary_term': 1}
[2024-09-24T12:57:50.732+0000] {base.py:271} INFO - POST http://elasticsearch:9200/milestone3/_doc [status:201 request:0.003s]
[2024-09-24T12:57:50.733+0000] {logging_mixin.py:115} INFO - {'_index': 'milestone3', '_type': '_doc', '_id': 'uVAcJJIB9Ge4CN5SCzyK', '_version': 1, 'result': 'created', '_shards': {'total': 2, 'successful': 1, 'failed': 0}, '_seq_no': 52, '_primary_term': 1}
[2024-09-24T12:57:50.738+0000] {base.py:271} INFO - POST http://elasticsearch:9200/milestone3/_doc [status:201 request:0.005s]
[2024-09-24T12:57:50.739+0000] {logging_mixin.py:115} INFO - {'_index': 'milestone3', '_type': '_doc', '_id': 'ulAcJJIB9Ge4CN5SCzyO', '_version': 1, 'result': 'created', '_shards': {'total': 2, 'successful': 1, 'failed': 0}, '_seq_no': 53, '_primary_term': 1}
[2024-09-24T12:57:50.744+0000] {base.py:271} INFO - POST http://elasticsearch:9200/milestone3/_doc [status:201 request:0.004s]
[2024-09-24T12:57:50.745+0000] {logging_mixin.py:115} INFO - {'_index': 'milestone3', '_type': '_doc', '_id': 'u1AcJJIB9Ge4CN5SCzyW', '_version': 1, 'result': 'created', '_shards': {'total': 2, 'successful': 1, 'failed': 0}, '_seq_no': 54, '_primary_term': 1}
[2024-09-24T12:57:50.747+0000] {base.py:271} INFO - POST http://elasticsearch:9200/milestone3/_doc [status:201 request:0.002s]
[2024-09-24T12:57:50.747+0000] {logging_mixin.py:115} INFO - {'_index': 'milestone3', '_type': '_doc', '_id': 'vFAcJJIB9Ge4CN5SCzyZ', '_version': 1, 'result': 'created', '_shards': {'total': 2, 'successful': 1, 'failed': 0}, '_seq_no': 55, '_primary_term': 1}
[2024-09-24T12:57:50.750+0000] {base.py:271} INFO - POST http://elasticsearch:9200/milestone3/_doc [status:201 request:0.002s]
[2024-09-24T12:57:50.750+0000] {logging_mixin.py:115} INFO - {'_index': 'milestone3', '_type': '_doc', '_id': 'vVAcJJIB9Ge4CN5SCzyc', '_version': 1, 'result': 'created', '_shards': {'total': 2, 'successful': 1, 'failed': 0}, '_seq_no': 56, '_primary_term': 1}
[2024-09-24T12:57:50.752+0000] {base.py:271} INFO - POST http://elasticsearch:9200/milestone3/_doc [status:201 request:0.002s]
[2024-09-24T12:57:50.752+0000] {logging_mixin.py:115} INFO - {'_index': 'milestone3', '_type': '_doc', '_id': 'vlAcJJIB9Ge4CN5SCzyf', '_version': 1, 'result': 'created', '_shards': {'total': 2, 'successful': 1, 'failed': 0}, '_seq_no': 57, '_primary_term': 1}
[2024-09-24T12:57:50.754+0000] {base.py:271} INFO - POST http://elasticsearch:9200/milestone3/_doc [status:201 request:0.002s]
[2024-09-24T12:57:50.755+0000] {logging_mixin.py:115} INFO - {'_index': 'milestone3', '_type': '_doc', '_id': 'v1AcJJIB9Ge4CN5SCzyh', '_version': 1, 'result': 'created', '_shards': {'total': 2, 'successful': 1, 'failed': 0}, '_seq_no': 58, '_primary_term': 1}
[2024-09-24T12:57:50.757+0000] {base.py:271} INFO - POST http://elasticsearch:9200/milestone3/_doc [status:201 request:0.002s]
[2024-09-24T12:57:50.757+0000] {logging_mixin.py:115} INFO - {'_index': 'milestone3', '_type': '_doc', '_id': 'wFAcJJIB9Ge4CN5SCzyj', '_version': 1, 'result': 'created', '_shards': {'total': 2, 'successful': 1, 'failed': 0}, '_seq_no': 59, '_primary_term': 1}
[2024-09-24T12:57:50.759+0000] {base.py:271} INFO - POST http://elasticsearch:9200/milestone3/_doc [status:201 request:0.002s]
[2024-09-24T12:57:50.759+0000] {logging_mixin.py:115} INFO - {'_index': 'milestone3', '_type': '_doc', '_id': 'wVAcJJIB9Ge4CN5SCzym', '_version': 1, 'result': 'created', '_shards': {'total': 2, 'successful': 1, 'failed': 0}, '_seq_no': 60, '_primary_term': 1}
[2024-09-24T12:57:50.761+0000] {base.py:271} INFO - POST http://elasticsearch:9200/milestone3/_doc [status:201 request:0.002s]
[2024-09-24T12:57:50.761+0000] {logging_mixin.py:115} INFO - {'_index': 'milestone3', '_type': '_doc', '_id': 'wlAcJJIB9Ge4CN5SCzyo', '_version': 1, 'result': 'created', '_shards': {'total': 2, 'successful': 1, 'failed': 0}, '_seq_no': 61, '_primary_term': 1}
[2024-09-24T12:57:50.764+0000] {base.py:271} INFO - POST http://elasticsearch:9200/milestone3/_doc [status:201 request:0.002s]
[2024-09-24T12:57:50.764+0000] {logging_mixin.py:115} INFO - {'_index': 'milestone3', '_type': '_doc', '_id': 'w1AcJJIB9Ge4CN5SCzyq', '_version': 1, 'result': 'created', '_shards': {'total': 2, 'successful': 1, 'failed': 0}, '_seq_no': 62, '_primary_term': 1}
[2024-09-24T12:57:50.766+0000] {base.py:271} INFO - POST http://elasticsearch:9200/milestone3/_doc [status:201 request:0.002s]
[2024-09-24T12:57:50.767+0000] {logging_mixin.py:115} INFO - {'_index': 'milestone3', '_type': '_doc', '_id': 'xFAcJJIB9Ge4CN5SCzyt', '_version': 1, 'result': 'created', '_shards': {'total': 2, 'successful': 1, 'failed': 0}, '_seq_no': 63, '_primary_term': 1}
[2024-09-24T12:57:50.769+0000] {base.py:271} INFO - POST http://elasticsearch:9200/milestone3/_doc [status:201 request:0.002s]
[2024-09-24T12:57:50.769+0000] {logging_mixin.py:115} INFO - {'_index': 'milestone3', '_type': '_doc', '_id': 'xVAcJJIB9Ge4CN5SCzyv', '_version': 1, 'result': 'created', '_shards': {'total': 2, 'successful': 1, 'failed': 0}, '_seq_no': 64, '_primary_term': 1}
[2024-09-24T12:57:50.771+0000] {base.py:271} INFO - POST http://elasticsearch:9200/milestone3/_doc [status:201 request:0.002s]
[2024-09-24T12:57:50.772+0000] {logging_mixin.py:115} INFO - {'_index': 'milestone3', '_type': '_doc', '_id': 'xlAcJJIB9Ge4CN5SCzyy', '_version': 1, 'result': 'created', '_shards': {'total': 2, 'successful': 1, 'failed': 0}, '_seq_no': 65, '_primary_term': 1}
[2024-09-24T12:57:50.774+0000] {base.py:271} INFO - POST http://elasticsearch:9200/milestone3/_doc [status:201 request:0.002s]
[2024-09-24T12:57:50.774+0000] {logging_mixin.py:115} INFO - {'_index': 'milestone3', '_type': '_doc', '_id': 'x1AcJJIB9Ge4CN5SCzy0', '_version': 1, 'result': 'created', '_shards': {'total': 2, 'successful': 1, 'failed': 0}, '_seq_no': 66, '_primary_term': 1}
[2024-09-24T12:57:50.776+0000] {base.py:271} INFO - POST http://elasticsearch:9200/milestone3/_doc [status:201 request:0.002s]
[2024-09-24T12:57:50.776+0000] {logging_mixin.py:115} INFO - {'_index': 'milestone3', '_type': '_doc', '_id': 'yFAcJJIB9Ge4CN5SCzy2', '_version': 1, 'result': 'created', '_shards': {'total': 2, 'successful': 1, 'failed': 0}, '_seq_no': 67, '_primary_term': 1}
[2024-09-24T12:57:50.778+0000] {base.py:271} INFO - POST http://elasticsearch:9200/milestone3/_doc [status:201 request:0.002s]
[2024-09-24T12:57:50.778+0000] {logging_mixin.py:115} INFO - {'_index': 'milestone3', '_type': '_doc', '_id': 'yVAcJJIB9Ge4CN5SCzy4', '_version': 1, 'result': 'created', '_shards': {'total': 2, 'successful': 1, 'failed': 0}, '_seq_no': 68, '_primary_term': 1}
[2024-09-24T12:57:50.780+0000] {base.py:271} INFO - POST http://elasticsearch:9200/milestone3/_doc [status:201 request:0.002s]
[2024-09-24T12:57:50.780+0000] {logging_mixin.py:115} INFO - {'_index': 'milestone3', '_type': '_doc', '_id': 'ylAcJJIB9Ge4CN5SCzy7', '_version': 1, 'result': 'created', '_shards': {'total': 2, 'successful': 1, 'failed': 0}, '_seq_no': 69, '_primary_term': 1}
[2024-09-24T12:57:50.782+0000] {base.py:271} INFO - POST http://elasticsearch:9200/milestone3/_doc [status:201 request:0.002s]
[2024-09-24T12:57:50.783+0000] {logging_mixin.py:115} INFO - {'_index': 'milestone3', '_type': '_doc', '_id': 'y1AcJJIB9Ge4CN5SCzy9', '_version': 1, 'result': 'created', '_shards': {'total': 2, 'successful': 1, 'failed': 0}, '_seq_no': 70, '_primary_term': 1}
[2024-09-24T12:57:50.785+0000] {base.py:271} INFO - POST http://elasticsearch:9200/milestone3/_doc [status:201 request:0.002s]
[2024-09-24T12:57:50.785+0000] {logging_mixin.py:115} INFO - {'_index': 'milestone3', '_type': '_doc', '_id': 'zFAcJJIB9Ge4CN5SCzy_', '_version': 1, 'result': 'created', '_shards': {'total': 2, 'successful': 1, 'failed': 0}, '_seq_no': 71, '_primary_term': 1}
[2024-09-24T12:57:50.787+0000] {base.py:271} INFO - POST http://elasticsearch:9200/milestone3/_doc [status:201 request:0.002s]
[2024-09-24T12:57:50.787+0000] {logging_mixin.py:115} INFO - {'_index': 'milestone3', '_type': '_doc', '_id': 'zVAcJJIB9Ge4CN5SCzzB', '_version': 1, 'result': 'created', '_shards': {'total': 2, 'successful': 1, 'failed': 0}, '_seq_no': 72, '_primary_term': 1}
[2024-09-24T12:57:50.790+0000] {base.py:271} INFO - POST http://elasticsearch:9200/milestone3/_doc [status:201 request:0.002s]
[2024-09-24T12:57:50.790+0000] {logging_mixin.py:115} INFO - {'_index': 'milestone3', '_type': '_doc', '_id': 'zlAcJJIB9Ge4CN5SCzzE', '_version': 1, 'result': 'created', '_shards': {'total': 2, 'successful': 1, 'failed': 0}, '_seq_no': 73, '_primary_term': 1}
[2024-09-24T12:57:50.792+0000] {base.py:271} INFO - POST http://elasticsearch:9200/milestone3/_doc [status:201 request:0.002s]
[2024-09-24T12:57:50.792+0000] {logging_mixin.py:115} INFO - {'_index': 'milestone3', '_type': '_doc', '_id': 'z1AcJJIB9Ge4CN5SCzzH', '_version': 1, 'result': 'created', '_shards': {'total': 2, 'successful': 1, 'failed': 0}, '_seq_no': 74, '_primary_term': 1}
[2024-09-24T12:57:50.795+0000] {base.py:271} INFO - POST http://elasticsearch:9200/milestone3/_doc [status:201 request:0.002s]
[2024-09-24T12:57:50.795+0000] {logging_mixin.py:115} INFO - {'_index': 'milestone3', '_type': '_doc', '_id': '0FAcJJIB9Ge4CN5SCzzJ', '_version': 1, 'result': 'created', '_shards': {'total': 2, 'successful': 1, 'failed': 0}, '_seq_no': 75, '_primary_term': 1}
[2024-09-24T12:57:50.797+0000] {base.py:271} INFO - POST http://elasticsearch:9200/milestone3/_doc [status:201 request:0.002s]
[2024-09-24T12:57:50.797+0000] {logging_mixin.py:115} INFO - {'_index': 'milestone3', '_type': '_doc', '_id': '0VAcJJIB9Ge4CN5SCzzL', '_version': 1, 'result': 'created', '_shards': {'total': 2, 'successful': 1, 'failed': 0}, '_seq_no': 76, '_primary_term': 1}
[2024-09-24T12:57:50.799+0000] {base.py:271} INFO - POST http://elasticsearch:9200/milestone3/_doc [status:201 request:0.002s]
[2024-09-24T12:57:50.800+0000] {logging_mixin.py:115} INFO - {'_index': 'milestone3', '_type': '_doc', '_id': '0lAcJJIB9Ge4CN5SCzzO', '_version': 1, 'result': 'created', '_shards': {'total': 2, 'successful': 1, 'failed': 0}, '_seq_no': 77, '_primary_term': 1}
[2024-09-24T12:57:50.802+0000] {base.py:271} INFO - POST http://elasticsearch:9200/milestone3/_doc [status:201 request:0.002s]
[2024-09-24T12:57:50.802+0000] {logging_mixin.py:115} INFO - {'_index': 'milestone3', '_type': '_doc', '_id': '01AcJJIB9Ge4CN5SCzzQ', '_version': 1, 'result': 'created', '_shards': {'total': 2, 'successful': 1, 'failed': 0}, '_seq_no': 78, '_primary_term': 1}
[2024-09-24T12:57:50.805+0000] {base.py:271} INFO - POST http://elasticsearch:9200/milestone3/_doc [status:201 request:0.002s]
[2024-09-24T12:57:50.805+0000] {logging_mixin.py:115} INFO - {'_index': 'milestone3', '_type': '_doc', '_id': '1FAcJJIB9Ge4CN5SCzzS', '_version': 1, 'result': 'created', '_shards': {'total': 2, 'successful': 1, 'failed': 0}, '_seq_no': 79, '_primary_term': 1}
[2024-09-24T12:57:50.809+0000] {base.py:271} INFO - POST http://elasticsearch:9200/milestone3/_doc [status:201 request:0.003s]
[2024-09-24T12:57:50.809+0000] {logging_mixin.py:115} INFO - {'_index': 'milestone3', '_type': '_doc', '_id': '1VAcJJIB9Ge4CN5SCzzW', '_version': 1, 'result': 'created', '_shards': {'total': 2, 'successful': 1, 'failed': 0}, '_seq_no': 80, '_primary_term': 1}
[2024-09-24T12:57:50.820+0000] {base.py:271} INFO - POST http://elasticsearch:9200/milestone3/_doc [status:201 request:0.010s]
[2024-09-24T12:57:50.821+0000] {logging_mixin.py:115} INFO - {'_index': 'milestone3', '_type': '_doc', '_id': '1lAcJJIB9Ge4CN5SCzzc', '_version': 1, 'result': 'created', '_shards': {'total': 2, 'successful': 1, 'failed': 0}, '_seq_no': 81, '_primary_term': 1}
[2024-09-24T12:57:50.829+0000] {base.py:271} INFO - POST http://elasticsearch:9200/milestone3/_doc [status:201 request:0.006s]
[2024-09-24T12:57:50.829+0000] {logging_mixin.py:115} INFO - {'_index': 'milestone3', '_type': '_doc', '_id': '11AcJJIB9Ge4CN5SCzzo', '_version': 1, 'result': 'created', '_shards': {'total': 2, 'successful': 1, 'failed': 0}, '_seq_no': 82, '_primary_term': 1}
[2024-09-24T12:57:50.833+0000] {base.py:271} INFO - POST http://elasticsearch:9200/milestone3/_doc [status:201 request:0.004s]
[2024-09-24T12:57:50.834+0000] {logging_mixin.py:115} INFO - {'_index': 'milestone3', '_type': '_doc', '_id': '2FAcJJIB9Ge4CN5SCzzu', '_version': 1, 'result': 'created', '_shards': {'total': 2, 'successful': 1, 'failed': 0}, '_seq_no': 83, '_primary_term': 1}
[2024-09-24T12:57:50.837+0000] {base.py:271} INFO - POST http://elasticsearch:9200/milestone3/_doc [status:201 request:0.003s]
[2024-09-24T12:57:50.837+0000] {logging_mixin.py:115} INFO - {'_index': 'milestone3', '_type': '_doc', '_id': '2VAcJJIB9Ge4CN5SCzzz', '_version': 1, 'result': 'created', '_shards': {'total': 2, 'successful': 1, 'failed': 0}, '_seq_no': 84, '_primary_term': 1}
[2024-09-24T12:57:50.841+0000] {base.py:271} INFO - POST http://elasticsearch:9200/milestone3/_doc [status:201 request:0.003s]
[2024-09-24T12:57:50.841+0000] {logging_mixin.py:115} INFO - {'_index': 'milestone3', '_type': '_doc', '_id': '2lAcJJIB9Ge4CN5SCzz2', '_version': 1, 'result': 'created', '_shards': {'total': 2, 'successful': 1, 'failed': 0}, '_seq_no': 85, '_primary_term': 1}
[2024-09-24T12:57:50.844+0000] {base.py:271} INFO - POST http://elasticsearch:9200/milestone3/_doc [status:201 request:0.003s]
[2024-09-24T12:57:50.845+0000] {logging_mixin.py:115} INFO - {'_index': 'milestone3', '_type': '_doc', '_id': '21AcJJIB9Ge4CN5SCzz6', '_version': 1, 'result': 'created', '_shards': {'total': 2, 'successful': 1, 'failed': 0}, '_seq_no': 86, '_primary_term': 1}
[2024-09-24T12:57:50.848+0000] {base.py:271} INFO - POST http://elasticsearch:9200/milestone3/_doc [status:201 request:0.003s]
[2024-09-24T12:57:50.848+0000] {logging_mixin.py:115} INFO - {'_index': 'milestone3', '_type': '_doc', '_id': '3FAcJJIB9Ge4CN5SCzz9', '_version': 1, 'result': 'created', '_shards': {'total': 2, 'successful': 1, 'failed': 0}, '_seq_no': 87, '_primary_term': 1}
[2024-09-24T12:57:50.851+0000] {base.py:271} INFO - POST http://elasticsearch:9200/milestone3/_doc [status:201 request:0.003s]
[2024-09-24T12:57:50.853+0000] {logging_mixin.py:115} INFO - {'_index': 'milestone3', '_type': '_doc', '_id': '3VAcJJIB9Ge4CN5SDDwB', '_version': 1, 'result': 'created', '_shards': {'total': 2, 'successful': 1, 'failed': 0}, '_seq_no': 88, '_primary_term': 1}
[2024-09-24T12:57:50.860+0000] {base.py:271} INFO - POST http://elasticsearch:9200/milestone3/_doc [status:201 request:0.007s]
[2024-09-24T12:57:50.861+0000] {logging_mixin.py:115} INFO - {'_index': 'milestone3', '_type': '_doc', '_id': '3lAcJJIB9Ge4CN5SDDwG', '_version': 1, 'result': 'created', '_shards': {'total': 2, 'successful': 1, 'failed': 0}, '_seq_no': 89, '_primary_term': 1}
[2024-09-24T12:57:50.863+0000] {base.py:271} INFO - POST http://elasticsearch:9200/milestone3/_doc [status:201 request:0.002s]
[2024-09-24T12:57:50.863+0000] {logging_mixin.py:115} INFO - {'_index': 'milestone3', '_type': '_doc', '_id': '31AcJJIB9Ge4CN5SDDwN', '_version': 1, 'result': 'created', '_shards': {'total': 2, 'successful': 1, 'failed': 0}, '_seq_no': 90, '_primary_term': 1}
[2024-09-24T12:57:50.866+0000] {base.py:271} INFO - POST http://elasticsearch:9200/milestone3/_doc [status:201 request:0.002s]
[2024-09-24T12:57:50.866+0000] {logging_mixin.py:115} INFO - {'_index': 'milestone3', '_type': '_doc', '_id': '4FAcJJIB9Ge4CN5SDDwQ', '_version': 1, 'result': 'created', '_shards': {'total': 2, 'successful': 1, 'failed': 0}, '_seq_no': 91, '_primary_term': 1}
[2024-09-24T12:57:50.868+0000] {base.py:271} INFO - POST http://elasticsearch:9200/milestone3/_doc [status:201 request:0.002s]
[2024-09-24T12:57:50.868+0000] {logging_mixin.py:115} INFO - {'_index': 'milestone3', '_type': '_doc', '_id': '4VAcJJIB9Ge4CN5SDDwT', '_version': 1, 'result': 'created', '_shards': {'total': 2, 'successful': 1, 'failed': 0}, '_seq_no': 92, '_primary_term': 1}
[2024-09-24T12:57:50.871+0000] {base.py:271} INFO - POST http://elasticsearch:9200/milestone3/_doc [status:201 request:0.002s]
[2024-09-24T12:57:50.871+0000] {logging_mixin.py:115} INFO - {'_index': 'milestone3', '_type': '_doc', '_id': '4lAcJJIB9Ge4CN5SDDwV', '_version': 1, 'result': 'created', '_shards': {'total': 2, 'successful': 1, 'failed': 0}, '_seq_no': 93, '_primary_term': 1}
[2024-09-24T12:57:50.873+0000] {base.py:271} INFO - POST http://elasticsearch:9200/milestone3/_doc [status:201 request:0.002s]
[2024-09-24T12:57:50.873+0000] {logging_mixin.py:115} INFO - {'_index': 'milestone3', '_type': '_doc', '_id': '41AcJJIB9Ge4CN5SDDwX', '_version': 1, 'result': 'created', '_shards': {'total': 2, 'successful': 1, 'failed': 0}, '_seq_no': 94, '_primary_term': 1}
[2024-09-24T12:57:50.875+0000] {base.py:271} INFO - POST http://elasticsearch:9200/milestone3/_doc [status:201 request:0.002s]
[2024-09-24T12:57:50.875+0000] {logging_mixin.py:115} INFO - {'_index': 'milestone3', '_type': '_doc', '_id': '5FAcJJIB9Ge4CN5SDDwa', '_version': 1, 'result': 'created', '_shards': {'total': 2, 'successful': 1, 'failed': 0}, '_seq_no': 95, '_primary_term': 1}
[2024-09-24T12:57:50.878+0000] {base.py:271} INFO - POST http://elasticsearch:9200/milestone3/_doc [status:201 request:0.002s]
[2024-09-24T12:57:50.878+0000] {logging_mixin.py:115} INFO - {'_index': 'milestone3', '_type': '_doc', '_id': '5VAcJJIB9Ge4CN5SDDwc', '_version': 1, 'result': 'created', '_shards': {'total': 2, 'successful': 1, 'failed': 0}, '_seq_no': 96, '_primary_term': 1}
[2024-09-24T12:57:50.880+0000] {base.py:271} INFO - POST http://elasticsearch:9200/milestone3/_doc [status:201 request:0.002s]
[2024-09-24T12:57:50.880+0000] {logging_mixin.py:115} INFO - {'_index': 'milestone3', '_type': '_doc', '_id': '5lAcJJIB9Ge4CN5SDDwe', '_version': 1, 'result': 'created', '_shards': {'total': 2, 'successful': 1, 'failed': 0}, '_seq_no': 97, '_primary_term': 1}
[2024-09-24T12:57:50.882+0000] {base.py:271} INFO - POST http://elasticsearch:9200/milestone3/_doc [status:201 request:0.002s]
[2024-09-24T12:57:50.882+0000] {logging_mixin.py:115} INFO - {'_index': 'milestone3', '_type': '_doc', '_id': '51AcJJIB9Ge4CN5SDDwh', '_version': 1, 'result': 'created', '_shards': {'total': 2, 'successful': 1, 'failed': 0}, '_seq_no': 98, '_primary_term': 1}
[2024-09-24T12:57:50.884+0000] {base.py:271} INFO - POST http://elasticsearch:9200/milestone3/_doc [status:201 request:0.002s]
[2024-09-24T12:57:50.885+0000] {logging_mixin.py:115} INFO - {'_index': 'milestone3', '_type': '_doc', '_id': '6FAcJJIB9Ge4CN5SDDwj', '_version': 1, 'result': 'created', '_shards': {'total': 2, 'successful': 1, 'failed': 0}, '_seq_no': 99, '_primary_term': 1}
[2024-09-24T12:57:50.887+0000] {base.py:271} INFO - POST http://elasticsearch:9200/milestone3/_doc [status:201 request:0.002s]
[2024-09-24T12:57:50.887+0000] {logging_mixin.py:115} INFO - {'_index': 'milestone3', '_type': '_doc', '_id': '6VAcJJIB9Ge4CN5SDDwl', '_version': 1, 'result': 'created', '_shards': {'total': 2, 'successful': 1, 'failed': 0}, '_seq_no': 100, '_primary_term': 1}
[2024-09-24T12:57:50.889+0000] {base.py:271} INFO - POST http://elasticsearch:9200/milestone3/_doc [status:201 request:0.002s]
[2024-09-24T12:57:50.889+0000] {logging_mixin.py:115} INFO - {'_index': 'milestone3', '_type': '_doc', '_id': '6lAcJJIB9Ge4CN5SDDwo', '_version': 1, 'result': 'created', '_shards': {'total': 2, 'successful': 1, 'failed': 0}, '_seq_no': 101, '_primary_term': 1}
[2024-09-24T12:57:50.891+0000] {base.py:271} INFO - POST http://elasticsearch:9200/milestone3/_doc [status:201 request:0.002s]
[2024-09-24T12:57:50.892+0000] {logging_mixin.py:115} INFO - {'_index': 'milestone3', '_type': '_doc', '_id': '61AcJJIB9Ge4CN5SDDwq', '_version': 1, 'result': 'created', '_shards': {'total': 2, 'successful': 1, 'failed': 0}, '_seq_no': 102, '_primary_term': 1}
[2024-09-24T12:57:50.894+0000] {base.py:271} INFO - POST http://elasticsearch:9200/milestone3/_doc [status:201 request:0.002s]
[2024-09-24T12:57:50.894+0000] {logging_mixin.py:115} INFO - {'_index': 'milestone3', '_type': '_doc', '_id': '7FAcJJIB9Ge4CN5SDDws', '_version': 1, 'result': 'created', '_shards': {'total': 2, 'successful': 1, 'failed': 0}, '_seq_no': 103, '_primary_term': 1}
[2024-09-24T12:57:50.896+0000] {base.py:271} INFO - POST http://elasticsearch:9200/milestone3/_doc [status:201 request:0.002s]
[2024-09-24T12:57:50.896+0000] {logging_mixin.py:115} INFO - {'_index': 'milestone3', '_type': '_doc', '_id': '7VAcJJIB9Ge4CN5SDDwu', '_version': 1, 'result': 'created', '_shards': {'total': 2, 'successful': 1, 'failed': 0}, '_seq_no': 104, '_primary_term': 1}
[2024-09-24T12:57:50.898+0000] {base.py:271} INFO - POST http://elasticsearch:9200/milestone3/_doc [status:201 request:0.002s]
[2024-09-24T12:57:50.898+0000] {logging_mixin.py:115} INFO - {'_index': 'milestone3', '_type': '_doc', '_id': '7lAcJJIB9Ge4CN5SDDww', '_version': 1, 'result': 'created', '_shards': {'total': 2, 'successful': 1, 'failed': 0}, '_seq_no': 105, '_primary_term': 1}
[2024-09-24T12:57:50.900+0000] {base.py:271} INFO - POST http://elasticsearch:9200/milestone3/_doc [status:201 request:0.002s]
[2024-09-24T12:57:50.901+0000] {logging_mixin.py:115} INFO - {'_index': 'milestone3', '_type': '_doc', '_id': '71AcJJIB9Ge4CN5SDDwz', '_version': 1, 'result': 'created', '_shards': {'total': 2, 'successful': 1, 'failed': 0}, '_seq_no': 106, '_primary_term': 1}
[2024-09-24T12:57:50.903+0000] {base.py:271} INFO - POST http://elasticsearch:9200/milestone3/_doc [status:201 request:0.002s]
[2024-09-24T12:57:50.903+0000] {logging_mixin.py:115} INFO - {'_index': 'milestone3', '_type': '_doc', '_id': '8FAcJJIB9Ge4CN5SDDw1', '_version': 1, 'result': 'created', '_shards': {'total': 2, 'successful': 1, 'failed': 0}, '_seq_no': 107, '_primary_term': 1}
[2024-09-24T12:57:50.905+0000] {base.py:271} INFO - POST http://elasticsearch:9200/milestone3/_doc [status:201 request:0.002s]
[2024-09-24T12:57:50.905+0000] {logging_mixin.py:115} INFO - {'_index': 'milestone3', '_type': '_doc', '_id': '8VAcJJIB9Ge4CN5SDDw3', '_version': 1, 'result': 'created', '_shards': {'total': 2, 'successful': 1, 'failed': 0}, '_seq_no': 108, '_primary_term': 1}
[2024-09-24T12:57:50.907+0000] {base.py:271} INFO - POST http://elasticsearch:9200/milestone3/_doc [status:201 request:0.002s]
[2024-09-24T12:57:50.907+0000] {logging_mixin.py:115} INFO - {'_index': 'milestone3', '_type': '_doc', '_id': '8lAcJJIB9Ge4CN5SDDw6', '_version': 1, 'result': 'created', '_shards': {'total': 2, 'successful': 1, 'failed': 0}, '_seq_no': 109, '_primary_term': 1}
[2024-09-24T12:57:50.909+0000] {base.py:271} INFO - POST http://elasticsearch:9200/milestone3/_doc [status:201 request:0.002s]
[2024-09-24T12:57:50.910+0000] {logging_mixin.py:115} INFO - {'_index': 'milestone3', '_type': '_doc', '_id': '81AcJJIB9Ge4CN5SDDw8', '_version': 1, 'result': 'created', '_shards': {'total': 2, 'successful': 1, 'failed': 0}, '_seq_no': 110, '_primary_term': 1}
[2024-09-24T12:57:50.912+0000] {base.py:271} INFO - POST http://elasticsearch:9200/milestone3/_doc [status:201 request:0.002s]
[2024-09-24T12:57:50.912+0000] {logging_mixin.py:115} INFO - {'_index': 'milestone3', '_type': '_doc', '_id': '9FAcJJIB9Ge4CN5SDDw-', '_version': 1, 'result': 'created', '_shards': {'total': 2, 'successful': 1, 'failed': 0}, '_seq_no': 111, '_primary_term': 1}
[2024-09-24T12:57:50.914+0000] {base.py:271} INFO - POST http://elasticsearch:9200/milestone3/_doc [status:201 request:0.002s]
[2024-09-24T12:57:50.915+0000] {logging_mixin.py:115} INFO - {'_index': 'milestone3', '_type': '_doc', '_id': '9VAcJJIB9Ge4CN5SDDxB', '_version': 1, 'result': 'created', '_shards': {'total': 2, 'successful': 1, 'failed': 0}, '_seq_no': 112, '_primary_term': 1}
[2024-09-24T12:57:50.917+0000] {base.py:271} INFO - POST http://elasticsearch:9200/milestone3/_doc [status:201 request:0.002s]
[2024-09-24T12:57:50.917+0000] {logging_mixin.py:115} INFO - {'_index': 'milestone3', '_type': '_doc', '_id': '9lAcJJIB9Ge4CN5SDDxD', '_version': 1, 'result': 'created', '_shards': {'total': 2, 'successful': 1, 'failed': 0}, '_seq_no': 113, '_primary_term': 1}
[2024-09-24T12:57:50.920+0000] {base.py:271} INFO - POST http://elasticsearch:9200/milestone3/_doc [status:201 request:0.003s]
[2024-09-24T12:57:50.921+0000] {logging_mixin.py:115} INFO - {'_index': 'milestone3', '_type': '_doc', '_id': '91AcJJIB9Ge4CN5SDDxG', '_version': 1, 'result': 'created', '_shards': {'total': 2, 'successful': 1, 'failed': 0}, '_seq_no': 114, '_primary_term': 1}
[2024-09-24T12:57:50.923+0000] {base.py:271} INFO - POST http://elasticsearch:9200/milestone3/_doc [status:201 request:0.002s]
[2024-09-24T12:57:50.923+0000] {logging_mixin.py:115} INFO - {'_index': 'milestone3', '_type': '_doc', '_id': '-FAcJJIB9Ge4CN5SDDxJ', '_version': 1, 'result': 'created', '_shards': {'total': 2, 'successful': 1, 'failed': 0}, '_seq_no': 115, '_primary_term': 1}
[2024-09-24T12:57:50.926+0000] {base.py:271} INFO - POST http://elasticsearch:9200/milestone3/_doc [status:201 request:0.003s]
[2024-09-24T12:57:50.927+0000] {logging_mixin.py:115} INFO - {'_index': 'milestone3', '_type': '_doc', '_id': '-VAcJJIB9Ge4CN5SDDxM', '_version': 1, 'result': 'created', '_shards': {'total': 2, 'successful': 1, 'failed': 0}, '_seq_no': 116, '_primary_term': 1}
[2024-09-24T12:57:50.930+0000] {base.py:271} INFO - POST http://elasticsearch:9200/milestone3/_doc [status:201 request:0.003s]
[2024-09-24T12:57:50.930+0000] {logging_mixin.py:115} INFO - {'_index': 'milestone3', '_type': '_doc', '_id': '-lAcJJIB9Ge4CN5SDDxP', '_version': 1, 'result': 'created', '_shards': {'total': 2, 'successful': 1, 'failed': 0}, '_seq_no': 117, '_primary_term': 1}
[2024-09-24T12:57:50.933+0000] {base.py:271} INFO - POST http://elasticsearch:9200/milestone3/_doc [status:201 request:0.003s]
[2024-09-24T12:57:50.933+0000] {logging_mixin.py:115} INFO - {'_index': 'milestone3', '_type': '_doc', '_id': '-1AcJJIB9Ge4CN5SDDxT', '_version': 1, 'result': 'created', '_shards': {'total': 2, 'successful': 1, 'failed': 0}, '_seq_no': 118, '_primary_term': 1}
[2024-09-24T12:57:50.936+0000] {base.py:271} INFO - POST http://elasticsearch:9200/milestone3/_doc [status:201 request:0.002s]
[2024-09-24T12:57:50.936+0000] {logging_mixin.py:115} INFO - {'_index': 'milestone3', '_type': '_doc', '_id': '_FAcJJIB9Ge4CN5SDDxW', '_version': 1, 'result': 'created', '_shards': {'total': 2, 'successful': 1, 'failed': 0}, '_seq_no': 119, '_primary_term': 1}
[2024-09-24T12:57:50.938+0000] {base.py:271} INFO - POST http://elasticsearch:9200/milestone3/_doc [status:201 request:0.002s]
[2024-09-24T12:57:50.938+0000] {logging_mixin.py:115} INFO - {'_index': 'milestone3', '_type': '_doc', '_id': '_VAcJJIB9Ge4CN5SDDxZ', '_version': 1, 'result': 'created', '_shards': {'total': 2, 'successful': 1, 'failed': 0}, '_seq_no': 120, '_primary_term': 1}
[2024-09-24T12:57:50.941+0000] {base.py:271} INFO - POST http://elasticsearch:9200/milestone3/_doc [status:201 request:0.002s]
[2024-09-24T12:57:50.941+0000] {logging_mixin.py:115} INFO - {'_index': 'milestone3', '_type': '_doc', '_id': '_lAcJJIB9Ge4CN5SDDxb', '_version': 1, 'result': 'created', '_shards': {'total': 2, 'successful': 1, 'failed': 0}, '_seq_no': 121, '_primary_term': 1}
[2024-09-24T12:57:50.943+0000] {base.py:271} INFO - POST http://elasticsearch:9200/milestone3/_doc [status:201 request:0.002s]
[2024-09-24T12:57:50.944+0000] {logging_mixin.py:115} INFO - {'_index': 'milestone3', '_type': '_doc', '_id': '_1AcJJIB9Ge4CN5SDDxd', '_version': 1, 'result': 'created', '_shards': {'total': 2, 'successful': 1, 'failed': 0}, '_seq_no': 122, '_primary_term': 1}
[2024-09-24T12:57:50.946+0000] {base.py:271} INFO - POST http://elasticsearch:9200/milestone3/_doc [status:201 request:0.002s]
[2024-09-24T12:57:50.946+0000] {logging_mixin.py:115} INFO - {'_index': 'milestone3', '_type': '_doc', '_id': 'AFAcJJIB9Ge4CN5SDD1g', '_version': 1, 'result': 'created', '_shards': {'total': 2, 'successful': 1, 'failed': 0}, '_seq_no': 123, '_primary_term': 1}
[2024-09-24T12:57:50.949+0000] {base.py:271} INFO - POST http://elasticsearch:9200/milestone3/_doc [status:201 request:0.002s]
[2024-09-24T12:57:50.949+0000] {logging_mixin.py:115} INFO - {'_index': 'milestone3', '_type': '_doc', '_id': 'AVAcJJIB9Ge4CN5SDD1j', '_version': 1, 'result': 'created', '_shards': {'total': 2, 'successful': 1, 'failed': 0}, '_seq_no': 124, '_primary_term': 1}
[2024-09-24T12:57:50.951+0000] {base.py:271} INFO - POST http://elasticsearch:9200/milestone3/_doc [status:201 request:0.002s]
[2024-09-24T12:57:50.951+0000] {logging_mixin.py:115} INFO - {'_index': 'milestone3', '_type': '_doc', '_id': 'AlAcJJIB9Ge4CN5SDD1m', '_version': 1, 'result': 'created', '_shards': {'total': 2, 'successful': 1, 'failed': 0}, '_seq_no': 125, '_primary_term': 1}
[2024-09-24T12:57:50.954+0000] {base.py:271} INFO - POST http://elasticsearch:9200/milestone3/_doc [status:201 request:0.002s]
[2024-09-24T12:57:50.954+0000] {logging_mixin.py:115} INFO - {'_index': 'milestone3', '_type': '_doc', '_id': 'A1AcJJIB9Ge4CN5SDD1o', '_version': 1, 'result': 'created', '_shards': {'total': 2, 'successful': 1, 'failed': 0}, '_seq_no': 126, '_primary_term': 1}
[2024-09-24T12:57:50.957+0000] {base.py:271} INFO - POST http://elasticsearch:9200/milestone3/_doc [status:201 request:0.003s]
[2024-09-24T12:57:50.957+0000] {logging_mixin.py:115} INFO - {'_index': 'milestone3', '_type': '_doc', '_id': 'BFAcJJIB9Ge4CN5SDD1r', '_version': 1, 'result': 'created', '_shards': {'total': 2, 'successful': 1, 'failed': 0}, '_seq_no': 127, '_primary_term': 1}
[2024-09-24T12:57:50.960+0000] {base.py:271} INFO - POST http://elasticsearch:9200/milestone3/_doc [status:201 request:0.002s]
[2024-09-24T12:57:50.960+0000] {logging_mixin.py:115} INFO - {'_index': 'milestone3', '_type': '_doc', '_id': 'BVAcJJIB9Ge4CN5SDD1u', '_version': 1, 'result': 'created', '_shards': {'total': 2, 'successful': 1, 'failed': 0}, '_seq_no': 128, '_primary_term': 1}
[2024-09-24T12:57:50.962+0000] {base.py:271} INFO - POST http://elasticsearch:9200/milestone3/_doc [status:201 request:0.002s]
[2024-09-24T12:57:50.962+0000] {logging_mixin.py:115} INFO - {'_index': 'milestone3', '_type': '_doc', '_id': 'BlAcJJIB9Ge4CN5SDD1w', '_version': 1, 'result': 'created', '_shards': {'total': 2, 'successful': 1, 'failed': 0}, '_seq_no': 129, '_primary_term': 1}
[2024-09-24T12:57:50.964+0000] {base.py:271} INFO - POST http://elasticsearch:9200/milestone3/_doc [status:201 request:0.002s]
[2024-09-24T12:57:50.964+0000] {logging_mixin.py:115} INFO - {'_index': 'milestone3', '_type': '_doc', '_id': 'B1AcJJIB9Ge4CN5SDD1y', '_version': 1, 'result': 'created', '_shards': {'total': 2, 'successful': 1, 'failed': 0}, '_seq_no': 130, '_primary_term': 1}
[2024-09-24T12:57:50.966+0000] {base.py:271} INFO - POST http://elasticsearch:9200/milestone3/_doc [status:201 request:0.002s]
[2024-09-24T12:57:50.966+0000] {logging_mixin.py:115} INFO - {'_index': 'milestone3', '_type': '_doc', '_id': 'CFAcJJIB9Ge4CN5SDD11', '_version': 1, 'result': 'created', '_shards': {'total': 2, 'successful': 1, 'failed': 0}, '_seq_no': 131, '_primary_term': 1}
[2024-09-24T12:57:50.968+0000] {base.py:271} INFO - POST http://elasticsearch:9200/milestone3/_doc [status:201 request:0.002s]
[2024-09-24T12:57:50.968+0000] {logging_mixin.py:115} INFO - {'_index': 'milestone3', '_type': '_doc', '_id': 'CVAcJJIB9Ge4CN5SDD13', '_version': 1, 'result': 'created', '_shards': {'total': 2, 'successful': 1, 'failed': 0}, '_seq_no': 132, '_primary_term': 1}
[2024-09-24T12:57:50.970+0000] {base.py:271} INFO - POST http://elasticsearch:9200/milestone3/_doc [status:201 request:0.001s]
[2024-09-24T12:57:50.970+0000] {logging_mixin.py:115} INFO - {'_index': 'milestone3', '_type': '_doc', '_id': 'ClAcJJIB9Ge4CN5SDD15', '_version': 1, 'result': 'created', '_shards': {'total': 2, 'successful': 1, 'failed': 0}, '_seq_no': 133, '_primary_term': 1}
[2024-09-24T12:57:50.972+0000] {base.py:271} INFO - POST http://elasticsearch:9200/milestone3/_doc [status:201 request:0.002s]
[2024-09-24T12:57:50.972+0000] {logging_mixin.py:115} INFO - {'_index': 'milestone3', '_type': '_doc', '_id': 'C1AcJJIB9Ge4CN5SDD17', '_version': 1, 'result': 'created', '_shards': {'total': 2, 'successful': 1, 'failed': 0}, '_seq_no': 134, '_primary_term': 1}
[2024-09-24T12:57:50.974+0000] {base.py:271} INFO - POST http://elasticsearch:9200/milestone3/_doc [status:201 request:0.002s]
[2024-09-24T12:57:50.974+0000] {logging_mixin.py:115} INFO - {'_index': 'milestone3', '_type': '_doc', '_id': 'DFAcJJIB9Ge4CN5SDD19', '_version': 1, 'result': 'created', '_shards': {'total': 2, 'successful': 1, 'failed': 0}, '_seq_no': 135, '_primary_term': 1}
[2024-09-24T12:57:50.976+0000] {base.py:271} INFO - POST http://elasticsearch:9200/milestone3/_doc [status:201 request:0.002s]
[2024-09-24T12:57:50.976+0000] {logging_mixin.py:115} INFO - {'_index': 'milestone3', '_type': '_doc', '_id': 'DVAcJJIB9Ge4CN5SDD1_', '_version': 1, 'result': 'created', '_shards': {'total': 2, 'successful': 1, 'failed': 0}, '_seq_no': 136, '_primary_term': 1}
[2024-09-24T12:57:50.978+0000] {base.py:271} INFO - POST http://elasticsearch:9200/milestone3/_doc [status:201 request:0.002s]
[2024-09-24T12:57:50.978+0000] {logging_mixin.py:115} INFO - {'_index': 'milestone3', '_type': '_doc', '_id': 'DlAcJJIB9Ge4CN5SDD2B', '_version': 1, 'result': 'created', '_shards': {'total': 2, 'successful': 1, 'failed': 0}, '_seq_no': 137, '_primary_term': 1}
[2024-09-24T12:57:50.980+0000] {base.py:271} INFO - POST http://elasticsearch:9200/milestone3/_doc [status:201 request:0.002s]
[2024-09-24T12:57:50.980+0000] {logging_mixin.py:115} INFO - {'_index': 'milestone3', '_type': '_doc', '_id': 'D1AcJJIB9Ge4CN5SDD2D', '_version': 1, 'result': 'created', '_shards': {'total': 2, 'successful': 1, 'failed': 0}, '_seq_no': 138, '_primary_term': 1}
[2024-09-24T12:57:50.982+0000] {base.py:271} INFO - POST http://elasticsearch:9200/milestone3/_doc [status:201 request:0.001s]
[2024-09-24T12:57:50.982+0000] {logging_mixin.py:115} INFO - {'_index': 'milestone3', '_type': '_doc', '_id': 'EFAcJJIB9Ge4CN5SDD2F', '_version': 1, 'result': 'created', '_shards': {'total': 2, 'successful': 1, 'failed': 0}, '_seq_no': 139, '_primary_term': 1}
[2024-09-24T12:57:50.984+0000] {base.py:271} INFO - POST http://elasticsearch:9200/milestone3/_doc [status:201 request:0.001s]
[2024-09-24T12:57:50.984+0000] {logging_mixin.py:115} INFO - {'_index': 'milestone3', '_type': '_doc', '_id': 'EVAcJJIB9Ge4CN5SDD2H', '_version': 1, 'result': 'created', '_shards': {'total': 2, 'successful': 1, 'failed': 0}, '_seq_no': 140, '_primary_term': 1}
[2024-09-24T12:57:50.986+0000] {base.py:271} INFO - POST http://elasticsearch:9200/milestone3/_doc [status:201 request:0.002s]
[2024-09-24T12:57:50.986+0000] {logging_mixin.py:115} INFO - {'_index': 'milestone3', '_type': '_doc', '_id': 'ElAcJJIB9Ge4CN5SDD2J', '_version': 1, 'result': 'created', '_shards': {'total': 2, 'successful': 1, 'failed': 0}, '_seq_no': 141, '_primary_term': 1}
[2024-09-24T12:57:50.988+0000] {base.py:271} INFO - POST http://elasticsearch:9200/milestone3/_doc [status:201 request:0.001s]
[2024-09-24T12:57:50.988+0000] {logging_mixin.py:115} INFO - {'_index': 'milestone3', '_type': '_doc', '_id': 'E1AcJJIB9Ge4CN5SDD2L', '_version': 1, 'result': 'created', '_shards': {'total': 2, 'successful': 1, 'failed': 0}, '_seq_no': 142, '_primary_term': 1}
[2024-09-24T12:57:50.990+0000] {base.py:271} INFO - POST http://elasticsearch:9200/milestone3/_doc [status:201 request:0.002s]
[2024-09-24T12:57:50.990+0000] {logging_mixin.py:115} INFO - {'_index': 'milestone3', '_type': '_doc', '_id': 'FFAcJJIB9Ge4CN5SDD2N', '_version': 1, 'result': 'created', '_shards': {'total': 2, 'successful': 1, 'failed': 0}, '_seq_no': 143, '_primary_term': 1}
[2024-09-24T12:57:50.992+0000] {base.py:271} INFO - POST http://elasticsearch:9200/milestone3/_doc [status:201 request:0.002s]
[2024-09-24T12:57:50.992+0000] {logging_mixin.py:115} INFO - {'_index': 'milestone3', '_type': '_doc', '_id': 'FVAcJJIB9Ge4CN5SDD2P', '_version': 1, 'result': 'created', '_shards': {'total': 2, 'successful': 1, 'failed': 0}, '_seq_no': 144, '_primary_term': 1}
[2024-09-24T12:57:50.994+0000] {base.py:271} INFO - POST http://elasticsearch:9200/milestone3/_doc [status:201 request:0.002s]
[2024-09-24T12:57:50.994+0000] {logging_mixin.py:115} INFO - {'_index': 'milestone3', '_type': '_doc', '_id': 'FlAcJJIB9Ge4CN5SDD2R', '_version': 1, 'result': 'created', '_shards': {'total': 2, 'successful': 1, 'failed': 0}, '_seq_no': 145, '_primary_term': 1}
[2024-09-24T12:57:50.996+0000] {base.py:271} INFO - POST http://elasticsearch:9200/milestone3/_doc [status:201 request:0.002s]
[2024-09-24T12:57:50.996+0000] {logging_mixin.py:115} INFO - {'_index': 'milestone3', '_type': '_doc', '_id': 'F1AcJJIB9Ge4CN5SDD2T', '_version': 1, 'result': 'created', '_shards': {'total': 2, 'successful': 1, 'failed': 0}, '_seq_no': 146, '_primary_term': 1}
[2024-09-24T12:57:50.998+0000] {base.py:271} INFO - POST http://elasticsearch:9200/milestone3/_doc [status:201 request:0.002s]
[2024-09-24T12:57:50.999+0000] {logging_mixin.py:115} INFO - {'_index': 'milestone3', '_type': '_doc', '_id': 'GFAcJJIB9Ge4CN5SDD2V', '_version': 1, 'result': 'created', '_shards': {'total': 2, 'successful': 1, 'failed': 0}, '_seq_no': 147, '_primary_term': 1}
[2024-09-24T12:57:51.000+0000] {base.py:271} INFO - POST http://elasticsearch:9200/milestone3/_doc [status:201 request:0.002s]
[2024-09-24T12:57:51.000+0000] {logging_mixin.py:115} INFO - {'_index': 'milestone3', '_type': '_doc', '_id': 'GVAcJJIB9Ge4CN5SDD2X', '_version': 1, 'result': 'created', '_shards': {'total': 2, 'successful': 1, 'failed': 0}, '_seq_no': 148, '_primary_term': 1}
[2024-09-24T12:57:51.003+0000] {base.py:271} INFO - POST http://elasticsearch:9200/milestone3/_doc [status:201 request:0.002s]
[2024-09-24T12:57:51.003+0000] {logging_mixin.py:115} INFO - {'_index': 'milestone3', '_type': '_doc', '_id': 'GlAcJJIB9Ge4CN5SDD2Z', '_version': 1, 'result': 'created', '_shards': {'total': 2, 'successful': 1, 'failed': 0}, '_seq_no': 149, '_primary_term': 1}
[2024-09-24T12:57:51.005+0000] {base.py:271} INFO - POST http://elasticsearch:9200/milestone3/_doc [status:201 request:0.002s]
[2024-09-24T12:57:51.005+0000] {logging_mixin.py:115} INFO - {'_index': 'milestone3', '_type': '_doc', '_id': 'G1AcJJIB9Ge4CN5SDD2b', '_version': 1, 'result': 'created', '_shards': {'total': 2, 'successful': 1, 'failed': 0}, '_seq_no': 150, '_primary_term': 1}
[2024-09-24T12:57:51.007+0000] {base.py:271} INFO - POST http://elasticsearch:9200/milestone3/_doc [status:201 request:0.002s]
[2024-09-24T12:57:51.007+0000] {logging_mixin.py:115} INFO - {'_index': 'milestone3', '_type': '_doc', '_id': 'HFAcJJIB9Ge4CN5SDD2e', '_version': 1, 'result': 'created', '_shards': {'total': 2, 'successful': 1, 'failed': 0}, '_seq_no': 151, '_primary_term': 1}
[2024-09-24T12:57:51.009+0000] {base.py:271} INFO - POST http://elasticsearch:9200/milestone3/_doc [status:201 request:0.002s]
[2024-09-24T12:57:51.009+0000] {logging_mixin.py:115} INFO - {'_index': 'milestone3', '_type': '_doc', '_id': 'HVAcJJIB9Ge4CN5SDD2g', '_version': 1, 'result': 'created', '_shards': {'total': 2, 'successful': 1, 'failed': 0}, '_seq_no': 152, '_primary_term': 1}
[2024-09-24T12:57:51.012+0000] {base.py:271} INFO - POST http://elasticsearch:9200/milestone3/_doc [status:201 request:0.002s]
[2024-09-24T12:57:51.012+0000] {logging_mixin.py:115} INFO - {'_index': 'milestone3', '_type': '_doc', '_id': 'HlAcJJIB9Ge4CN5SDD2i', '_version': 1, 'result': 'created', '_shards': {'total': 2, 'successful': 1, 'failed': 0}, '_seq_no': 153, '_primary_term': 1}
[2024-09-24T12:57:51.015+0000] {base.py:271} INFO - POST http://elasticsearch:9200/milestone3/_doc [status:201 request:0.002s]
[2024-09-24T12:57:51.015+0000] {logging_mixin.py:115} INFO - {'_index': 'milestone3', '_type': '_doc', '_id': 'H1AcJJIB9Ge4CN5SDD2l', '_version': 1, 'result': 'created', '_shards': {'total': 2, 'successful': 1, 'failed': 0}, '_seq_no': 154, '_primary_term': 1}
[2024-09-24T12:57:51.017+0000] {base.py:271} INFO - POST http://elasticsearch:9200/milestone3/_doc [status:201 request:0.002s]
[2024-09-24T12:57:51.017+0000] {logging_mixin.py:115} INFO - {'_index': 'milestone3', '_type': '_doc', '_id': 'IFAcJJIB9Ge4CN5SDD2o', '_version': 1, 'result': 'created', '_shards': {'total': 2, 'successful': 1, 'failed': 0}, '_seq_no': 155, '_primary_term': 1}
[2024-09-24T12:57:51.020+0000] {base.py:271} INFO - POST http://elasticsearch:9200/milestone3/_doc [status:201 request:0.002s]
[2024-09-24T12:57:51.020+0000] {logging_mixin.py:115} INFO - {'_index': 'milestone3', '_type': '_doc', '_id': 'IVAcJJIB9Ge4CN5SDD2q', '_version': 1, 'result': 'created', '_shards': {'total': 2, 'successful': 1, 'failed': 0}, '_seq_no': 156, '_primary_term': 1}
[2024-09-24T12:57:51.022+0000] {base.py:271} INFO - POST http://elasticsearch:9200/milestone3/_doc [status:201 request:0.002s]
[2024-09-24T12:57:51.022+0000] {logging_mixin.py:115} INFO - {'_index': 'milestone3', '_type': '_doc', '_id': 'IlAcJJIB9Ge4CN5SDD2s', '_version': 1, 'result': 'created', '_shards': {'total': 2, 'successful': 1, 'failed': 0}, '_seq_no': 157, '_primary_term': 1}
[2024-09-24T12:57:51.024+0000] {base.py:271} INFO - POST http://elasticsearch:9200/milestone3/_doc [status:201 request:0.002s]
[2024-09-24T12:57:51.024+0000] {logging_mixin.py:115} INFO - {'_index': 'milestone3', '_type': '_doc', '_id': 'I1AcJJIB9Ge4CN5SDD2v', '_version': 1, 'result': 'created', '_shards': {'total': 2, 'successful': 1, 'failed': 0}, '_seq_no': 158, '_primary_term': 1}
[2024-09-24T12:57:51.026+0000] {base.py:271} INFO - POST http://elasticsearch:9200/milestone3/_doc [status:201 request:0.002s]
[2024-09-24T12:57:51.026+0000] {logging_mixin.py:115} INFO - {'_index': 'milestone3', '_type': '_doc', '_id': 'JFAcJJIB9Ge4CN5SDD2x', '_version': 1, 'result': 'created', '_shards': {'total': 2, 'successful': 1, 'failed': 0}, '_seq_no': 159, '_primary_term': 1}
[2024-09-24T12:57:51.028+0000] {base.py:271} INFO - POST http://elasticsearch:9200/milestone3/_doc [status:201 request:0.002s]
[2024-09-24T12:57:51.028+0000] {logging_mixin.py:115} INFO - {'_index': 'milestone3', '_type': '_doc', '_id': 'JVAcJJIB9Ge4CN5SDD2z', '_version': 1, 'result': 'created', '_shards': {'total': 2, 'successful': 1, 'failed': 0}, '_seq_no': 160, '_primary_term': 1}
[2024-09-24T12:57:51.030+0000] {base.py:271} INFO - POST http://elasticsearch:9200/milestone3/_doc [status:201 request:0.002s]
[2024-09-24T12:57:51.030+0000] {logging_mixin.py:115} INFO - {'_index': 'milestone3', '_type': '_doc', '_id': 'JlAcJJIB9Ge4CN5SDD21', '_version': 1, 'result': 'created', '_shards': {'total': 2, 'successful': 1, 'failed': 0}, '_seq_no': 161, '_primary_term': 1}
[2024-09-24T12:57:51.033+0000] {base.py:271} INFO - POST http://elasticsearch:9200/milestone3/_doc [status:201 request:0.002s]
[2024-09-24T12:57:51.033+0000] {logging_mixin.py:115} INFO - {'_index': 'milestone3', '_type': '_doc', '_id': 'J1AcJJIB9Ge4CN5SDD23', '_version': 1, 'result': 'created', '_shards': {'total': 2, 'successful': 1, 'failed': 0}, '_seq_no': 162, '_primary_term': 1}
[2024-09-24T12:57:51.035+0000] {base.py:271} INFO - POST http://elasticsearch:9200/milestone3/_doc [status:201 request:0.002s]
[2024-09-24T12:57:51.035+0000] {logging_mixin.py:115} INFO - {'_index': 'milestone3', '_type': '_doc', '_id': 'KFAcJJIB9Ge4CN5SDD25', '_version': 1, 'result': 'created', '_shards': {'total': 2, 'successful': 1, 'failed': 0}, '_seq_no': 163, '_primary_term': 1}
[2024-09-24T12:57:51.037+0000] {base.py:271} INFO - POST http://elasticsearch:9200/milestone3/_doc [status:201 request:0.002s]
[2024-09-24T12:57:51.037+0000] {logging_mixin.py:115} INFO - {'_index': 'milestone3', '_type': '_doc', '_id': 'KVAcJJIB9Ge4CN5SDD28', '_version': 1, 'result': 'created', '_shards': {'total': 2, 'successful': 1, 'failed': 0}, '_seq_no': 164, '_primary_term': 1}
[2024-09-24T12:57:51.039+0000] {base.py:271} INFO - POST http://elasticsearch:9200/milestone3/_doc [status:201 request:0.002s]
[2024-09-24T12:57:51.039+0000] {logging_mixin.py:115} INFO - {'_index': 'milestone3', '_type': '_doc', '_id': 'KlAcJJIB9Ge4CN5SDD2-', '_version': 1, 'result': 'created', '_shards': {'total': 2, 'successful': 1, 'failed': 0}, '_seq_no': 165, '_primary_term': 1}
[2024-09-24T12:57:51.041+0000] {base.py:271} INFO - POST http://elasticsearch:9200/milestone3/_doc [status:201 request:0.002s]
[2024-09-24T12:57:51.041+0000] {logging_mixin.py:115} INFO - {'_index': 'milestone3', '_type': '_doc', '_id': 'K1AcJJIB9Ge4CN5SDD3A', '_version': 1, 'result': 'created', '_shards': {'total': 2, 'successful': 1, 'failed': 0}, '_seq_no': 166, '_primary_term': 1}
[2024-09-24T12:57:51.043+0000] {base.py:271} INFO - POST http://elasticsearch:9200/milestone3/_doc [status:201 request:0.002s]
[2024-09-24T12:57:51.044+0000] {logging_mixin.py:115} INFO - {'_index': 'milestone3', '_type': '_doc', '_id': 'LFAcJJIB9Ge4CN5SDD3C', '_version': 1, 'result': 'created', '_shards': {'total': 2, 'successful': 1, 'failed': 0}, '_seq_no': 167, '_primary_term': 1}
[2024-09-24T12:57:51.045+0000] {base.py:271} INFO - POST http://elasticsearch:9200/milestone3/_doc [status:201 request:0.002s]
[2024-09-24T12:57:51.046+0000] {logging_mixin.py:115} INFO - {'_index': 'milestone3', '_type': '_doc', '_id': 'LVAcJJIB9Ge4CN5SDD3E', '_version': 1, 'result': 'created', '_shards': {'total': 2, 'successful': 1, 'failed': 0}, '_seq_no': 168, '_primary_term': 1}
[2024-09-24T12:57:51.047+0000] {base.py:271} INFO - POST http://elasticsearch:9200/milestone3/_doc [status:201 request:0.002s]
[2024-09-24T12:57:51.048+0000] {logging_mixin.py:115} INFO - {'_index': 'milestone3', '_type': '_doc', '_id': 'LlAcJJIB9Ge4CN5SDD3G', '_version': 1, 'result': 'created', '_shards': {'total': 2, 'successful': 1, 'failed': 0}, '_seq_no': 169, '_primary_term': 1}
[2024-09-24T12:57:51.049+0000] {base.py:271} INFO - POST http://elasticsearch:9200/milestone3/_doc [status:201 request:0.001s]
[2024-09-24T12:57:51.049+0000] {logging_mixin.py:115} INFO - {'_index': 'milestone3', '_type': '_doc', '_id': 'L1AcJJIB9Ge4CN5SDD3I', '_version': 1, 'result': 'created', '_shards': {'total': 2, 'successful': 1, 'failed': 0}, '_seq_no': 170, '_primary_term': 1}
[2024-09-24T12:57:51.051+0000] {base.py:271} INFO - POST http://elasticsearch:9200/milestone3/_doc [status:201 request:0.001s]
[2024-09-24T12:57:51.051+0000] {logging_mixin.py:115} INFO - {'_index': 'milestone3', '_type': '_doc', '_id': 'MFAcJJIB9Ge4CN5SDD3K', '_version': 1, 'result': 'created', '_shards': {'total': 2, 'successful': 1, 'failed': 0}, '_seq_no': 171, '_primary_term': 1}
[2024-09-24T12:57:51.053+0000] {base.py:271} INFO - POST http://elasticsearch:9200/milestone3/_doc [status:201 request:0.001s]
[2024-09-24T12:57:51.053+0000] {logging_mixin.py:115} INFO - {'_index': 'milestone3', '_type': '_doc', '_id': 'MVAcJJIB9Ge4CN5SDD3M', '_version': 1, 'result': 'created', '_shards': {'total': 2, 'successful': 1, 'failed': 0}, '_seq_no': 172, '_primary_term': 1}
[2024-09-24T12:57:51.055+0000] {base.py:271} INFO - POST http://elasticsearch:9200/milestone3/_doc [status:201 request:0.001s]
[2024-09-24T12:57:51.055+0000] {logging_mixin.py:115} INFO - {'_index': 'milestone3', '_type': '_doc', '_id': 'MlAcJJIB9Ge4CN5SDD3O', '_version': 1, 'result': 'created', '_shards': {'total': 2, 'successful': 1, 'failed': 0}, '_seq_no': 173, '_primary_term': 1}
[2024-09-24T12:57:51.057+0000] {base.py:271} INFO - POST http://elasticsearch:9200/milestone3/_doc [status:201 request:0.002s]
[2024-09-24T12:57:51.057+0000] {logging_mixin.py:115} INFO - {'_index': 'milestone3', '_type': '_doc', '_id': 'M1AcJJIB9Ge4CN5SDD3P', '_version': 1, 'result': 'created', '_shards': {'total': 2, 'successful': 1, 'failed': 0}, '_seq_no': 174, '_primary_term': 1}
[2024-09-24T12:57:51.059+0000] {base.py:271} INFO - POST http://elasticsearch:9200/milestone3/_doc [status:201 request:0.002s]
[2024-09-24T12:57:51.059+0000] {logging_mixin.py:115} INFO - {'_index': 'milestone3', '_type': '_doc', '_id': 'NFAcJJIB9Ge4CN5SDD3S', '_version': 1, 'result': 'created', '_shards': {'total': 2, 'successful': 1, 'failed': 0}, '_seq_no': 175, '_primary_term': 1}
[2024-09-24T12:57:51.061+0000] {base.py:271} INFO - POST http://elasticsearch:9200/milestone3/_doc [status:201 request:0.002s]
[2024-09-24T12:57:51.061+0000] {logging_mixin.py:115} INFO - {'_index': 'milestone3', '_type': '_doc', '_id': 'NVAcJJIB9Ge4CN5SDD3U', '_version': 1, 'result': 'created', '_shards': {'total': 2, 'successful': 1, 'failed': 0}, '_seq_no': 176, '_primary_term': 1}
[2024-09-24T12:57:51.063+0000] {base.py:271} INFO - POST http://elasticsearch:9200/milestone3/_doc [status:201 request:0.001s]
[2024-09-24T12:57:51.063+0000] {logging_mixin.py:115} INFO - {'_index': 'milestone3', '_type': '_doc', '_id': 'NlAcJJIB9Ge4CN5SDD3W', '_version': 1, 'result': 'created', '_shards': {'total': 2, 'successful': 1, 'failed': 0}, '_seq_no': 177, '_primary_term': 1}
[2024-09-24T12:57:51.064+0000] {base.py:271} INFO - POST http://elasticsearch:9200/milestone3/_doc [status:201 request:0.001s]
[2024-09-24T12:57:51.065+0000] {logging_mixin.py:115} INFO - {'_index': 'milestone3', '_type': '_doc', '_id': 'N1AcJJIB9Ge4CN5SDD3X', '_version': 1, 'result': 'created', '_shards': {'total': 2, 'successful': 1, 'failed': 0}, '_seq_no': 178, '_primary_term': 1}
[2024-09-24T12:57:51.066+0000] {base.py:271} INFO - POST http://elasticsearch:9200/milestone3/_doc [status:201 request:0.002s]
[2024-09-24T12:57:51.067+0000] {logging_mixin.py:115} INFO - {'_index': 'milestone3', '_type': '_doc', '_id': 'OFAcJJIB9Ge4CN5SDD3Z', '_version': 1, 'result': 'created', '_shards': {'total': 2, 'successful': 1, 'failed': 0}, '_seq_no': 179, '_primary_term': 1}
[2024-09-24T12:57:51.068+0000] {base.py:271} INFO - POST http://elasticsearch:9200/milestone3/_doc [status:201 request:0.002s]
[2024-09-24T12:57:51.068+0000] {logging_mixin.py:115} INFO - {'_index': 'milestone3', '_type': '_doc', '_id': 'OVAcJJIB9Ge4CN5SDD3b', '_version': 1, 'result': 'created', '_shards': {'total': 2, 'successful': 1, 'failed': 0}, '_seq_no': 180, '_primary_term': 1}
[2024-09-24T12:57:51.070+0000] {base.py:271} INFO - POST http://elasticsearch:9200/milestone3/_doc [status:201 request:0.001s]
[2024-09-24T12:57:51.070+0000] {logging_mixin.py:115} INFO - {'_index': 'milestone3', '_type': '_doc', '_id': 'OlAcJJIB9Ge4CN5SDD3d', '_version': 1, 'result': 'created', '_shards': {'total': 2, 'successful': 1, 'failed': 0}, '_seq_no': 181, '_primary_term': 1}
[2024-09-24T12:57:51.072+0000] {base.py:271} INFO - POST http://elasticsearch:9200/milestone3/_doc [status:201 request:0.002s]
[2024-09-24T12:57:51.072+0000] {logging_mixin.py:115} INFO - {'_index': 'milestone3', '_type': '_doc', '_id': 'O1AcJJIB9Ge4CN5SDD3f', '_version': 1, 'result': 'created', '_shards': {'total': 2, 'successful': 1, 'failed': 0}, '_seq_no': 182, '_primary_term': 1}
[2024-09-24T12:57:51.074+0000] {base.py:271} INFO - POST http://elasticsearch:9200/milestone3/_doc [status:201 request:0.002s]
[2024-09-24T12:57:51.074+0000] {logging_mixin.py:115} INFO - {'_index': 'milestone3', '_type': '_doc', '_id': 'PFAcJJIB9Ge4CN5SDD3h', '_version': 1, 'result': 'created', '_shards': {'total': 2, 'successful': 1, 'failed': 0}, '_seq_no': 183, '_primary_term': 1}
[2024-09-24T12:57:51.076+0000] {base.py:271} INFO - POST http://elasticsearch:9200/milestone3/_doc [status:201 request:0.002s]
[2024-09-24T12:57:51.076+0000] {logging_mixin.py:115} INFO - {'_index': 'milestone3', '_type': '_doc', '_id': 'PVAcJJIB9Ge4CN5SDD3j', '_version': 1, 'result': 'created', '_shards': {'total': 2, 'successful': 1, 'failed': 0}, '_seq_no': 184, '_primary_term': 1}
[2024-09-24T12:57:51.078+0000] {base.py:271} INFO - POST http://elasticsearch:9200/milestone3/_doc [status:201 request:0.001s]
[2024-09-24T12:57:51.078+0000] {logging_mixin.py:115} INFO - {'_index': 'milestone3', '_type': '_doc', '_id': 'PlAcJJIB9Ge4CN5SDD3l', '_version': 1, 'result': 'created', '_shards': {'total': 2, 'successful': 1, 'failed': 0}, '_seq_no': 185, '_primary_term': 1}
[2024-09-24T12:57:51.080+0000] {base.py:271} INFO - POST http://elasticsearch:9200/milestone3/_doc [status:201 request:0.002s]
[2024-09-24T12:57:51.080+0000] {logging_mixin.py:115} INFO - {'_index': 'milestone3', '_type': '_doc', '_id': 'P1AcJJIB9Ge4CN5SDD3n', '_version': 1, 'result': 'created', '_shards': {'total': 2, 'successful': 1, 'failed': 0}, '_seq_no': 186, '_primary_term': 1}
[2024-09-24T12:57:51.082+0000] {base.py:271} INFO - POST http://elasticsearch:9200/milestone3/_doc [status:201 request:0.002s]
[2024-09-24T12:57:51.082+0000] {logging_mixin.py:115} INFO - {'_index': 'milestone3', '_type': '_doc', '_id': 'QFAcJJIB9Ge4CN5SDD3p', '_version': 1, 'result': 'created', '_shards': {'total': 2, 'successful': 1, 'failed': 0}, '_seq_no': 187, '_primary_term': 1}
[2024-09-24T12:57:51.084+0000] {base.py:271} INFO - POST http://elasticsearch:9200/milestone3/_doc [status:201 request:0.001s]
[2024-09-24T12:57:51.084+0000] {logging_mixin.py:115} INFO - {'_index': 'milestone3', '_type': '_doc', '_id': 'QVAcJJIB9Ge4CN5SDD3r', '_version': 1, 'result': 'created', '_shards': {'total': 2, 'successful': 1, 'failed': 0}, '_seq_no': 188, '_primary_term': 1}
[2024-09-24T12:57:51.085+0000] {base.py:271} INFO - POST http://elasticsearch:9200/milestone3/_doc [status:201 request:0.001s]
[2024-09-24T12:57:51.086+0000] {logging_mixin.py:115} INFO - {'_index': 'milestone3', '_type': '_doc', '_id': 'QlAcJJIB9Ge4CN5SDD3s', '_version': 1, 'result': 'created', '_shards': {'total': 2, 'successful': 1, 'failed': 0}, '_seq_no': 189, '_primary_term': 1}
[2024-09-24T12:57:51.087+0000] {base.py:271} INFO - POST http://elasticsearch:9200/milestone3/_doc [status:201 request:0.002s]
[2024-09-24T12:57:51.088+0000] {logging_mixin.py:115} INFO - {'_index': 'milestone3', '_type': '_doc', '_id': 'Q1AcJJIB9Ge4CN5SDD3u', '_version': 1, 'result': 'created', '_shards': {'total': 2, 'successful': 1, 'failed': 0}, '_seq_no': 190, '_primary_term': 1}
[2024-09-24T12:57:51.089+0000] {base.py:271} INFO - POST http://elasticsearch:9200/milestone3/_doc [status:201 request:0.002s]
[2024-09-24T12:57:51.090+0000] {logging_mixin.py:115} INFO - {'_index': 'milestone3', '_type': '_doc', '_id': 'RFAcJJIB9Ge4CN5SDD3w', '_version': 1, 'result': 'created', '_shards': {'total': 2, 'successful': 1, 'failed': 0}, '_seq_no': 191, '_primary_term': 1}
[2024-09-24T12:57:51.091+0000] {base.py:271} INFO - POST http://elasticsearch:9200/milestone3/_doc [status:201 request:0.001s]
[2024-09-24T12:57:51.091+0000] {logging_mixin.py:115} INFO - {'_index': 'milestone3', '_type': '_doc', '_id': 'RVAcJJIB9Ge4CN5SDD3y', '_version': 1, 'result': 'created', '_shards': {'total': 2, 'successful': 1, 'failed': 0}, '_seq_no': 192, '_primary_term': 1}
[2024-09-24T12:57:51.093+0000] {base.py:271} INFO - POST http://elasticsearch:9200/milestone3/_doc [status:201 request:0.001s]
[2024-09-24T12:57:51.093+0000] {logging_mixin.py:115} INFO - {'_index': 'milestone3', '_type': '_doc', '_id': 'RlAcJJIB9Ge4CN5SDD30', '_version': 1, 'result': 'created', '_shards': {'total': 2, 'successful': 1, 'failed': 0}, '_seq_no': 193, '_primary_term': 1}
[2024-09-24T12:57:51.095+0000] {base.py:271} INFO - POST http://elasticsearch:9200/milestone3/_doc [status:201 request:0.001s]
[2024-09-24T12:57:51.095+0000] {logging_mixin.py:115} INFO - {'_index': 'milestone3', '_type': '_doc', '_id': 'R1AcJJIB9Ge4CN5SDD32', '_version': 1, 'result': 'created', '_shards': {'total': 2, 'successful': 1, 'failed': 0}, '_seq_no': 194, '_primary_term': 1}
[2024-09-24T12:57:51.097+0000] {base.py:271} INFO - POST http://elasticsearch:9200/milestone3/_doc [status:201 request:0.002s]
[2024-09-24T12:57:51.097+0000] {logging_mixin.py:115} INFO - {'_index': 'milestone3', '_type': '_doc', '_id': 'SFAcJJIB9Ge4CN5SDD34', '_version': 1, 'result': 'created', '_shards': {'total': 2, 'successful': 1, 'failed': 0}, '_seq_no': 195, '_primary_term': 1}
[2024-09-24T12:57:51.099+0000] {base.py:271} INFO - POST http://elasticsearch:9200/milestone3/_doc [status:201 request:0.001s]
[2024-09-24T12:57:51.099+0000] {logging_mixin.py:115} INFO - {'_index': 'milestone3', '_type': '_doc', '_id': 'SVAcJJIB9Ge4CN5SDD36', '_version': 1, 'result': 'created', '_shards': {'total': 2, 'successful': 1, 'failed': 0}, '_seq_no': 196, '_primary_term': 1}
[2024-09-24T12:57:51.101+0000] {base.py:271} INFO - POST http://elasticsearch:9200/milestone3/_doc [status:201 request:0.001s]
[2024-09-24T12:57:51.101+0000] {logging_mixin.py:115} INFO - {'_index': 'milestone3', '_type': '_doc', '_id': 'SlAcJJIB9Ge4CN5SDD37', '_version': 1, 'result': 'created', '_shards': {'total': 2, 'successful': 1, 'failed': 0}, '_seq_no': 197, '_primary_term': 1}
[2024-09-24T12:57:51.103+0000] {base.py:271} INFO - POST http://elasticsearch:9200/milestone3/_doc [status:201 request:0.002s]
[2024-09-24T12:57:51.103+0000] {logging_mixin.py:115} INFO - {'_index': 'milestone3', '_type': '_doc', '_id': 'S1AcJJIB9Ge4CN5SDD39', '_version': 1, 'result': 'created', '_shards': {'total': 2, 'successful': 1, 'failed': 0}, '_seq_no': 198, '_primary_term': 1}
[2024-09-24T12:57:51.106+0000] {base.py:271} INFO - POST http://elasticsearch:9200/milestone3/_doc [status:201 request:0.002s]
[2024-09-24T12:57:51.106+0000] {logging_mixin.py:115} INFO - {'_index': 'milestone3', '_type': '_doc', '_id': 'TFAcJJIB9Ge4CN5SDT0A', '_version': 1, 'result': 'created', '_shards': {'total': 2, 'successful': 1, 'failed': 0}, '_seq_no': 199, '_primary_term': 1}
[2024-09-24T12:57:51.108+0000] {base.py:271} INFO - POST http://elasticsearch:9200/milestone3/_doc [status:201 request:0.002s]
[2024-09-24T12:57:51.108+0000] {logging_mixin.py:115} INFO - {'_index': 'milestone3', '_type': '_doc', '_id': 'TVAcJJIB9Ge4CN5SDT0C', '_version': 1, 'result': 'created', '_shards': {'total': 2, 'successful': 1, 'failed': 0}, '_seq_no': 200, '_primary_term': 1}
[2024-09-24T12:57:51.110+0000] {base.py:271} INFO - POST http://elasticsearch:9200/milestone3/_doc [status:201 request:0.002s]
[2024-09-24T12:57:51.110+0000] {logging_mixin.py:115} INFO - {'_index': 'milestone3', '_type': '_doc', '_id': 'TlAcJJIB9Ge4CN5SDT0E', '_version': 1, 'result': 'created', '_shards': {'total': 2, 'successful': 1, 'failed': 0}, '_seq_no': 201, '_primary_term': 1}
[2024-09-24T12:57:51.111+0000] {base.py:271} INFO - POST http://elasticsearch:9200/milestone3/_doc [status:201 request:0.001s]
[2024-09-24T12:57:51.112+0000] {logging_mixin.py:115} INFO - {'_index': 'milestone3', '_type': '_doc', '_id': 'T1AcJJIB9Ge4CN5SDT0G', '_version': 1, 'result': 'created', '_shards': {'total': 2, 'successful': 1, 'failed': 0}, '_seq_no': 202, '_primary_term': 1}
[2024-09-24T12:57:51.113+0000] {base.py:271} INFO - POST http://elasticsearch:9200/milestone3/_doc [status:201 request:0.001s]
[2024-09-24T12:57:51.114+0000] {logging_mixin.py:115} INFO - {'_index': 'milestone3', '_type': '_doc', '_id': 'UFAcJJIB9Ge4CN5SDT0I', '_version': 1, 'result': 'created', '_shards': {'total': 2, 'successful': 1, 'failed': 0}, '_seq_no': 203, '_primary_term': 1}
[2024-09-24T12:57:51.115+0000] {base.py:271} INFO - POST http://elasticsearch:9200/milestone3/_doc [status:201 request:0.002s]
[2024-09-24T12:57:51.116+0000] {logging_mixin.py:115} INFO - {'_index': 'milestone3', '_type': '_doc', '_id': 'UVAcJJIB9Ge4CN5SDT0K', '_version': 1, 'result': 'created', '_shards': {'total': 2, 'successful': 1, 'failed': 0}, '_seq_no': 204, '_primary_term': 1}
[2024-09-24T12:57:51.117+0000] {base.py:271} INFO - POST http://elasticsearch:9200/milestone3/_doc [status:201 request:0.002s]
[2024-09-24T12:57:51.118+0000] {logging_mixin.py:115} INFO - {'_index': 'milestone3', '_type': '_doc', '_id': 'UlAcJJIB9Ge4CN5SDT0M', '_version': 1, 'result': 'created', '_shards': {'total': 2, 'successful': 1, 'failed': 0}, '_seq_no': 205, '_primary_term': 1}
[2024-09-24T12:57:51.119+0000] {base.py:271} INFO - POST http://elasticsearch:9200/milestone3/_doc [status:201 request:0.002s]
[2024-09-24T12:57:51.120+0000] {logging_mixin.py:115} INFO - {'_index': 'milestone3', '_type': '_doc', '_id': 'U1AcJJIB9Ge4CN5SDT0O', '_version': 1, 'result': 'created', '_shards': {'total': 2, 'successful': 1, 'failed': 0}, '_seq_no': 206, '_primary_term': 1}
[2024-09-24T12:57:51.122+0000] {base.py:271} INFO - POST http://elasticsearch:9200/milestone3/_doc [status:201 request:0.002s]
[2024-09-24T12:57:51.122+0000] {logging_mixin.py:115} INFO - {'_index': 'milestone3', '_type': '_doc', '_id': 'VFAcJJIB9Ge4CN5SDT0Q', '_version': 1, 'result': 'created', '_shards': {'total': 2, 'successful': 1, 'failed': 0}, '_seq_no': 207, '_primary_term': 1}
[2024-09-24T12:57:51.124+0000] {base.py:271} INFO - POST http://elasticsearch:9200/milestone3/_doc [status:201 request:0.002s]
[2024-09-24T12:57:51.124+0000] {logging_mixin.py:115} INFO - {'_index': 'milestone3', '_type': '_doc', '_id': 'VVAcJJIB9Ge4CN5SDT0T', '_version': 1, 'result': 'created', '_shards': {'total': 2, 'successful': 1, 'failed': 0}, '_seq_no': 208, '_primary_term': 1}
[2024-09-24T12:57:51.126+0000] {base.py:271} INFO - POST http://elasticsearch:9200/milestone3/_doc [status:201 request:0.002s]
[2024-09-24T12:57:51.126+0000] {logging_mixin.py:115} INFO - {'_index': 'milestone3', '_type': '_doc', '_id': 'VlAcJJIB9Ge4CN5SDT0V', '_version': 1, 'result': 'created', '_shards': {'total': 2, 'successful': 1, 'failed': 0}, '_seq_no': 209, '_primary_term': 1}
[2024-09-24T12:57:51.128+0000] {base.py:271} INFO - POST http://elasticsearch:9200/milestone3/_doc [status:201 request:0.002s]
[2024-09-24T12:57:51.128+0000] {logging_mixin.py:115} INFO - {'_index': 'milestone3', '_type': '_doc', '_id': 'V1AcJJIB9Ge4CN5SDT0X', '_version': 1, 'result': 'created', '_shards': {'total': 2, 'successful': 1, 'failed': 0}, '_seq_no': 210, '_primary_term': 1}
[2024-09-24T12:57:51.130+0000] {base.py:271} INFO - POST http://elasticsearch:9200/milestone3/_doc [status:201 request:0.002s]
[2024-09-24T12:57:51.130+0000] {logging_mixin.py:115} INFO - {'_index': 'milestone3', '_type': '_doc', '_id': 'WFAcJJIB9Ge4CN5SDT0Z', '_version': 1, 'result': 'created', '_shards': {'total': 2, 'successful': 1, 'failed': 0}, '_seq_no': 211, '_primary_term': 1}
[2024-09-24T12:57:51.133+0000] {base.py:271} INFO - POST http://elasticsearch:9200/milestone3/_doc [status:201 request:0.002s]
[2024-09-24T12:57:51.133+0000] {logging_mixin.py:115} INFO - {'_index': 'milestone3', '_type': '_doc', '_id': 'WVAcJJIB9Ge4CN5SDT0b', '_version': 1, 'result': 'created', '_shards': {'total': 2, 'successful': 1, 'failed': 0}, '_seq_no': 212, '_primary_term': 1}
[2024-09-24T12:57:51.135+0000] {base.py:271} INFO - POST http://elasticsearch:9200/milestone3/_doc [status:201 request:0.002s]
[2024-09-24T12:57:51.135+0000] {logging_mixin.py:115} INFO - {'_index': 'milestone3', '_type': '_doc', '_id': 'WlAcJJIB9Ge4CN5SDT0d', '_version': 1, 'result': 'created', '_shards': {'total': 2, 'successful': 1, 'failed': 0}, '_seq_no': 213, '_primary_term': 1}
[2024-09-24T12:57:51.137+0000] {base.py:271} INFO - POST http://elasticsearch:9200/milestone3/_doc [status:201 request:0.001s]
[2024-09-24T12:57:51.137+0000] {logging_mixin.py:115} INFO - {'_index': 'milestone3', '_type': '_doc', '_id': 'W1AcJJIB9Ge4CN5SDT0f', '_version': 1, 'result': 'created', '_shards': {'total': 2, 'successful': 1, 'failed': 0}, '_seq_no': 214, '_primary_term': 1}
[2024-09-24T12:57:51.139+0000] {base.py:271} INFO - POST http://elasticsearch:9200/milestone3/_doc [status:201 request:0.002s]
[2024-09-24T12:57:51.139+0000] {logging_mixin.py:115} INFO - {'_index': 'milestone3', '_type': '_doc', '_id': 'XFAcJJIB9Ge4CN5SDT0h', '_version': 1, 'result': 'created', '_shards': {'total': 2, 'successful': 1, 'failed': 0}, '_seq_no': 215, '_primary_term': 1}
[2024-09-24T12:57:51.142+0000] {base.py:271} INFO - POST http://elasticsearch:9200/milestone3/_doc [status:201 request:0.002s]
[2024-09-24T12:57:51.142+0000] {logging_mixin.py:115} INFO - {'_index': 'milestone3', '_type': '_doc', '_id': 'XVAcJJIB9Ge4CN5SDT0k', '_version': 1, 'result': 'created', '_shards': {'total': 2, 'successful': 1, 'failed': 0}, '_seq_no': 216, '_primary_term': 1}
[2024-09-24T12:57:51.145+0000] {base.py:271} INFO - POST http://elasticsearch:9200/milestone3/_doc [status:201 request:0.003s]
[2024-09-24T12:57:51.146+0000] {logging_mixin.py:115} INFO - {'_index': 'milestone3', '_type': '_doc', '_id': 'XlAcJJIB9Ge4CN5SDT0n', '_version': 1, 'result': 'created', '_shards': {'total': 2, 'successful': 1, 'failed': 0}, '_seq_no': 217, '_primary_term': 1}
[2024-09-24T12:57:51.149+0000] {base.py:271} INFO - POST http://elasticsearch:9200/milestone3/_doc [status:201 request:0.002s]
[2024-09-24T12:57:51.149+0000] {logging_mixin.py:115} INFO - {'_index': 'milestone3', '_type': '_doc', '_id': 'X1AcJJIB9Ge4CN5SDT0r', '_version': 1, 'result': 'created', '_shards': {'total': 2, 'successful': 1, 'failed': 0}, '_seq_no': 218, '_primary_term': 1}
[2024-09-24T12:57:51.152+0000] {base.py:271} INFO - POST http://elasticsearch:9200/milestone3/_doc [status:201 request:0.002s]
[2024-09-24T12:57:51.152+0000] {logging_mixin.py:115} INFO - {'_index': 'milestone3', '_type': '_doc', '_id': 'YFAcJJIB9Ge4CN5SDT0u', '_version': 1, 'result': 'created', '_shards': {'total': 2, 'successful': 1, 'failed': 0}, '_seq_no': 219, '_primary_term': 1}
[2024-09-24T12:57:51.155+0000] {base.py:271} INFO - POST http://elasticsearch:9200/milestone3/_doc [status:201 request:0.003s]
[2024-09-24T12:57:51.155+0000] {logging_mixin.py:115} INFO - {'_index': 'milestone3', '_type': '_doc', '_id': 'YVAcJJIB9Ge4CN5SDT0x', '_version': 1, 'result': 'created', '_shards': {'total': 2, 'successful': 1, 'failed': 0}, '_seq_no': 220, '_primary_term': 1}
[2024-09-24T12:57:51.158+0000] {base.py:271} INFO - POST http://elasticsearch:9200/milestone3/_doc [status:201 request:0.003s]
[2024-09-24T12:57:51.159+0000] {logging_mixin.py:115} INFO - {'_index': 'milestone3', '_type': '_doc', '_id': 'YlAcJJIB9Ge4CN5SDT01', '_version': 1, 'result': 'created', '_shards': {'total': 2, 'successful': 1, 'failed': 0}, '_seq_no': 221, '_primary_term': 1}
[2024-09-24T12:57:51.161+0000] {base.py:271} INFO - POST http://elasticsearch:9200/milestone3/_doc [status:201 request:0.002s]
[2024-09-24T12:57:51.161+0000] {logging_mixin.py:115} INFO - {'_index': 'milestone3', '_type': '_doc', '_id': 'Y1AcJJIB9Ge4CN5SDT03', '_version': 1, 'result': 'created', '_shards': {'total': 2, 'successful': 1, 'failed': 0}, '_seq_no': 222, '_primary_term': 1}
[2024-09-24T12:57:51.163+0000] {base.py:271} INFO - POST http://elasticsearch:9200/milestone3/_doc [status:201 request:0.002s]
[2024-09-24T12:57:51.163+0000] {logging_mixin.py:115} INFO - {'_index': 'milestone3', '_type': '_doc', '_id': 'ZFAcJJIB9Ge4CN5SDT06', '_version': 1, 'result': 'created', '_shards': {'total': 2, 'successful': 1, 'failed': 0}, '_seq_no': 223, '_primary_term': 1}
[2024-09-24T12:57:51.165+0000] {base.py:271} INFO - POST http://elasticsearch:9200/milestone3/_doc [status:201 request:0.002s]
[2024-09-24T12:57:51.165+0000] {logging_mixin.py:115} INFO - {'_index': 'milestone3', '_type': '_doc', '_id': 'ZVAcJJIB9Ge4CN5SDT08', '_version': 1, 'result': 'created', '_shards': {'total': 2, 'successful': 1, 'failed': 0}, '_seq_no': 224, '_primary_term': 1}
[2024-09-24T12:57:51.167+0000] {base.py:271} INFO - POST http://elasticsearch:9200/milestone3/_doc [status:201 request:0.002s]
[2024-09-24T12:57:51.167+0000] {logging_mixin.py:115} INFO - {'_index': 'milestone3', '_type': '_doc', '_id': 'ZlAcJJIB9Ge4CN5SDT0-', '_version': 1, 'result': 'created', '_shards': {'total': 2, 'successful': 1, 'failed': 0}, '_seq_no': 225, '_primary_term': 1}
[2024-09-24T12:57:51.169+0000] {base.py:271} INFO - POST http://elasticsearch:9200/milestone3/_doc [status:201 request:0.002s]
[2024-09-24T12:57:51.170+0000] {logging_mixin.py:115} INFO - {'_index': 'milestone3', '_type': '_doc', '_id': 'Z1AcJJIB9Ge4CN5SDT1A', '_version': 1, 'result': 'created', '_shards': {'total': 2, 'successful': 1, 'failed': 0}, '_seq_no': 226, '_primary_term': 1}
[2024-09-24T12:57:51.172+0000] {base.py:271} INFO - POST http://elasticsearch:9200/milestone3/_doc [status:201 request:0.002s]
[2024-09-24T12:57:51.172+0000] {logging_mixin.py:115} INFO - {'_index': 'milestone3', '_type': '_doc', '_id': 'aFAcJJIB9Ge4CN5SDT1C', '_version': 1, 'result': 'created', '_shards': {'total': 2, 'successful': 1, 'failed': 0}, '_seq_no': 227, '_primary_term': 1}
[2024-09-24T12:57:51.174+0000] {base.py:271} INFO - POST http://elasticsearch:9200/milestone3/_doc [status:201 request:0.002s]
[2024-09-24T12:57:51.174+0000] {logging_mixin.py:115} INFO - {'_index': 'milestone3', '_type': '_doc', '_id': 'aVAcJJIB9Ge4CN5SDT1F', '_version': 1, 'result': 'created', '_shards': {'total': 2, 'successful': 1, 'failed': 0}, '_seq_no': 228, '_primary_term': 1}
[2024-09-24T12:57:51.176+0000] {base.py:271} INFO - POST http://elasticsearch:9200/milestone3/_doc [status:201 request:0.001s]
[2024-09-24T12:57:51.176+0000] {logging_mixin.py:115} INFO - {'_index': 'milestone3', '_type': '_doc', '_id': 'alAcJJIB9Ge4CN5SDT1G', '_version': 1, 'result': 'created', '_shards': {'total': 2, 'successful': 1, 'failed': 0}, '_seq_no': 229, '_primary_term': 1}
[2024-09-24T12:57:51.178+0000] {base.py:271} INFO - POST http://elasticsearch:9200/milestone3/_doc [status:201 request:0.002s]
[2024-09-24T12:57:51.178+0000] {logging_mixin.py:115} INFO - {'_index': 'milestone3', '_type': '_doc', '_id': 'a1AcJJIB9Ge4CN5SDT1I', '_version': 1, 'result': 'created', '_shards': {'total': 2, 'successful': 1, 'failed': 0}, '_seq_no': 230, '_primary_term': 1}
[2024-09-24T12:57:51.180+0000] {base.py:271} INFO - POST http://elasticsearch:9200/milestone3/_doc [status:201 request:0.002s]
[2024-09-24T12:57:51.180+0000] {logging_mixin.py:115} INFO - {'_index': 'milestone3', '_type': '_doc', '_id': 'bFAcJJIB9Ge4CN5SDT1L', '_version': 1, 'result': 'created', '_shards': {'total': 2, 'successful': 1, 'failed': 0}, '_seq_no': 231, '_primary_term': 1}
[2024-09-24T12:57:51.183+0000] {base.py:271} INFO - POST http://elasticsearch:9200/milestone3/_doc [status:201 request:0.002s]
[2024-09-24T12:57:51.183+0000] {logging_mixin.py:115} INFO - {'_index': 'milestone3', '_type': '_doc', '_id': 'bVAcJJIB9Ge4CN5SDT1N', '_version': 1, 'result': 'created', '_shards': {'total': 2, 'successful': 1, 'failed': 0}, '_seq_no': 232, '_primary_term': 1}
[2024-09-24T12:57:51.185+0000] {base.py:271} INFO - POST http://elasticsearch:9200/milestone3/_doc [status:201 request:0.002s]
[2024-09-24T12:57:51.185+0000] {logging_mixin.py:115} INFO - {'_index': 'milestone3', '_type': '_doc', '_id': 'blAcJJIB9Ge4CN5SDT1Q', '_version': 1, 'result': 'created', '_shards': {'total': 2, 'successful': 1, 'failed': 0}, '_seq_no': 233, '_primary_term': 1}
[2024-09-24T12:57:51.187+0000] {base.py:271} INFO - POST http://elasticsearch:9200/milestone3/_doc [status:201 request:0.002s]
[2024-09-24T12:57:51.187+0000] {logging_mixin.py:115} INFO - {'_index': 'milestone3', '_type': '_doc', '_id': 'b1AcJJIB9Ge4CN5SDT1S', '_version': 1, 'result': 'created', '_shards': {'total': 2, 'successful': 1, 'failed': 0}, '_seq_no': 234, '_primary_term': 1}
[2024-09-24T12:57:51.190+0000] {base.py:271} INFO - POST http://elasticsearch:9200/milestone3/_doc [status:201 request:0.003s]
[2024-09-24T12:57:51.191+0000] {logging_mixin.py:115} INFO - {'_index': 'milestone3', '_type': '_doc', '_id': 'cFAcJJIB9Ge4CN5SDT1U', '_version': 1, 'result': 'created', '_shards': {'total': 2, 'successful': 1, 'failed': 0}, '_seq_no': 235, '_primary_term': 1}
[2024-09-24T12:57:51.193+0000] {base.py:271} INFO - POST http://elasticsearch:9200/milestone3/_doc [status:201 request:0.002s]
[2024-09-24T12:57:51.193+0000] {logging_mixin.py:115} INFO - {'_index': 'milestone3', '_type': '_doc', '_id': 'cVAcJJIB9Ge4CN5SDT1X', '_version': 1, 'result': 'created', '_shards': {'total': 2, 'successful': 1, 'failed': 0}, '_seq_no': 236, '_primary_term': 1}
[2024-09-24T12:57:51.195+0000] {base.py:271} INFO - POST http://elasticsearch:9200/milestone3/_doc [status:201 request:0.002s]
[2024-09-24T12:57:51.195+0000] {logging_mixin.py:115} INFO - {'_index': 'milestone3', '_type': '_doc', '_id': 'clAcJJIB9Ge4CN5SDT1a', '_version': 1, 'result': 'created', '_shards': {'total': 2, 'successful': 1, 'failed': 0}, '_seq_no': 237, '_primary_term': 1}
[2024-09-24T12:57:51.198+0000] {base.py:271} INFO - POST http://elasticsearch:9200/milestone3/_doc [status:201 request:0.002s]
[2024-09-24T12:57:51.198+0000] {logging_mixin.py:115} INFO - {'_index': 'milestone3', '_type': '_doc', '_id': 'c1AcJJIB9Ge4CN5SDT1c', '_version': 1, 'result': 'created', '_shards': {'total': 2, 'successful': 1, 'failed': 0}, '_seq_no': 238, '_primary_term': 1}
[2024-09-24T12:57:51.200+0000] {base.py:271} INFO - POST http://elasticsearch:9200/milestone3/_doc [status:201 request:0.002s]
[2024-09-24T12:57:51.201+0000] {logging_mixin.py:115} INFO - {'_index': 'milestone3', '_type': '_doc', '_id': 'dFAcJJIB9Ge4CN5SDT1f', '_version': 1, 'result': 'created', '_shards': {'total': 2, 'successful': 1, 'failed': 0}, '_seq_no': 239, '_primary_term': 1}
[2024-09-24T12:57:51.203+0000] {base.py:271} INFO - POST http://elasticsearch:9200/milestone3/_doc [status:201 request:0.002s]
[2024-09-24T12:57:51.203+0000] {logging_mixin.py:115} INFO - {'_index': 'milestone3', '_type': '_doc', '_id': 'dVAcJJIB9Ge4CN5SDT1h', '_version': 1, 'result': 'created', '_shards': {'total': 2, 'successful': 1, 'failed': 0}, '_seq_no': 240, '_primary_term': 1}
[2024-09-24T12:57:51.207+0000] {base.py:271} INFO - POST http://elasticsearch:9200/milestone3/_doc [status:201 request:0.003s]
[2024-09-24T12:57:51.207+0000] {logging_mixin.py:115} INFO - {'_index': 'milestone3', '_type': '_doc', '_id': 'dlAcJJIB9Ge4CN5SDT1l', '_version': 1, 'result': 'created', '_shards': {'total': 2, 'successful': 1, 'failed': 0}, '_seq_no': 241, '_primary_term': 1}
[2024-09-24T12:57:51.211+0000] {base.py:271} INFO - POST http://elasticsearch:9200/milestone3/_doc [status:201 request:0.003s]
[2024-09-24T12:57:51.211+0000] {logging_mixin.py:115} INFO - {'_index': 'milestone3', '_type': '_doc', '_id': 'd1AcJJIB9Ge4CN5SDT1o', '_version': 1, 'result': 'created', '_shards': {'total': 2, 'successful': 1, 'failed': 0}, '_seq_no': 242, '_primary_term': 1}
[2024-09-24T12:57:51.213+0000] {base.py:271} INFO - POST http://elasticsearch:9200/milestone3/_doc [status:201 request:0.002s]
[2024-09-24T12:57:51.214+0000] {logging_mixin.py:115} INFO - {'_index': 'milestone3', '_type': '_doc', '_id': 'eFAcJJIB9Ge4CN5SDT1s', '_version': 1, 'result': 'created', '_shards': {'total': 2, 'successful': 1, 'failed': 0}, '_seq_no': 243, '_primary_term': 1}
[2024-09-24T12:57:51.216+0000] {base.py:271} INFO - POST http://elasticsearch:9200/milestone3/_doc [status:201 request:0.002s]
[2024-09-24T12:57:51.216+0000] {logging_mixin.py:115} INFO - {'_index': 'milestone3', '_type': '_doc', '_id': 'eVAcJJIB9Ge4CN5SDT1u', '_version': 1, 'result': 'created', '_shards': {'total': 2, 'successful': 1, 'failed': 0}, '_seq_no': 244, '_primary_term': 1}
[2024-09-24T12:57:51.218+0000] {base.py:271} INFO - POST http://elasticsearch:9200/milestone3/_doc [status:201 request:0.002s]
[2024-09-24T12:57:51.218+0000] {logging_mixin.py:115} INFO - {'_index': 'milestone3', '_type': '_doc', '_id': 'elAcJJIB9Ge4CN5SDT1w', '_version': 1, 'result': 'created', '_shards': {'total': 2, 'successful': 1, 'failed': 0}, '_seq_no': 245, '_primary_term': 1}
[2024-09-24T12:57:51.220+0000] {base.py:271} INFO - POST http://elasticsearch:9200/milestone3/_doc [status:201 request:0.002s]
[2024-09-24T12:57:51.220+0000] {logging_mixin.py:115} INFO - {'_index': 'milestone3', '_type': '_doc', '_id': 'e1AcJJIB9Ge4CN5SDT1y', '_version': 1, 'result': 'created', '_shards': {'total': 2, 'successful': 1, 'failed': 0}, '_seq_no': 246, '_primary_term': 1}
[2024-09-24T12:57:51.222+0000] {base.py:271} INFO - POST http://elasticsearch:9200/milestone3/_doc [status:201 request:0.001s]
[2024-09-24T12:57:51.222+0000] {logging_mixin.py:115} INFO - {'_index': 'milestone3', '_type': '_doc', '_id': 'fFAcJJIB9Ge4CN5SDT10', '_version': 1, 'result': 'created', '_shards': {'total': 2, 'successful': 1, 'failed': 0}, '_seq_no': 247, '_primary_term': 1}
[2024-09-24T12:57:51.224+0000] {base.py:271} INFO - POST http://elasticsearch:9200/milestone3/_doc [status:201 request:0.002s]
[2024-09-24T12:57:51.224+0000] {logging_mixin.py:115} INFO - {'_index': 'milestone3', '_type': '_doc', '_id': 'fVAcJJIB9Ge4CN5SDT12', '_version': 1, 'result': 'created', '_shards': {'total': 2, 'successful': 1, 'failed': 0}, '_seq_no': 248, '_primary_term': 1}
[2024-09-24T12:57:51.226+0000] {base.py:271} INFO - POST http://elasticsearch:9200/milestone3/_doc [status:201 request:0.002s]
[2024-09-24T12:57:51.226+0000] {logging_mixin.py:115} INFO - {'_index': 'milestone3', '_type': '_doc', '_id': 'flAcJJIB9Ge4CN5SDT14', '_version': 1, 'result': 'created', '_shards': {'total': 2, 'successful': 1, 'failed': 0}, '_seq_no': 249, '_primary_term': 1}
[2024-09-24T12:57:51.229+0000] {base.py:271} INFO - POST http://elasticsearch:9200/milestone3/_doc [status:201 request:0.002s]
[2024-09-24T12:57:51.229+0000] {logging_mixin.py:115} INFO - {'_index': 'milestone3', '_type': '_doc', '_id': 'f1AcJJIB9Ge4CN5SDT17', '_version': 1, 'result': 'created', '_shards': {'total': 2, 'successful': 1, 'failed': 0}, '_seq_no': 250, '_primary_term': 1}
[2024-09-24T12:57:51.231+0000] {base.py:271} INFO - POST http://elasticsearch:9200/milestone3/_doc [status:201 request:0.001s]
[2024-09-24T12:57:51.231+0000] {logging_mixin.py:115} INFO - {'_index': 'milestone3', '_type': '_doc', '_id': 'gFAcJJIB9Ge4CN5SDT19', '_version': 1, 'result': 'created', '_shards': {'total': 2, 'successful': 1, 'failed': 0}, '_seq_no': 251, '_primary_term': 1}
[2024-09-24T12:57:51.232+0000] {base.py:271} INFO - POST http://elasticsearch:9200/milestone3/_doc [status:201 request:0.001s]
[2024-09-24T12:57:51.232+0000] {logging_mixin.py:115} INFO - {'_index': 'milestone3', '_type': '_doc', '_id': 'gVAcJJIB9Ge4CN5SDT1_', '_version': 1, 'result': 'created', '_shards': {'total': 2, 'successful': 1, 'failed': 0}, '_seq_no': 252, '_primary_term': 1}
[2024-09-24T12:57:51.234+0000] {base.py:271} INFO - POST http://elasticsearch:9200/milestone3/_doc [status:201 request:0.002s]
[2024-09-24T12:57:51.235+0000] {logging_mixin.py:115} INFO - {'_index': 'milestone3', '_type': '_doc', '_id': 'glAcJJIB9Ge4CN5SDT2B', '_version': 1, 'result': 'created', '_shards': {'total': 2, 'successful': 1, 'failed': 0}, '_seq_no': 253, '_primary_term': 1}
[2024-09-24T12:57:51.236+0000] {base.py:271} INFO - POST http://elasticsearch:9200/milestone3/_doc [status:201 request:0.002s]
[2024-09-24T12:57:51.237+0000] {logging_mixin.py:115} INFO - {'_index': 'milestone3', '_type': '_doc', '_id': 'g1AcJJIB9Ge4CN5SDT2D', '_version': 1, 'result': 'created', '_shards': {'total': 2, 'successful': 1, 'failed': 0}, '_seq_no': 254, '_primary_term': 1}
[2024-09-24T12:57:51.238+0000] {base.py:271} INFO - POST http://elasticsearch:9200/milestone3/_doc [status:201 request:0.002s]
[2024-09-24T12:57:51.239+0000] {logging_mixin.py:115} INFO - {'_index': 'milestone3', '_type': '_doc', '_id': 'hFAcJJIB9Ge4CN5SDT2F', '_version': 1, 'result': 'created', '_shards': {'total': 2, 'successful': 1, 'failed': 0}, '_seq_no': 255, '_primary_term': 1}
[2024-09-24T12:57:51.240+0000] {base.py:271} INFO - POST http://elasticsearch:9200/milestone3/_doc [status:201 request:0.001s]
[2024-09-24T12:57:51.240+0000] {logging_mixin.py:115} INFO - {'_index': 'milestone3', '_type': '_doc', '_id': 'hVAcJJIB9Ge4CN5SDT2H', '_version': 1, 'result': 'created', '_shards': {'total': 2, 'successful': 1, 'failed': 0}, '_seq_no': 256, '_primary_term': 1}
[2024-09-24T12:57:51.242+0000] {base.py:271} INFO - POST http://elasticsearch:9200/milestone3/_doc [status:201 request:0.001s]
[2024-09-24T12:57:51.242+0000] {logging_mixin.py:115} INFO - {'_index': 'milestone3', '_type': '_doc', '_id': 'hlAcJJIB9Ge4CN5SDT2J', '_version': 1, 'result': 'created', '_shards': {'total': 2, 'successful': 1, 'failed': 0}, '_seq_no': 257, '_primary_term': 1}
[2024-09-24T12:57:51.244+0000] {base.py:271} INFO - POST http://elasticsearch:9200/milestone3/_doc [status:201 request:0.001s]
[2024-09-24T12:57:51.244+0000] {logging_mixin.py:115} INFO - {'_index': 'milestone3', '_type': '_doc', '_id': 'h1AcJJIB9Ge4CN5SDT2L', '_version': 1, 'result': 'created', '_shards': {'total': 2, 'successful': 1, 'failed': 0}, '_seq_no': 258, '_primary_term': 1}
[2024-09-24T12:57:51.246+0000] {base.py:271} INFO - POST http://elasticsearch:9200/milestone3/_doc [status:201 request:0.001s]
[2024-09-24T12:57:51.246+0000] {logging_mixin.py:115} INFO - {'_index': 'milestone3', '_type': '_doc', '_id': 'iFAcJJIB9Ge4CN5SDT2M', '_version': 1, 'result': 'created', '_shards': {'total': 2, 'successful': 1, 'failed': 0}, '_seq_no': 259, '_primary_term': 1}
[2024-09-24T12:57:51.247+0000] {base.py:271} INFO - POST http://elasticsearch:9200/milestone3/_doc [status:201 request:0.001s]
[2024-09-24T12:57:51.247+0000] {logging_mixin.py:115} INFO - {'_index': 'milestone3', '_type': '_doc', '_id': 'iVAcJJIB9Ge4CN5SDT2O', '_version': 1, 'result': 'created', '_shards': {'total': 2, 'successful': 1, 'failed': 0}, '_seq_no': 260, '_primary_term': 1}
[2024-09-24T12:57:51.250+0000] {base.py:271} INFO - POST http://elasticsearch:9200/milestone3/_doc [status:201 request:0.002s]
[2024-09-24T12:57:51.250+0000] {logging_mixin.py:115} INFO - {'_index': 'milestone3', '_type': '_doc', '_id': 'ilAcJJIB9Ge4CN5SDT2Q', '_version': 1, 'result': 'created', '_shards': {'total': 2, 'successful': 1, 'failed': 0}, '_seq_no': 261, '_primary_term': 1}
[2024-09-24T12:57:51.252+0000] {base.py:271} INFO - POST http://elasticsearch:9200/milestone3/_doc [status:201 request:0.002s]
[2024-09-24T12:57:51.252+0000] {logging_mixin.py:115} INFO - {'_index': 'milestone3', '_type': '_doc', '_id': 'i1AcJJIB9Ge4CN5SDT2S', '_version': 1, 'result': 'created', '_shards': {'total': 2, 'successful': 1, 'failed': 0}, '_seq_no': 262, '_primary_term': 1}
[2024-09-24T12:57:51.254+0000] {base.py:271} INFO - POST http://elasticsearch:9200/milestone3/_doc [status:201 request:0.001s]
[2024-09-24T12:57:51.254+0000] {logging_mixin.py:115} INFO - {'_index': 'milestone3', '_type': '_doc', '_id': 'jFAcJJIB9Ge4CN5SDT2V', '_version': 1, 'result': 'created', '_shards': {'total': 2, 'successful': 1, 'failed': 0}, '_seq_no': 263, '_primary_term': 1}
[2024-09-24T12:57:51.255+0000] {base.py:271} INFO - POST http://elasticsearch:9200/milestone3/_doc [status:201 request:0.001s]
[2024-09-24T12:57:51.256+0000] {logging_mixin.py:115} INFO - {'_index': 'milestone3', '_type': '_doc', '_id': 'jVAcJJIB9Ge4CN5SDT2W', '_version': 1, 'result': 'created', '_shards': {'total': 2, 'successful': 1, 'failed': 0}, '_seq_no': 264, '_primary_term': 1}
[2024-09-24T12:57:51.257+0000] {base.py:271} INFO - POST http://elasticsearch:9200/milestone3/_doc [status:201 request:0.002s]
[2024-09-24T12:57:51.258+0000] {logging_mixin.py:115} INFO - {'_index': 'milestone3', '_type': '_doc', '_id': 'jlAcJJIB9Ge4CN5SDT2Y', '_version': 1, 'result': 'created', '_shards': {'total': 2, 'successful': 1, 'failed': 0}, '_seq_no': 265, '_primary_term': 1}
[2024-09-24T12:57:51.259+0000] {base.py:271} INFO - POST http://elasticsearch:9200/milestone3/_doc [status:201 request:0.002s]
[2024-09-24T12:57:51.259+0000] {logging_mixin.py:115} INFO - {'_index': 'milestone3', '_type': '_doc', '_id': 'j1AcJJIB9Ge4CN5SDT2a', '_version': 1, 'result': 'created', '_shards': {'total': 2, 'successful': 1, 'failed': 0}, '_seq_no': 266, '_primary_term': 1}
[2024-09-24T12:57:51.261+0000] {base.py:271} INFO - POST http://elasticsearch:9200/milestone3/_doc [status:201 request:0.001s]
[2024-09-24T12:57:51.261+0000] {logging_mixin.py:115} INFO - {'_index': 'milestone3', '_type': '_doc', '_id': 'kFAcJJIB9Ge4CN5SDT2c', '_version': 1, 'result': 'created', '_shards': {'total': 2, 'successful': 1, 'failed': 0}, '_seq_no': 267, '_primary_term': 1}
[2024-09-24T12:57:51.263+0000] {base.py:271} INFO - POST http://elasticsearch:9200/milestone3/_doc [status:201 request:0.001s]
[2024-09-24T12:57:51.263+0000] {logging_mixin.py:115} INFO - {'_index': 'milestone3', '_type': '_doc', '_id': 'kVAcJJIB9Ge4CN5SDT2e', '_version': 1, 'result': 'created', '_shards': {'total': 2, 'successful': 1, 'failed': 0}, '_seq_no': 268, '_primary_term': 1}
[2024-09-24T12:57:51.265+0000] {base.py:271} INFO - POST http://elasticsearch:9200/milestone3/_doc [status:201 request:0.001s]
[2024-09-24T12:57:51.265+0000] {logging_mixin.py:115} INFO - {'_index': 'milestone3', '_type': '_doc', '_id': 'klAcJJIB9Ge4CN5SDT2g', '_version': 1, 'result': 'created', '_shards': {'total': 2, 'successful': 1, 'failed': 0}, '_seq_no': 269, '_primary_term': 1}
[2024-09-24T12:57:51.267+0000] {base.py:271} INFO - POST http://elasticsearch:9200/milestone3/_doc [status:201 request:0.001s]
[2024-09-24T12:57:51.267+0000] {logging_mixin.py:115} INFO - {'_index': 'milestone3', '_type': '_doc', '_id': 'k1AcJJIB9Ge4CN5SDT2i', '_version': 1, 'result': 'created', '_shards': {'total': 2, 'successful': 1, 'failed': 0}, '_seq_no': 270, '_primary_term': 1}
[2024-09-24T12:57:51.269+0000] {base.py:271} INFO - POST http://elasticsearch:9200/milestone3/_doc [status:201 request:0.001s]
[2024-09-24T12:57:51.269+0000] {logging_mixin.py:115} INFO - {'_index': 'milestone3', '_type': '_doc', '_id': 'lFAcJJIB9Ge4CN5SDT2j', '_version': 1, 'result': 'created', '_shards': {'total': 2, 'successful': 1, 'failed': 0}, '_seq_no': 271, '_primary_term': 1}
[2024-09-24T12:57:51.271+0000] {base.py:271} INFO - POST http://elasticsearch:9200/milestone3/_doc [status:201 request:0.002s]
[2024-09-24T12:57:51.271+0000] {logging_mixin.py:115} INFO - {'_index': 'milestone3', '_type': '_doc', '_id': 'lVAcJJIB9Ge4CN5SDT2l', '_version': 1, 'result': 'created', '_shards': {'total': 2, 'successful': 1, 'failed': 0}, '_seq_no': 272, '_primary_term': 1}
[2024-09-24T12:57:51.273+0000] {base.py:271} INFO - POST http://elasticsearch:9200/milestone3/_doc [status:201 request:0.001s]
[2024-09-24T12:57:51.273+0000] {logging_mixin.py:115} INFO - {'_index': 'milestone3', '_type': '_doc', '_id': 'llAcJJIB9Ge4CN5SDT2o', '_version': 1, 'result': 'created', '_shards': {'total': 2, 'successful': 1, 'failed': 0}, '_seq_no': 273, '_primary_term': 1}
[2024-09-24T12:57:51.275+0000] {base.py:271} INFO - POST http://elasticsearch:9200/milestone3/_doc [status:201 request:0.002s]
[2024-09-24T12:57:51.275+0000] {logging_mixin.py:115} INFO - {'_index': 'milestone3', '_type': '_doc', '_id': 'l1AcJJIB9Ge4CN5SDT2p', '_version': 1, 'result': 'created', '_shards': {'total': 2, 'successful': 1, 'failed': 0}, '_seq_no': 274, '_primary_term': 1}
[2024-09-24T12:57:51.277+0000] {base.py:271} INFO - POST http://elasticsearch:9200/milestone3/_doc [status:201 request:0.001s]
[2024-09-24T12:57:51.277+0000] {logging_mixin.py:115} INFO - {'_index': 'milestone3', '_type': '_doc', '_id': 'mFAcJJIB9Ge4CN5SDT2s', '_version': 1, 'result': 'created', '_shards': {'total': 2, 'successful': 1, 'failed': 0}, '_seq_no': 275, '_primary_term': 1}
[2024-09-24T12:57:51.278+0000] {base.py:271} INFO - POST http://elasticsearch:9200/milestone3/_doc [status:201 request:0.001s]
[2024-09-24T12:57:51.279+0000] {logging_mixin.py:115} INFO - {'_index': 'milestone3', '_type': '_doc', '_id': 'mVAcJJIB9Ge4CN5SDT2t', '_version': 1, 'result': 'created', '_shards': {'total': 2, 'successful': 1, 'failed': 0}, '_seq_no': 276, '_primary_term': 1}
[2024-09-24T12:57:51.281+0000] {base.py:271} INFO - POST http://elasticsearch:9200/milestone3/_doc [status:201 request:0.002s]
[2024-09-24T12:57:51.281+0000] {logging_mixin.py:115} INFO - {'_index': 'milestone3', '_type': '_doc', '_id': 'mlAcJJIB9Ge4CN5SDT2v', '_version': 1, 'result': 'created', '_shards': {'total': 2, 'successful': 1, 'failed': 0}, '_seq_no': 277, '_primary_term': 1}
[2024-09-24T12:57:51.283+0000] {base.py:271} INFO - POST http://elasticsearch:9200/milestone3/_doc [status:201 request:0.001s]
[2024-09-24T12:57:51.283+0000] {logging_mixin.py:115} INFO - {'_index': 'milestone3', '_type': '_doc', '_id': 'm1AcJJIB9Ge4CN5SDT2x', '_version': 1, 'result': 'created', '_shards': {'total': 2, 'successful': 1, 'failed': 0}, '_seq_no': 278, '_primary_term': 1}
[2024-09-24T12:57:51.284+0000] {base.py:271} INFO - POST http://elasticsearch:9200/milestone3/_doc [status:201 request:0.001s]
[2024-09-24T12:57:51.285+0000] {logging_mixin.py:115} INFO - {'_index': 'milestone3', '_type': '_doc', '_id': 'nFAcJJIB9Ge4CN5SDT2z', '_version': 1, 'result': 'created', '_shards': {'total': 2, 'successful': 1, 'failed': 0}, '_seq_no': 279, '_primary_term': 1}
[2024-09-24T12:57:51.286+0000] {base.py:271} INFO - POST http://elasticsearch:9200/milestone3/_doc [status:201 request:0.002s]
[2024-09-24T12:57:51.287+0000] {logging_mixin.py:115} INFO - {'_index': 'milestone3', '_type': '_doc', '_id': 'nVAcJJIB9Ge4CN5SDT21', '_version': 1, 'result': 'created', '_shards': {'total': 2, 'successful': 1, 'failed': 0}, '_seq_no': 280, '_primary_term': 1}
[2024-09-24T12:57:51.289+0000] {base.py:271} INFO - POST http://elasticsearch:9200/milestone3/_doc [status:201 request:0.002s]
[2024-09-24T12:57:51.289+0000] {logging_mixin.py:115} INFO - {'_index': 'milestone3', '_type': '_doc', '_id': 'nlAcJJIB9Ge4CN5SDT23', '_version': 1, 'result': 'created', '_shards': {'total': 2, 'successful': 1, 'failed': 0}, '_seq_no': 281, '_primary_term': 1}
[2024-09-24T12:57:51.290+0000] {base.py:271} INFO - POST http://elasticsearch:9200/milestone3/_doc [status:201 request:0.001s]
[2024-09-24T12:57:51.291+0000] {logging_mixin.py:115} INFO - {'_index': 'milestone3', '_type': '_doc', '_id': 'n1AcJJIB9Ge4CN5SDT25', '_version': 1, 'result': 'created', '_shards': {'total': 2, 'successful': 1, 'failed': 0}, '_seq_no': 282, '_primary_term': 1}
[2024-09-24T12:57:51.292+0000] {base.py:271} INFO - POST http://elasticsearch:9200/milestone3/_doc [status:201 request:0.002s]
[2024-09-24T12:57:51.293+0000] {logging_mixin.py:115} INFO - {'_index': 'milestone3', '_type': '_doc', '_id': 'oFAcJJIB9Ge4CN5SDT27', '_version': 1, 'result': 'created', '_shards': {'total': 2, 'successful': 1, 'failed': 0}, '_seq_no': 283, '_primary_term': 1}
[2024-09-24T12:57:51.294+0000] {base.py:271} INFO - POST http://elasticsearch:9200/milestone3/_doc [status:201 request:0.001s]
[2024-09-24T12:57:51.294+0000] {logging_mixin.py:115} INFO - {'_index': 'milestone3', '_type': '_doc', '_id': 'oVAcJJIB9Ge4CN5SDT29', '_version': 1, 'result': 'created', '_shards': {'total': 2, 'successful': 1, 'failed': 0}, '_seq_no': 284, '_primary_term': 1}
[2024-09-24T12:57:51.296+0000] {base.py:271} INFO - POST http://elasticsearch:9200/milestone3/_doc [status:201 request:0.001s]
[2024-09-24T12:57:51.296+0000] {logging_mixin.py:115} INFO - {'_index': 'milestone3', '_type': '_doc', '_id': 'olAcJJIB9Ge4CN5SDT2_', '_version': 1, 'result': 'created', '_shards': {'total': 2, 'successful': 1, 'failed': 0}, '_seq_no': 285, '_primary_term': 1}
[2024-09-24T12:57:51.298+0000] {base.py:271} INFO - POST http://elasticsearch:9200/milestone3/_doc [status:201 request:0.002s]
[2024-09-24T12:57:51.298+0000] {logging_mixin.py:115} INFO - {'_index': 'milestone3', '_type': '_doc', '_id': 'o1AcJJIB9Ge4CN5SDT3B', '_version': 1, 'result': 'created', '_shards': {'total': 2, 'successful': 1, 'failed': 0}, '_seq_no': 286, '_primary_term': 1}
[2024-09-24T12:57:51.300+0000] {base.py:271} INFO - POST http://elasticsearch:9200/milestone3/_doc [status:201 request:0.002s]
[2024-09-24T12:57:51.300+0000] {logging_mixin.py:115} INFO - {'_index': 'milestone3', '_type': '_doc', '_id': 'pFAcJJIB9Ge4CN5SDT3D', '_version': 1, 'result': 'created', '_shards': {'total': 2, 'successful': 1, 'failed': 0}, '_seq_no': 287, '_primary_term': 1}
[2024-09-24T12:57:51.302+0000] {base.py:271} INFO - POST http://elasticsearch:9200/milestone3/_doc [status:201 request:0.001s]
[2024-09-24T12:57:51.302+0000] {logging_mixin.py:115} INFO - {'_index': 'milestone3', '_type': '_doc', '_id': 'pVAcJJIB9Ge4CN5SDT3F', '_version': 1, 'result': 'created', '_shards': {'total': 2, 'successful': 1, 'failed': 0}, '_seq_no': 288, '_primary_term': 1}
[2024-09-24T12:57:51.304+0000] {base.py:271} INFO - POST http://elasticsearch:9200/milestone3/_doc [status:201 request:0.001s]
[2024-09-24T12:57:51.304+0000] {logging_mixin.py:115} INFO - {'_index': 'milestone3', '_type': '_doc', '_id': 'plAcJJIB9Ge4CN5SDT3H', '_version': 1, 'result': 'created', '_shards': {'total': 2, 'successful': 1, 'failed': 0}, '_seq_no': 289, '_primary_term': 1}
[2024-09-24T12:57:51.306+0000] {base.py:271} INFO - POST http://elasticsearch:9200/milestone3/_doc [status:201 request:0.001s]
[2024-09-24T12:57:51.306+0000] {logging_mixin.py:115} INFO - {'_index': 'milestone3', '_type': '_doc', '_id': 'p1AcJJIB9Ge4CN5SDT3I', '_version': 1, 'result': 'created', '_shards': {'total': 2, 'successful': 1, 'failed': 0}, '_seq_no': 290, '_primary_term': 1}
[2024-09-24T12:57:51.308+0000] {base.py:271} INFO - POST http://elasticsearch:9200/milestone3/_doc [status:201 request:0.001s]
[2024-09-24T12:57:51.308+0000] {logging_mixin.py:115} INFO - {'_index': 'milestone3', '_type': '_doc', '_id': 'qFAcJJIB9Ge4CN5SDT3K', '_version': 1, 'result': 'created', '_shards': {'total': 2, 'successful': 1, 'failed': 0}, '_seq_no': 291, '_primary_term': 1}
[2024-09-24T12:57:51.309+0000] {base.py:271} INFO - POST http://elasticsearch:9200/milestone3/_doc [status:201 request:0.001s]
[2024-09-24T12:57:51.310+0000] {logging_mixin.py:115} INFO - {'_index': 'milestone3', '_type': '_doc', '_id': 'qVAcJJIB9Ge4CN5SDT3M', '_version': 1, 'result': 'created', '_shards': {'total': 2, 'successful': 1, 'failed': 0}, '_seq_no': 292, '_primary_term': 1}
[2024-09-24T12:57:51.311+0000] {base.py:271} INFO - POST http://elasticsearch:9200/milestone3/_doc [status:201 request:0.001s]
[2024-09-24T12:57:51.311+0000] {logging_mixin.py:115} INFO - {'_index': 'milestone3', '_type': '_doc', '_id': 'qlAcJJIB9Ge4CN5SDT3O', '_version': 1, 'result': 'created', '_shards': {'total': 2, 'successful': 1, 'failed': 0}, '_seq_no': 293, '_primary_term': 1}
[2024-09-24T12:57:51.313+0000] {base.py:271} INFO - POST http://elasticsearch:9200/milestone3/_doc [status:201 request:0.002s]
[2024-09-24T12:57:51.313+0000] {logging_mixin.py:115} INFO - {'_index': 'milestone3', '_type': '_doc', '_id': 'q1AcJJIB9Ge4CN5SDT3Q', '_version': 1, 'result': 'created', '_shards': {'total': 2, 'successful': 1, 'failed': 0}, '_seq_no': 294, '_primary_term': 1}
[2024-09-24T12:57:51.315+0000] {base.py:271} INFO - POST http://elasticsearch:9200/milestone3/_doc [status:201 request:0.001s]
[2024-09-24T12:57:51.315+0000] {logging_mixin.py:115} INFO - {'_index': 'milestone3', '_type': '_doc', '_id': 'rFAcJJIB9Ge4CN5SDT3S', '_version': 1, 'result': 'created', '_shards': {'total': 2, 'successful': 1, 'failed': 0}, '_seq_no': 295, '_primary_term': 1}
[2024-09-24T12:57:51.317+0000] {base.py:271} INFO - POST http://elasticsearch:9200/milestone3/_doc [status:201 request:0.002s]
[2024-09-24T12:57:51.317+0000] {logging_mixin.py:115} INFO - {'_index': 'milestone3', '_type': '_doc', '_id': 'rVAcJJIB9Ge4CN5SDT3T', '_version': 1, 'result': 'created', '_shards': {'total': 2, 'successful': 1, 'failed': 0}, '_seq_no': 296, '_primary_term': 1}
[2024-09-24T12:57:51.319+0000] {base.py:271} INFO - POST http://elasticsearch:9200/milestone3/_doc [status:201 request:0.002s]
[2024-09-24T12:57:51.319+0000] {logging_mixin.py:115} INFO - {'_index': 'milestone3', '_type': '_doc', '_id': 'rlAcJJIB9Ge4CN5SDT3W', '_version': 1, 'result': 'created', '_shards': {'total': 2, 'successful': 1, 'failed': 0}, '_seq_no': 297, '_primary_term': 1}
[2024-09-24T12:57:51.321+0000] {base.py:271} INFO - POST http://elasticsearch:9200/milestone3/_doc [status:201 request:0.001s]
[2024-09-24T12:57:51.321+0000] {logging_mixin.py:115} INFO - {'_index': 'milestone3', '_type': '_doc', '_id': 'r1AcJJIB9Ge4CN5SDT3Y', '_version': 1, 'result': 'created', '_shards': {'total': 2, 'successful': 1, 'failed': 0}, '_seq_no': 298, '_primary_term': 1}
[2024-09-24T12:57:51.323+0000] {base.py:271} INFO - POST http://elasticsearch:9200/milestone3/_doc [status:201 request:0.002s]
[2024-09-24T12:57:51.323+0000] {logging_mixin.py:115} INFO - {'_index': 'milestone3', '_type': '_doc', '_id': 'sFAcJJIB9Ge4CN5SDT3Z', '_version': 1, 'result': 'created', '_shards': {'total': 2, 'successful': 1, 'failed': 0}, '_seq_no': 299, '_primary_term': 1}
[2024-09-24T12:57:51.325+0000] {base.py:271} INFO - POST http://elasticsearch:9200/milestone3/_doc [status:201 request:0.001s]
[2024-09-24T12:57:51.325+0000] {logging_mixin.py:115} INFO - {'_index': 'milestone3', '_type': '_doc', '_id': 'sVAcJJIB9Ge4CN5SDT3c', '_version': 1, 'result': 'created', '_shards': {'total': 2, 'successful': 1, 'failed': 0}, '_seq_no': 300, '_primary_term': 1}
[2024-09-24T12:57:51.327+0000] {base.py:271} INFO - POST http://elasticsearch:9200/milestone3/_doc [status:201 request:0.002s]
[2024-09-24T12:57:51.327+0000] {logging_mixin.py:115} INFO - {'_index': 'milestone3', '_type': '_doc', '_id': 'slAcJJIB9Ge4CN5SDT3d', '_version': 1, 'result': 'created', '_shards': {'total': 2, 'successful': 1, 'failed': 0}, '_seq_no': 301, '_primary_term': 1}
[2024-09-24T12:57:51.329+0000] {base.py:271} INFO - POST http://elasticsearch:9200/milestone3/_doc [status:201 request:0.002s]
[2024-09-24T12:57:51.329+0000] {logging_mixin.py:115} INFO - {'_index': 'milestone3', '_type': '_doc', '_id': 's1AcJJIB9Ge4CN5SDT3f', '_version': 1, 'result': 'created', '_shards': {'total': 2, 'successful': 1, 'failed': 0}, '_seq_no': 302, '_primary_term': 1}
[2024-09-24T12:57:51.332+0000] {base.py:271} INFO - POST http://elasticsearch:9200/milestone3/_doc [status:201 request:0.003s]
[2024-09-24T12:57:51.332+0000] {logging_mixin.py:115} INFO - {'_index': 'milestone3', '_type': '_doc', '_id': 'tFAcJJIB9Ge4CN5SDT3h', '_version': 1, 'result': 'created', '_shards': {'total': 2, 'successful': 1, 'failed': 0}, '_seq_no': 303, '_primary_term': 1}
[2024-09-24T12:57:51.335+0000] {base.py:271} INFO - POST http://elasticsearch:9200/milestone3/_doc [status:201 request:0.002s]
[2024-09-24T12:57:51.337+0000] {logging_mixin.py:115} INFO - {'_index': 'milestone3', '_type': '_doc', '_id': 'tVAcJJIB9Ge4CN5SDT3l', '_version': 1, 'result': 'created', '_shards': {'total': 2, 'successful': 1, 'failed': 0}, '_seq_no': 304, '_primary_term': 1}
[2024-09-24T12:57:51.340+0000] {base.py:271} INFO - POST http://elasticsearch:9200/milestone3/_doc [status:201 request:0.002s]
[2024-09-24T12:57:51.340+0000] {logging_mixin.py:115} INFO - {'_index': 'milestone3', '_type': '_doc', '_id': 'tlAcJJIB9Ge4CN5SDT3q', '_version': 1, 'result': 'created', '_shards': {'total': 2, 'successful': 1, 'failed': 0}, '_seq_no': 305, '_primary_term': 1}
[2024-09-24T12:57:51.343+0000] {base.py:271} INFO - POST http://elasticsearch:9200/milestone3/_doc [status:201 request:0.002s]
[2024-09-24T12:57:51.343+0000] {logging_mixin.py:115} INFO - {'_index': 'milestone3', '_type': '_doc', '_id': 't1AcJJIB9Ge4CN5SDT3t', '_version': 1, 'result': 'created', '_shards': {'total': 2, 'successful': 1, 'failed': 0}, '_seq_no': 306, '_primary_term': 1}
[2024-09-24T12:57:51.346+0000] {base.py:271} INFO - POST http://elasticsearch:9200/milestone3/_doc [status:201 request:0.002s]
[2024-09-24T12:57:51.346+0000] {logging_mixin.py:115} INFO - {'_index': 'milestone3', '_type': '_doc', '_id': 'uFAcJJIB9Ge4CN5SDT3w', '_version': 1, 'result': 'created', '_shards': {'total': 2, 'successful': 1, 'failed': 0}, '_seq_no': 307, '_primary_term': 1}
[2024-09-24T12:57:51.349+0000] {base.py:271} INFO - POST http://elasticsearch:9200/milestone3/_doc [status:201 request:0.002s]
[2024-09-24T12:57:51.349+0000] {logging_mixin.py:115} INFO - {'_index': 'milestone3', '_type': '_doc', '_id': 'uVAcJJIB9Ge4CN5SDT3z', '_version': 1, 'result': 'created', '_shards': {'total': 2, 'successful': 1, 'failed': 0}, '_seq_no': 308, '_primary_term': 1}
[2024-09-24T12:57:51.358+0000] {base.py:271} INFO - POST http://elasticsearch:9200/milestone3/_doc [status:201 request:0.009s]
[2024-09-24T12:57:51.360+0000] {logging_mixin.py:115} INFO - {'_index': 'milestone3', '_type': '_doc', '_id': 'ulAcJJIB9Ge4CN5SDT32', '_version': 1, 'result': 'created', '_shards': {'total': 2, 'successful': 1, 'failed': 0}, '_seq_no': 309, '_primary_term': 1}
[2024-09-24T12:57:51.370+0000] {base.py:271} INFO - POST http://elasticsearch:9200/milestone3/_doc [status:201 request:0.009s]
[2024-09-24T12:57:51.371+0000] {logging_mixin.py:115} INFO - {'_index': 'milestone3', '_type': '_doc', '_id': 'u1AcJJIB9Ge4CN5SDj0D', '_version': 1, 'result': 'created', '_shards': {'total': 2, 'successful': 1, 'failed': 0}, '_seq_no': 310, '_primary_term': 1}
[2024-09-24T12:57:51.380+0000] {base.py:271} INFO - POST http://elasticsearch:9200/milestone3/_doc [status:201 request:0.008s]
[2024-09-24T12:57:51.381+0000] {logging_mixin.py:115} INFO - {'_index': 'milestone3', '_type': '_doc', '_id': 'vFAcJJIB9Ge4CN5SDj0N', '_version': 1, 'result': 'created', '_shards': {'total': 2, 'successful': 1, 'failed': 0}, '_seq_no': 311, '_primary_term': 1}
[2024-09-24T12:57:51.389+0000] {base.py:271} INFO - POST http://elasticsearch:9200/milestone3/_doc [status:201 request:0.007s]
[2024-09-24T12:57:51.390+0000] {logging_mixin.py:115} INFO - {'_index': 'milestone3', '_type': '_doc', '_id': 'vVAcJJIB9Ge4CN5SDj0Y', '_version': 1, 'result': 'created', '_shards': {'total': 2, 'successful': 1, 'failed': 0}, '_seq_no': 312, '_primary_term': 1}
[2024-09-24T12:57:51.394+0000] {base.py:271} INFO - POST http://elasticsearch:9200/milestone3/_doc [status:201 request:0.003s]
[2024-09-24T12:57:51.394+0000] {logging_mixin.py:115} INFO - {'_index': 'milestone3', '_type': '_doc', '_id': 'vlAcJJIB9Ge4CN5SDj0f', '_version': 1, 'result': 'created', '_shards': {'total': 2, 'successful': 1, 'failed': 0}, '_seq_no': 313, '_primary_term': 1}
[2024-09-24T12:57:51.399+0000] {base.py:271} INFO - POST http://elasticsearch:9200/milestone3/_doc [status:201 request:0.004s]
[2024-09-24T12:57:51.399+0000] {logging_mixin.py:115} INFO - {'_index': 'milestone3', '_type': '_doc', '_id': 'v1AcJJIB9Ge4CN5SDj0j', '_version': 1, 'result': 'created', '_shards': {'total': 2, 'successful': 1, 'failed': 0}, '_seq_no': 314, '_primary_term': 1}
[2024-09-24T12:57:51.402+0000] {base.py:271} INFO - POST http://elasticsearch:9200/milestone3/_doc [status:201 request:0.002s]
[2024-09-24T12:57:51.402+0000] {logging_mixin.py:115} INFO - {'_index': 'milestone3', '_type': '_doc', '_id': 'wFAcJJIB9Ge4CN5SDj0o', '_version': 1, 'result': 'created', '_shards': {'total': 2, 'successful': 1, 'failed': 0}, '_seq_no': 315, '_primary_term': 1}
[2024-09-24T12:57:51.405+0000] {base.py:271} INFO - POST http://elasticsearch:9200/milestone3/_doc [status:201 request:0.003s]
[2024-09-24T12:57:51.405+0000] {logging_mixin.py:115} INFO - {'_index': 'milestone3', '_type': '_doc', '_id': 'wVAcJJIB9Ge4CN5SDj0r', '_version': 1, 'result': 'created', '_shards': {'total': 2, 'successful': 1, 'failed': 0}, '_seq_no': 316, '_primary_term': 1}
[2024-09-24T12:57:51.495+0000] {base.py:271} INFO - POST http://elasticsearch:9200/milestone3/_doc [status:201 request:0.090s]
[2024-09-24T12:57:51.497+0000] {logging_mixin.py:115} INFO - {'_index': 'milestone3', '_type': '_doc', '_id': 'wlAcJJIB9Ge4CN5SDj0u', '_version': 1, 'result': 'created', '_shards': {'total': 2, 'successful': 1, 'failed': 0}, '_seq_no': 317, '_primary_term': 1}
[2024-09-24T12:57:51.506+0000] {base.py:271} INFO - POST http://elasticsearch:9200/milestone3/_doc [status:201 request:0.007s]
[2024-09-24T12:57:51.506+0000] {logging_mixin.py:115} INFO - {'_index': 'milestone3', '_type': '_doc', '_id': 'w1AcJJIB9Ge4CN5SDj2L', '_version': 1, 'result': 'created', '_shards': {'total': 2, 'successful': 1, 'failed': 0}, '_seq_no': 318, '_primary_term': 1}
[2024-09-24T12:57:51.515+0000] {base.py:271} INFO - POST http://elasticsearch:9200/milestone3/_doc [status:201 request:0.008s]
[2024-09-24T12:57:51.516+0000] {logging_mixin.py:115} INFO - {'_index': 'milestone3', '_type': '_doc', '_id': 'xFAcJJIB9Ge4CN5SDj2U', '_version': 1, 'result': 'created', '_shards': {'total': 2, 'successful': 1, 'failed': 0}, '_seq_no': 319, '_primary_term': 1}
[2024-09-24T12:57:51.522+0000] {base.py:271} INFO - POST http://elasticsearch:9200/milestone3/_doc [status:201 request:0.005s]
[2024-09-24T12:57:51.522+0000] {logging_mixin.py:115} INFO - {'_index': 'milestone3', '_type': '_doc', '_id': 'xVAcJJIB9Ge4CN5SDj2e', '_version': 1, 'result': 'created', '_shards': {'total': 2, 'successful': 1, 'failed': 0}, '_seq_no': 320, '_primary_term': 1}
[2024-09-24T12:57:51.528+0000] {base.py:271} INFO - POST http://elasticsearch:9200/milestone3/_doc [status:201 request:0.005s]
[2024-09-24T12:57:51.530+0000] {logging_mixin.py:115} INFO - {'_index': 'milestone3', '_type': '_doc', '_id': 'xlAcJJIB9Ge4CN5SDj2k', '_version': 1, 'result': 'created', '_shards': {'total': 2, 'successful': 1, 'failed': 0}, '_seq_no': 321, '_primary_term': 1}
[2024-09-24T12:57:51.538+0000] {base.py:271} INFO - POST http://elasticsearch:9200/milestone3/_doc [status:201 request:0.007s]
[2024-09-24T12:57:51.539+0000] {logging_mixin.py:115} INFO - {'_index': 'milestone3', '_type': '_doc', '_id': 'x1AcJJIB9Ge4CN5SDj2s', '_version': 1, 'result': 'created', '_shards': {'total': 2, 'successful': 1, 'failed': 0}, '_seq_no': 322, '_primary_term': 1}
[2024-09-24T12:57:51.547+0000] {base.py:271} INFO - POST http://elasticsearch:9200/milestone3/_doc [status:201 request:0.007s]
[2024-09-24T12:57:51.548+0000] {logging_mixin.py:115} INFO - {'_index': 'milestone3', '_type': '_doc', '_id': 'yFAcJJIB9Ge4CN5SDj22', '_version': 1, 'result': 'created', '_shards': {'total': 2, 'successful': 1, 'failed': 0}, '_seq_no': 323, '_primary_term': 1}
[2024-09-24T12:57:51.554+0000] {base.py:271} INFO - POST http://elasticsearch:9200/milestone3/_doc [status:201 request:0.005s]
[2024-09-24T12:57:51.554+0000] {logging_mixin.py:115} INFO - {'_index': 'milestone3', '_type': '_doc', '_id': 'yVAcJJIB9Ge4CN5SDj2-', '_version': 1, 'result': 'created', '_shards': {'total': 2, 'successful': 1, 'failed': 0}, '_seq_no': 324, '_primary_term': 1}
[2024-09-24T12:57:51.558+0000] {base.py:271} INFO - POST http://elasticsearch:9200/milestone3/_doc [status:201 request:0.003s]
[2024-09-24T12:57:51.558+0000] {logging_mixin.py:115} INFO - {'_index': 'milestone3', '_type': '_doc', '_id': 'ylAcJJIB9Ge4CN5SDj3E', '_version': 1, 'result': 'created', '_shards': {'total': 2, 'successful': 1, 'failed': 0}, '_seq_no': 325, '_primary_term': 1}
[2024-09-24T12:57:51.561+0000] {base.py:271} INFO - POST http://elasticsearch:9200/milestone3/_doc [status:201 request:0.003s]
[2024-09-24T12:57:51.561+0000] {logging_mixin.py:115} INFO - {'_index': 'milestone3', '_type': '_doc', '_id': 'y1AcJJIB9Ge4CN5SDj3H', '_version': 1, 'result': 'created', '_shards': {'total': 2, 'successful': 1, 'failed': 0}, '_seq_no': 326, '_primary_term': 1}
[2024-09-24T12:57:51.564+0000] {base.py:271} INFO - POST http://elasticsearch:9200/milestone3/_doc [status:201 request:0.002s]
[2024-09-24T12:57:51.565+0000] {logging_mixin.py:115} INFO - {'_index': 'milestone3', '_type': '_doc', '_id': 'zFAcJJIB9Ge4CN5SDj3K', '_version': 1, 'result': 'created', '_shards': {'total': 2, 'successful': 1, 'failed': 0}, '_seq_no': 327, '_primary_term': 1}
[2024-09-24T12:57:51.568+0000] {base.py:271} INFO - POST http://elasticsearch:9200/milestone3/_doc [status:201 request:0.003s]
[2024-09-24T12:57:51.568+0000] {logging_mixin.py:115} INFO - {'_index': 'milestone3', '_type': '_doc', '_id': 'zVAcJJIB9Ge4CN5SDj3N', '_version': 1, 'result': 'created', '_shards': {'total': 2, 'successful': 1, 'failed': 0}, '_seq_no': 328, '_primary_term': 1}
[2024-09-24T12:57:51.571+0000] {base.py:271} INFO - POST http://elasticsearch:9200/milestone3/_doc [status:201 request:0.002s]
[2024-09-24T12:57:51.571+0000] {logging_mixin.py:115} INFO - {'_index': 'milestone3', '_type': '_doc', '_id': 'zlAcJJIB9Ge4CN5SDj3R', '_version': 1, 'result': 'created', '_shards': {'total': 2, 'successful': 1, 'failed': 0}, '_seq_no': 329, '_primary_term': 1}
[2024-09-24T12:57:51.573+0000] {base.py:271} INFO - POST http://elasticsearch:9200/milestone3/_doc [status:201 request:0.002s]
[2024-09-24T12:57:51.573+0000] {logging_mixin.py:115} INFO - {'_index': 'milestone3', '_type': '_doc', '_id': 'z1AcJJIB9Ge4CN5SDj3T', '_version': 1, 'result': 'created', '_shards': {'total': 2, 'successful': 1, 'failed': 0}, '_seq_no': 330, '_primary_term': 1}
[2024-09-24T12:57:51.575+0000] {base.py:271} INFO - POST http://elasticsearch:9200/milestone3/_doc [status:201 request:0.002s]
[2024-09-24T12:57:51.575+0000] {logging_mixin.py:115} INFO - {'_index': 'milestone3', '_type': '_doc', '_id': '0FAcJJIB9Ge4CN5SDj3W', '_version': 1, 'result': 'created', '_shards': {'total': 2, 'successful': 1, 'failed': 0}, '_seq_no': 331, '_primary_term': 1}
[2024-09-24T12:57:51.577+0000] {base.py:271} INFO - POST http://elasticsearch:9200/milestone3/_doc [status:201 request:0.002s]
[2024-09-24T12:57:51.577+0000] {logging_mixin.py:115} INFO - {'_index': 'milestone3', '_type': '_doc', '_id': '0VAcJJIB9Ge4CN5SDj3Y', '_version': 1, 'result': 'created', '_shards': {'total': 2, 'successful': 1, 'failed': 0}, '_seq_no': 332, '_primary_term': 1}
[2024-09-24T12:57:51.580+0000] {base.py:271} INFO - POST http://elasticsearch:9200/milestone3/_doc [status:201 request:0.002s]
[2024-09-24T12:57:51.580+0000] {logging_mixin.py:115} INFO - {'_index': 'milestone3', '_type': '_doc', '_id': '0lAcJJIB9Ge4CN5SDj3a', '_version': 1, 'result': 'created', '_shards': {'total': 2, 'successful': 1, 'failed': 0}, '_seq_no': 333, '_primary_term': 1}
[2024-09-24T12:57:51.582+0000] {base.py:271} INFO - POST http://elasticsearch:9200/milestone3/_doc [status:201 request:0.002s]
[2024-09-24T12:57:51.582+0000] {logging_mixin.py:115} INFO - {'_index': 'milestone3', '_type': '_doc', '_id': '01AcJJIB9Ge4CN5SDj3c', '_version': 1, 'result': 'created', '_shards': {'total': 2, 'successful': 1, 'failed': 0}, '_seq_no': 334, '_primary_term': 1}
[2024-09-24T12:57:51.583+0000] {base.py:271} INFO - POST http://elasticsearch:9200/milestone3/_doc [status:201 request:0.001s]
[2024-09-24T12:57:51.583+0000] {logging_mixin.py:115} INFO - {'_index': 'milestone3', '_type': '_doc', '_id': '1FAcJJIB9Ge4CN5SDj3e', '_version': 1, 'result': 'created', '_shards': {'total': 2, 'successful': 1, 'failed': 0}, '_seq_no': 335, '_primary_term': 1}
[2024-09-24T12:57:51.585+0000] {base.py:271} INFO - POST http://elasticsearch:9200/milestone3/_doc [status:201 request:0.002s]
[2024-09-24T12:57:51.585+0000] {logging_mixin.py:115} INFO - {'_index': 'milestone3', '_type': '_doc', '_id': '1VAcJJIB9Ge4CN5SDj3g', '_version': 1, 'result': 'created', '_shards': {'total': 2, 'successful': 1, 'failed': 0}, '_seq_no': 336, '_primary_term': 1}
[2024-09-24T12:57:51.587+0000] {base.py:271} INFO - POST http://elasticsearch:9200/milestone3/_doc [status:201 request:0.002s]
[2024-09-24T12:57:51.588+0000] {logging_mixin.py:115} INFO - {'_index': 'milestone3', '_type': '_doc', '_id': '1lAcJJIB9Ge4CN5SDj3i', '_version': 1, 'result': 'created', '_shards': {'total': 2, 'successful': 1, 'failed': 0}, '_seq_no': 337, '_primary_term': 1}
[2024-09-24T12:57:51.589+0000] {base.py:271} INFO - POST http://elasticsearch:9200/milestone3/_doc [status:201 request:0.001s]
[2024-09-24T12:57:51.590+0000] {logging_mixin.py:115} INFO - {'_index': 'milestone3', '_type': '_doc', '_id': '11AcJJIB9Ge4CN5SDj3k', '_version': 1, 'result': 'created', '_shards': {'total': 2, 'successful': 1, 'failed': 0}, '_seq_no': 338, '_primary_term': 1}
[2024-09-24T12:57:51.591+0000] {base.py:271} INFO - POST http://elasticsearch:9200/milestone3/_doc [status:201 request:0.002s]
[2024-09-24T12:57:51.592+0000] {logging_mixin.py:115} INFO - {'_index': 'milestone3', '_type': '_doc', '_id': '2FAcJJIB9Ge4CN5SDj3m', '_version': 1, 'result': 'created', '_shards': {'total': 2, 'successful': 1, 'failed': 0}, '_seq_no': 339, '_primary_term': 1}
[2024-09-24T12:57:51.594+0000] {base.py:271} INFO - POST http://elasticsearch:9200/milestone3/_doc [status:201 request:0.002s]
[2024-09-24T12:57:51.594+0000] {logging_mixin.py:115} INFO - {'_index': 'milestone3', '_type': '_doc', '_id': '2VAcJJIB9Ge4CN5SDj3o', '_version': 1, 'result': 'created', '_shards': {'total': 2, 'successful': 1, 'failed': 0}, '_seq_no': 340, '_primary_term': 1}
[2024-09-24T12:57:51.596+0000] {base.py:271} INFO - POST http://elasticsearch:9200/milestone3/_doc [status:201 request:0.002s]
[2024-09-24T12:57:51.597+0000] {logging_mixin.py:115} INFO - {'_index': 'milestone3', '_type': '_doc', '_id': '2lAcJJIB9Ge4CN5SDj3r', '_version': 1, 'result': 'created', '_shards': {'total': 2, 'successful': 1, 'failed': 0}, '_seq_no': 341, '_primary_term': 1}
[2024-09-24T12:57:51.598+0000] {base.py:271} INFO - POST http://elasticsearch:9200/milestone3/_doc [status:201 request:0.002s]
[2024-09-24T12:57:51.599+0000] {logging_mixin.py:115} INFO - {'_index': 'milestone3', '_type': '_doc', '_id': '21AcJJIB9Ge4CN5SDj3t', '_version': 1, 'result': 'created', '_shards': {'total': 2, 'successful': 1, 'failed': 0}, '_seq_no': 342, '_primary_term': 1}
[2024-09-24T12:57:51.600+0000] {base.py:271} INFO - POST http://elasticsearch:9200/milestone3/_doc [status:201 request:0.002s]
[2024-09-24T12:57:51.601+0000] {logging_mixin.py:115} INFO - {'_index': 'milestone3', '_type': '_doc', '_id': '3FAcJJIB9Ge4CN5SDj3v', '_version': 1, 'result': 'created', '_shards': {'total': 2, 'successful': 1, 'failed': 0}, '_seq_no': 343, '_primary_term': 1}
[2024-09-24T12:57:51.603+0000] {base.py:271} INFO - POST http://elasticsearch:9200/milestone3/_doc [status:201 request:0.002s]
[2024-09-24T12:57:51.603+0000] {logging_mixin.py:115} INFO - {'_index': 'milestone3', '_type': '_doc', '_id': '3VAcJJIB9Ge4CN5SDj3x', '_version': 1, 'result': 'created', '_shards': {'total': 2, 'successful': 1, 'failed': 0}, '_seq_no': 344, '_primary_term': 1}
[2024-09-24T12:57:51.605+0000] {base.py:271} INFO - POST http://elasticsearch:9200/milestone3/_doc [status:201 request:0.002s]
[2024-09-24T12:57:51.605+0000] {logging_mixin.py:115} INFO - {'_index': 'milestone3', '_type': '_doc', '_id': '3lAcJJIB9Ge4CN5SDj30', '_version': 1, 'result': 'created', '_shards': {'total': 2, 'successful': 1, 'failed': 0}, '_seq_no': 345, '_primary_term': 1}
[2024-09-24T12:57:51.607+0000] {base.py:271} INFO - POST http://elasticsearch:9200/milestone3/_doc [status:201 request:0.002s]
[2024-09-24T12:57:51.607+0000] {logging_mixin.py:115} INFO - {'_index': 'milestone3', '_type': '_doc', '_id': '31AcJJIB9Ge4CN5SDj32', '_version': 1, 'result': 'created', '_shards': {'total': 2, 'successful': 1, 'failed': 0}, '_seq_no': 346, '_primary_term': 1}
[2024-09-24T12:57:51.609+0000] {base.py:271} INFO - POST http://elasticsearch:9200/milestone3/_doc [status:201 request:0.002s]
[2024-09-24T12:57:51.610+0000] {logging_mixin.py:115} INFO - {'_index': 'milestone3', '_type': '_doc', '_id': '4FAcJJIB9Ge4CN5SDj34', '_version': 1, 'result': 'created', '_shards': {'total': 2, 'successful': 1, 'failed': 0}, '_seq_no': 347, '_primary_term': 1}
[2024-09-24T12:57:51.611+0000] {base.py:271} INFO - POST http://elasticsearch:9200/milestone3/_doc [status:201 request:0.002s]
[2024-09-24T12:57:51.612+0000] {logging_mixin.py:115} INFO - {'_index': 'milestone3', '_type': '_doc', '_id': '4VAcJJIB9Ge4CN5SDj36', '_version': 1, 'result': 'created', '_shards': {'total': 2, 'successful': 1, 'failed': 0}, '_seq_no': 348, '_primary_term': 1}
[2024-09-24T12:57:51.614+0000] {base.py:271} INFO - POST http://elasticsearch:9200/milestone3/_doc [status:201 request:0.002s]
[2024-09-24T12:57:51.614+0000] {logging_mixin.py:115} INFO - {'_index': 'milestone3', '_type': '_doc', '_id': '4lAcJJIB9Ge4CN5SDj38', '_version': 1, 'result': 'created', '_shards': {'total': 2, 'successful': 1, 'failed': 0}, '_seq_no': 349, '_primary_term': 1}
[2024-09-24T12:57:51.616+0000] {base.py:271} INFO - POST http://elasticsearch:9200/milestone3/_doc [status:201 request:0.002s]
[2024-09-24T12:57:51.616+0000] {logging_mixin.py:115} INFO - {'_index': 'milestone3', '_type': '_doc', '_id': '41AcJJIB9Ge4CN5SDj3_', '_version': 1, 'result': 'created', '_shards': {'total': 2, 'successful': 1, 'failed': 0}, '_seq_no': 350, '_primary_term': 1}
[2024-09-24T12:57:51.618+0000] {base.py:271} INFO - POST http://elasticsearch:9200/milestone3/_doc [status:201 request:0.002s]
[2024-09-24T12:57:51.619+0000] {logging_mixin.py:115} INFO - {'_index': 'milestone3', '_type': '_doc', '_id': '5FAcJJIB9Ge4CN5SDz0B', '_version': 1, 'result': 'created', '_shards': {'total': 2, 'successful': 1, 'failed': 0}, '_seq_no': 351, '_primary_term': 1}
[2024-09-24T12:57:51.621+0000] {base.py:271} INFO - POST http://elasticsearch:9200/milestone3/_doc [status:201 request:0.002s]
[2024-09-24T12:57:51.621+0000] {logging_mixin.py:115} INFO - {'_index': 'milestone3', '_type': '_doc', '_id': '5VAcJJIB9Ge4CN5SDz0D', '_version': 1, 'result': 'created', '_shards': {'total': 2, 'successful': 1, 'failed': 0}, '_seq_no': 352, '_primary_term': 1}
[2024-09-24T12:57:51.623+0000] {base.py:271} INFO - POST http://elasticsearch:9200/milestone3/_doc [status:201 request:0.001s]
[2024-09-24T12:57:51.623+0000] {logging_mixin.py:115} INFO - {'_index': 'milestone3', '_type': '_doc', '_id': '5lAcJJIB9Ge4CN5SDz0F', '_version': 1, 'result': 'created', '_shards': {'total': 2, 'successful': 1, 'failed': 0}, '_seq_no': 353, '_primary_term': 1}
[2024-09-24T12:57:51.625+0000] {base.py:271} INFO - POST http://elasticsearch:9200/milestone3/_doc [status:201 request:0.002s]
[2024-09-24T12:57:51.625+0000] {logging_mixin.py:115} INFO - {'_index': 'milestone3', '_type': '_doc', '_id': '51AcJJIB9Ge4CN5SDz0H', '_version': 1, 'result': 'created', '_shards': {'total': 2, 'successful': 1, 'failed': 0}, '_seq_no': 354, '_primary_term': 1}
[2024-09-24T12:57:51.627+0000] {base.py:271} INFO - POST http://elasticsearch:9200/milestone3/_doc [status:201 request:0.002s]
[2024-09-24T12:57:51.627+0000] {logging_mixin.py:115} INFO - {'_index': 'milestone3', '_type': '_doc', '_id': '6FAcJJIB9Ge4CN5SDz0J', '_version': 1, 'result': 'created', '_shards': {'total': 2, 'successful': 1, 'failed': 0}, '_seq_no': 355, '_primary_term': 1}
[2024-09-24T12:57:51.629+0000] {base.py:271} INFO - POST http://elasticsearch:9200/milestone3/_doc [status:201 request:0.002s]
[2024-09-24T12:57:51.629+0000] {logging_mixin.py:115} INFO - {'_index': 'milestone3', '_type': '_doc', '_id': '6VAcJJIB9Ge4CN5SDz0L', '_version': 1, 'result': 'created', '_shards': {'total': 2, 'successful': 1, 'failed': 0}, '_seq_no': 356, '_primary_term': 1}
[2024-09-24T12:57:51.631+0000] {base.py:271} INFO - POST http://elasticsearch:9200/milestone3/_doc [status:201 request:0.001s]
[2024-09-24T12:57:51.631+0000] {logging_mixin.py:115} INFO - {'_index': 'milestone3', '_type': '_doc', '_id': '6lAcJJIB9Ge4CN5SDz0O', '_version': 1, 'result': 'created', '_shards': {'total': 2, 'successful': 1, 'failed': 0}, '_seq_no': 357, '_primary_term': 1}
[2024-09-24T12:57:51.633+0000] {base.py:271} INFO - POST http://elasticsearch:9200/milestone3/_doc [status:201 request:0.002s]
[2024-09-24T12:57:51.633+0000] {logging_mixin.py:115} INFO - {'_index': 'milestone3', '_type': '_doc', '_id': '61AcJJIB9Ge4CN5SDz0Q', '_version': 1, 'result': 'created', '_shards': {'total': 2, 'successful': 1, 'failed': 0}, '_seq_no': 358, '_primary_term': 1}
[2024-09-24T12:57:51.635+0000] {base.py:271} INFO - POST http://elasticsearch:9200/milestone3/_doc [status:201 request:0.002s]
[2024-09-24T12:57:51.635+0000] {logging_mixin.py:115} INFO - {'_index': 'milestone3', '_type': '_doc', '_id': '7FAcJJIB9Ge4CN5SDz0S', '_version': 1, 'result': 'created', '_shards': {'total': 2, 'successful': 1, 'failed': 0}, '_seq_no': 359, '_primary_term': 1}
[2024-09-24T12:57:51.638+0000] {base.py:271} INFO - POST http://elasticsearch:9200/milestone3/_doc [status:201 request:0.002s]
[2024-09-24T12:57:51.639+0000] {logging_mixin.py:115} INFO - {'_index': 'milestone3', '_type': '_doc', '_id': '7VAcJJIB9Ge4CN5SDz0U', '_version': 1, 'result': 'created', '_shards': {'total': 2, 'successful': 1, 'failed': 0}, '_seq_no': 360, '_primary_term': 1}
[2024-09-24T12:57:51.644+0000] {base.py:271} INFO - POST http://elasticsearch:9200/milestone3/_doc [status:201 request:0.004s]
[2024-09-24T12:57:51.644+0000] {logging_mixin.py:115} INFO - {'_index': 'milestone3', '_type': '_doc', '_id': '7lAcJJIB9Ge4CN5SDz0Y', '_version': 1, 'result': 'created', '_shards': {'total': 2, 'successful': 1, 'failed': 0}, '_seq_no': 361, '_primary_term': 1}
[2024-09-24T12:57:51.647+0000] {base.py:271} INFO - POST http://elasticsearch:9200/milestone3/_doc [status:201 request:0.002s]
[2024-09-24T12:57:51.647+0000] {logging_mixin.py:115} INFO - {'_index': 'milestone3', '_type': '_doc', '_id': '71AcJJIB9Ge4CN5SDz0d', '_version': 1, 'result': 'created', '_shards': {'total': 2, 'successful': 1, 'failed': 0}, '_seq_no': 362, '_primary_term': 1}
[2024-09-24T12:57:51.651+0000] {base.py:271} INFO - POST http://elasticsearch:9200/milestone3/_doc [status:201 request:0.002s]
[2024-09-24T12:57:51.651+0000] {logging_mixin.py:115} INFO - {'_index': 'milestone3', '_type': '_doc', '_id': '8FAcJJIB9Ge4CN5SDz0i', '_version': 1, 'result': 'created', '_shards': {'total': 2, 'successful': 1, 'failed': 0}, '_seq_no': 363, '_primary_term': 1}
[2024-09-24T12:57:51.654+0000] {base.py:271} INFO - POST http://elasticsearch:9200/milestone3/_doc [status:201 request:0.002s]
[2024-09-24T12:57:51.654+0000] {logging_mixin.py:115} INFO - {'_index': 'milestone3', '_type': '_doc', '_id': '8VAcJJIB9Ge4CN5SDz0k', '_version': 1, 'result': 'created', '_shards': {'total': 2, 'successful': 1, 'failed': 0}, '_seq_no': 364, '_primary_term': 1}
[2024-09-24T12:57:51.657+0000] {base.py:271} INFO - POST http://elasticsearch:9200/milestone3/_doc [status:201 request:0.003s]
[2024-09-24T12:57:51.658+0000] {logging_mixin.py:115} INFO - {'_index': 'milestone3', '_type': '_doc', '_id': '8lAcJJIB9Ge4CN5SDz0n', '_version': 1, 'result': 'created', '_shards': {'total': 2, 'successful': 1, 'failed': 0}, '_seq_no': 365, '_primary_term': 1}
[2024-09-24T12:57:51.662+0000] {base.py:271} INFO - POST http://elasticsearch:9200/milestone3/_doc [status:201 request:0.003s]
[2024-09-24T12:57:51.663+0000] {logging_mixin.py:115} INFO - {'_index': 'milestone3', '_type': '_doc', '_id': '81AcJJIB9Ge4CN5SDz0r', '_version': 1, 'result': 'created', '_shards': {'total': 2, 'successful': 1, 'failed': 0}, '_seq_no': 366, '_primary_term': 1}
[2024-09-24T12:57:51.665+0000] {base.py:271} INFO - POST http://elasticsearch:9200/milestone3/_doc [status:201 request:0.002s]
[2024-09-24T12:57:51.666+0000] {logging_mixin.py:115} INFO - {'_index': 'milestone3', '_type': '_doc', '_id': '9FAcJJIB9Ge4CN5SDz0w', '_version': 1, 'result': 'created', '_shards': {'total': 2, 'successful': 1, 'failed': 0}, '_seq_no': 367, '_primary_term': 1}
[2024-09-24T12:57:51.668+0000] {base.py:271} INFO - POST http://elasticsearch:9200/milestone3/_doc [status:201 request:0.002s]
[2024-09-24T12:57:51.668+0000] {logging_mixin.py:115} INFO - {'_index': 'milestone3', '_type': '_doc', '_id': '9VAcJJIB9Ge4CN5SDz0y', '_version': 1, 'result': 'created', '_shards': {'total': 2, 'successful': 1, 'failed': 0}, '_seq_no': 368, '_primary_term': 1}
[2024-09-24T12:57:51.670+0000] {base.py:271} INFO - POST http://elasticsearch:9200/milestone3/_doc [status:201 request:0.002s]
[2024-09-24T12:57:51.670+0000] {logging_mixin.py:115} INFO - {'_index': 'milestone3', '_type': '_doc', '_id': '9lAcJJIB9Ge4CN5SDz00', '_version': 1, 'result': 'created', '_shards': {'total': 2, 'successful': 1, 'failed': 0}, '_seq_no': 369, '_primary_term': 1}
[2024-09-24T12:57:51.672+0000] {base.py:271} INFO - POST http://elasticsearch:9200/milestone3/_doc [status:201 request:0.002s]
[2024-09-24T12:57:51.672+0000] {logging_mixin.py:115} INFO - {'_index': 'milestone3', '_type': '_doc', '_id': '91AcJJIB9Ge4CN5SDz03', '_version': 1, 'result': 'created', '_shards': {'total': 2, 'successful': 1, 'failed': 0}, '_seq_no': 370, '_primary_term': 1}
[2024-09-24T12:57:51.675+0000] {base.py:271} INFO - POST http://elasticsearch:9200/milestone3/_doc [status:201 request:0.002s]
[2024-09-24T12:57:51.675+0000] {logging_mixin.py:115} INFO - {'_index': 'milestone3', '_type': '_doc', '_id': '-FAcJJIB9Ge4CN5SDz05', '_version': 1, 'result': 'created', '_shards': {'total': 2, 'successful': 1, 'failed': 0}, '_seq_no': 371, '_primary_term': 1}
[2024-09-24T12:57:51.677+0000] {base.py:271} INFO - POST http://elasticsearch:9200/milestone3/_doc [status:201 request:0.002s]
[2024-09-24T12:57:51.677+0000] {logging_mixin.py:115} INFO - {'_index': 'milestone3', '_type': '_doc', '_id': '-VAcJJIB9Ge4CN5SDz07', '_version': 1, 'result': 'created', '_shards': {'total': 2, 'successful': 1, 'failed': 0}, '_seq_no': 372, '_primary_term': 1}
[2024-09-24T12:57:51.678+0000] {base.py:271} INFO - POST http://elasticsearch:9200/milestone3/_doc [status:201 request:0.002s]
[2024-09-24T12:57:51.679+0000] {logging_mixin.py:115} INFO - {'_index': 'milestone3', '_type': '_doc', '_id': '-lAcJJIB9Ge4CN5SDz09', '_version': 1, 'result': 'created', '_shards': {'total': 2, 'successful': 1, 'failed': 0}, '_seq_no': 373, '_primary_term': 1}
[2024-09-24T12:57:51.681+0000] {base.py:271} INFO - POST http://elasticsearch:9200/milestone3/_doc [status:201 request:0.002s]
[2024-09-24T12:57:51.681+0000] {logging_mixin.py:115} INFO - {'_index': 'milestone3', '_type': '_doc', '_id': '-1AcJJIB9Ge4CN5SDz0_', '_version': 1, 'result': 'created', '_shards': {'total': 2, 'successful': 1, 'failed': 0}, '_seq_no': 374, '_primary_term': 1}
[2024-09-24T12:57:51.682+0000] {base.py:271} INFO - POST http://elasticsearch:9200/milestone3/_doc [status:201 request:0.001s]
[2024-09-24T12:57:51.682+0000] {logging_mixin.py:115} INFO - {'_index': 'milestone3', '_type': '_doc', '_id': '_FAcJJIB9Ge4CN5SDz1B', '_version': 1, 'result': 'created', '_shards': {'total': 2, 'successful': 1, 'failed': 0}, '_seq_no': 375, '_primary_term': 1}
[2024-09-24T12:57:51.684+0000] {base.py:271} INFO - POST http://elasticsearch:9200/milestone3/_doc [status:201 request:0.002s]
[2024-09-24T12:57:51.684+0000] {logging_mixin.py:115} INFO - {'_index': 'milestone3', '_type': '_doc', '_id': '_VAcJJIB9Ge4CN5SDz1D', '_version': 1, 'result': 'created', '_shards': {'total': 2, 'successful': 1, 'failed': 0}, '_seq_no': 376, '_primary_term': 1}
[2024-09-24T12:57:51.686+0000] {base.py:271} INFO - POST http://elasticsearch:9200/milestone3/_doc [status:201 request:0.001s]
[2024-09-24T12:57:51.686+0000] {logging_mixin.py:115} INFO - {'_index': 'milestone3', '_type': '_doc', '_id': '_lAcJJIB9Ge4CN5SDz1F', '_version': 1, 'result': 'created', '_shards': {'total': 2, 'successful': 1, 'failed': 0}, '_seq_no': 377, '_primary_term': 1}
[2024-09-24T12:57:51.688+0000] {base.py:271} INFO - POST http://elasticsearch:9200/milestone3/_doc [status:201 request:0.002s]
[2024-09-24T12:57:51.689+0000] {logging_mixin.py:115} INFO - {'_index': 'milestone3', '_type': '_doc', '_id': '_1AcJJIB9Ge4CN5SDz1H', '_version': 1, 'result': 'created', '_shards': {'total': 2, 'successful': 1, 'failed': 0}, '_seq_no': 378, '_primary_term': 1}
[2024-09-24T12:57:51.690+0000] {base.py:271} INFO - POST http://elasticsearch:9200/milestone3/_doc [status:201 request:0.002s]
[2024-09-24T12:57:51.690+0000] {logging_mixin.py:115} INFO - {'_index': 'milestone3', '_type': '_doc', '_id': 'AFAcJJIB9Ge4CN5SDz5J', '_version': 1, 'result': 'created', '_shards': {'total': 2, 'successful': 1, 'failed': 0}, '_seq_no': 379, '_primary_term': 1}
[2024-09-24T12:57:51.692+0000] {base.py:271} INFO - POST http://elasticsearch:9200/milestone3/_doc [status:201 request:0.002s]
[2024-09-24T12:57:51.693+0000] {logging_mixin.py:115} INFO - {'_index': 'milestone3', '_type': '_doc', '_id': 'AVAcJJIB9Ge4CN5SDz5L', '_version': 1, 'result': 'created', '_shards': {'total': 2, 'successful': 1, 'failed': 0}, '_seq_no': 380, '_primary_term': 1}
[2024-09-24T12:57:51.694+0000] {base.py:271} INFO - POST http://elasticsearch:9200/milestone3/_doc [status:201 request:0.002s]
[2024-09-24T12:57:51.695+0000] {logging_mixin.py:115} INFO - {'_index': 'milestone3', '_type': '_doc', '_id': 'AlAcJJIB9Ge4CN5SDz5N', '_version': 1, 'result': 'created', '_shards': {'total': 2, 'successful': 1, 'failed': 0}, '_seq_no': 381, '_primary_term': 1}
[2024-09-24T12:57:51.697+0000] {base.py:271} INFO - POST http://elasticsearch:9200/milestone3/_doc [status:201 request:0.002s]
[2024-09-24T12:57:51.697+0000] {logging_mixin.py:115} INFO - {'_index': 'milestone3', '_type': '_doc', '_id': 'A1AcJJIB9Ge4CN5SDz5P', '_version': 1, 'result': 'created', '_shards': {'total': 2, 'successful': 1, 'failed': 0}, '_seq_no': 382, '_primary_term': 1}
[2024-09-24T12:57:51.699+0000] {base.py:271} INFO - POST http://elasticsearch:9200/milestone3/_doc [status:201 request:0.002s]
[2024-09-24T12:57:51.699+0000] {logging_mixin.py:115} INFO - {'_index': 'milestone3', '_type': '_doc', '_id': 'BFAcJJIB9Ge4CN5SDz5S', '_version': 1, 'result': 'created', '_shards': {'total': 2, 'successful': 1, 'failed': 0}, '_seq_no': 383, '_primary_term': 1}
[2024-09-24T12:57:51.701+0000] {base.py:271} INFO - POST http://elasticsearch:9200/milestone3/_doc [status:201 request:0.001s]
[2024-09-24T12:57:51.701+0000] {logging_mixin.py:115} INFO - {'_index': 'milestone3', '_type': '_doc', '_id': 'BVAcJJIB9Ge4CN5SDz5U', '_version': 1, 'result': 'created', '_shards': {'total': 2, 'successful': 1, 'failed': 0}, '_seq_no': 384, '_primary_term': 1}
[2024-09-24T12:57:51.703+0000] {base.py:271} INFO - POST http://elasticsearch:9200/milestone3/_doc [status:201 request:0.002s]
[2024-09-24T12:57:51.703+0000] {logging_mixin.py:115} INFO - {'_index': 'milestone3', '_type': '_doc', '_id': 'BlAcJJIB9Ge4CN5SDz5V', '_version': 1, 'result': 'created', '_shards': {'total': 2, 'successful': 1, 'failed': 0}, '_seq_no': 385, '_primary_term': 1}
[2024-09-24T12:57:51.705+0000] {base.py:271} INFO - POST http://elasticsearch:9200/milestone3/_doc [status:201 request:0.002s]
[2024-09-24T12:57:51.705+0000] {logging_mixin.py:115} INFO - {'_index': 'milestone3', '_type': '_doc', '_id': 'B1AcJJIB9Ge4CN5SDz5X', '_version': 1, 'result': 'created', '_shards': {'total': 2, 'successful': 1, 'failed': 0}, '_seq_no': 386, '_primary_term': 1}
[2024-09-24T12:57:51.707+0000] {base.py:271} INFO - POST http://elasticsearch:9200/milestone3/_doc [status:201 request:0.002s]
[2024-09-24T12:57:51.707+0000] {logging_mixin.py:115} INFO - {'_index': 'milestone3', '_type': '_doc', '_id': 'CFAcJJIB9Ge4CN5SDz5Z', '_version': 1, 'result': 'created', '_shards': {'total': 2, 'successful': 1, 'failed': 0}, '_seq_no': 387, '_primary_term': 1}
[2024-09-24T12:57:51.709+0000] {base.py:271} INFO - POST http://elasticsearch:9200/milestone3/_doc [status:201 request:0.002s]
[2024-09-24T12:57:51.709+0000] {logging_mixin.py:115} INFO - {'_index': 'milestone3', '_type': '_doc', '_id': 'CVAcJJIB9Ge4CN5SDz5c', '_version': 1, 'result': 'created', '_shards': {'total': 2, 'successful': 1, 'failed': 0}, '_seq_no': 388, '_primary_term': 1}
[2024-09-24T12:57:51.711+0000] {base.py:271} INFO - POST http://elasticsearch:9200/milestone3/_doc [status:201 request:0.001s]
[2024-09-24T12:57:51.711+0000] {logging_mixin.py:115} INFO - {'_index': 'milestone3', '_type': '_doc', '_id': 'ClAcJJIB9Ge4CN5SDz5e', '_version': 1, 'result': 'created', '_shards': {'total': 2, 'successful': 1, 'failed': 0}, '_seq_no': 389, '_primary_term': 1}
[2024-09-24T12:57:51.713+0000] {base.py:271} INFO - POST http://elasticsearch:9200/milestone3/_doc [status:201 request:0.001s]
[2024-09-24T12:57:51.713+0000] {logging_mixin.py:115} INFO - {'_index': 'milestone3', '_type': '_doc', '_id': 'C1AcJJIB9Ge4CN5SDz5f', '_version': 1, 'result': 'created', '_shards': {'total': 2, 'successful': 1, 'failed': 0}, '_seq_no': 390, '_primary_term': 1}
[2024-09-24T12:57:51.714+0000] {base.py:271} INFO - POST http://elasticsearch:9200/milestone3/_doc [status:201 request:0.001s]
[2024-09-24T12:57:51.715+0000] {logging_mixin.py:115} INFO - {'_index': 'milestone3', '_type': '_doc', '_id': 'DFAcJJIB9Ge4CN5SDz5h', '_version': 1, 'result': 'created', '_shards': {'total': 2, 'successful': 1, 'failed': 0}, '_seq_no': 391, '_primary_term': 1}
[2024-09-24T12:57:51.716+0000] {base.py:271} INFO - POST http://elasticsearch:9200/milestone3/_doc [status:201 request:0.001s]
[2024-09-24T12:57:51.716+0000] {logging_mixin.py:115} INFO - {'_index': 'milestone3', '_type': '_doc', '_id': 'DVAcJJIB9Ge4CN5SDz5j', '_version': 1, 'result': 'created', '_shards': {'total': 2, 'successful': 1, 'failed': 0}, '_seq_no': 392, '_primary_term': 1}
[2024-09-24T12:57:51.718+0000] {base.py:271} INFO - POST http://elasticsearch:9200/milestone3/_doc [status:201 request:0.001s]
[2024-09-24T12:57:51.718+0000] {logging_mixin.py:115} INFO - {'_index': 'milestone3', '_type': '_doc', '_id': 'DlAcJJIB9Ge4CN5SDz5l', '_version': 1, 'result': 'created', '_shards': {'total': 2, 'successful': 1, 'failed': 0}, '_seq_no': 393, '_primary_term': 1}
[2024-09-24T12:57:51.720+0000] {base.py:271} INFO - POST http://elasticsearch:9200/milestone3/_doc [status:201 request:0.001s]
[2024-09-24T12:57:51.720+0000] {logging_mixin.py:115} INFO - {'_index': 'milestone3', '_type': '_doc', '_id': 'D1AcJJIB9Ge4CN5SDz5n', '_version': 1, 'result': 'created', '_shards': {'total': 2, 'successful': 1, 'failed': 0}, '_seq_no': 394, '_primary_term': 1}
[2024-09-24T12:57:51.722+0000] {base.py:271} INFO - POST http://elasticsearch:9200/milestone3/_doc [status:201 request:0.001s]
[2024-09-24T12:57:51.722+0000] {logging_mixin.py:115} INFO - {'_index': 'milestone3', '_type': '_doc', '_id': 'EFAcJJIB9Ge4CN5SDz5p', '_version': 1, 'result': 'created', '_shards': {'total': 2, 'successful': 1, 'failed': 0}, '_seq_no': 395, '_primary_term': 1}
[2024-09-24T12:57:51.724+0000] {base.py:271} INFO - POST http://elasticsearch:9200/milestone3/_doc [status:201 request:0.002s]
[2024-09-24T12:57:51.724+0000] {logging_mixin.py:115} INFO - {'_index': 'milestone3', '_type': '_doc', '_id': 'EVAcJJIB9Ge4CN5SDz5q', '_version': 1, 'result': 'created', '_shards': {'total': 2, 'successful': 1, 'failed': 0}, '_seq_no': 396, '_primary_term': 1}
[2024-09-24T12:57:51.726+0000] {base.py:271} INFO - POST http://elasticsearch:9200/milestone3/_doc [status:201 request:0.001s]
[2024-09-24T12:57:51.726+0000] {logging_mixin.py:115} INFO - {'_index': 'milestone3', '_type': '_doc', '_id': 'ElAcJJIB9Ge4CN5SDz5s', '_version': 1, 'result': 'created', '_shards': {'total': 2, 'successful': 1, 'failed': 0}, '_seq_no': 397, '_primary_term': 1}
[2024-09-24T12:57:51.727+0000] {base.py:271} INFO - POST http://elasticsearch:9200/milestone3/_doc [status:201 request:0.001s]
[2024-09-24T12:57:51.728+0000] {logging_mixin.py:115} INFO - {'_index': 'milestone3', '_type': '_doc', '_id': 'E1AcJJIB9Ge4CN5SDz5u', '_version': 1, 'result': 'created', '_shards': {'total': 2, 'successful': 1, 'failed': 0}, '_seq_no': 398, '_primary_term': 1}
[2024-09-24T12:57:51.730+0000] {base.py:271} INFO - POST http://elasticsearch:9200/milestone3/_doc [status:201 request:0.002s]
[2024-09-24T12:57:51.730+0000] {logging_mixin.py:115} INFO - {'_index': 'milestone3', '_type': '_doc', '_id': 'FFAcJJIB9Ge4CN5SDz5w', '_version': 1, 'result': 'created', '_shards': {'total': 2, 'successful': 1, 'failed': 0}, '_seq_no': 399, '_primary_term': 1}
[2024-09-24T12:57:51.732+0000] {base.py:271} INFO - POST http://elasticsearch:9200/milestone3/_doc [status:201 request:0.001s]
[2024-09-24T12:57:51.732+0000] {logging_mixin.py:115} INFO - {'_index': 'milestone3', '_type': '_doc', '_id': 'FVAcJJIB9Ge4CN5SDz5z', '_version': 1, 'result': 'created', '_shards': {'total': 2, 'successful': 1, 'failed': 0}, '_seq_no': 400, '_primary_term': 1}
[2024-09-24T12:57:51.733+0000] {base.py:271} INFO - POST http://elasticsearch:9200/milestone3/_doc [status:201 request:0.001s]
[2024-09-24T12:57:51.734+0000] {logging_mixin.py:115} INFO - {'_index': 'milestone3', '_type': '_doc', '_id': 'FlAcJJIB9Ge4CN5SDz50', '_version': 1, 'result': 'created', '_shards': {'total': 2, 'successful': 1, 'failed': 0}, '_seq_no': 401, '_primary_term': 1}
[2024-09-24T12:57:51.736+0000] {base.py:271} INFO - POST http://elasticsearch:9200/milestone3/_doc [status:201 request:0.002s]
[2024-09-24T12:57:51.736+0000] {logging_mixin.py:115} INFO - {'_index': 'milestone3', '_type': '_doc', '_id': 'F1AcJJIB9Ge4CN5SDz52', '_version': 1, 'result': 'created', '_shards': {'total': 2, 'successful': 1, 'failed': 0}, '_seq_no': 402, '_primary_term': 1}
[2024-09-24T12:57:51.738+0000] {base.py:271} INFO - POST http://elasticsearch:9200/milestone3/_doc [status:201 request:0.002s]
[2024-09-24T12:57:51.738+0000] {logging_mixin.py:115} INFO - {'_index': 'milestone3', '_type': '_doc', '_id': 'GFAcJJIB9Ge4CN5SDz54', '_version': 1, 'result': 'created', '_shards': {'total': 2, 'successful': 1, 'failed': 0}, '_seq_no': 403, '_primary_term': 1}
[2024-09-24T12:57:51.740+0000] {base.py:271} INFO - POST http://elasticsearch:9200/milestone3/_doc [status:201 request:0.001s]
[2024-09-24T12:57:51.740+0000] {logging_mixin.py:115} INFO - {'_index': 'milestone3', '_type': '_doc', '_id': 'GVAcJJIB9Ge4CN5SDz56', '_version': 1, 'result': 'created', '_shards': {'total': 2, 'successful': 1, 'failed': 0}, '_seq_no': 404, '_primary_term': 1}
[2024-09-24T12:57:51.742+0000] {base.py:271} INFO - POST http://elasticsearch:9200/milestone3/_doc [status:201 request:0.002s]
[2024-09-24T12:57:51.742+0000] {logging_mixin.py:115} INFO - {'_index': 'milestone3', '_type': '_doc', '_id': 'GlAcJJIB9Ge4CN5SDz59', '_version': 1, 'result': 'created', '_shards': {'total': 2, 'successful': 1, 'failed': 0}, '_seq_no': 405, '_primary_term': 1}
[2024-09-24T12:57:51.744+0000] {base.py:271} INFO - POST http://elasticsearch:9200/milestone3/_doc [status:201 request:0.002s]
[2024-09-24T12:57:51.744+0000] {logging_mixin.py:115} INFO - {'_index': 'milestone3', '_type': '_doc', '_id': 'G1AcJJIB9Ge4CN5SDz5_', '_version': 1, 'result': 'created', '_shards': {'total': 2, 'successful': 1, 'failed': 0}, '_seq_no': 406, '_primary_term': 1}
[2024-09-24T12:57:51.746+0000] {base.py:271} INFO - POST http://elasticsearch:9200/milestone3/_doc [status:201 request:0.002s]
[2024-09-24T12:57:51.747+0000] {logging_mixin.py:115} INFO - {'_index': 'milestone3', '_type': '_doc', '_id': 'HFAcJJIB9Ge4CN5SDz6B', '_version': 1, 'result': 'created', '_shards': {'total': 2, 'successful': 1, 'failed': 0}, '_seq_no': 407, '_primary_term': 1}
[2024-09-24T12:57:51.748+0000] {base.py:271} INFO - POST http://elasticsearch:9200/milestone3/_doc [status:201 request:0.002s]
[2024-09-24T12:57:51.749+0000] {logging_mixin.py:115} INFO - {'_index': 'milestone3', '_type': '_doc', '_id': 'HVAcJJIB9Ge4CN5SDz6D', '_version': 1, 'result': 'created', '_shards': {'total': 2, 'successful': 1, 'failed': 0}, '_seq_no': 408, '_primary_term': 1}
[2024-09-24T12:57:51.750+0000] {base.py:271} INFO - POST http://elasticsearch:9200/milestone3/_doc [status:201 request:0.002s]
[2024-09-24T12:57:51.751+0000] {logging_mixin.py:115} INFO - {'_index': 'milestone3', '_type': '_doc', '_id': 'HlAcJJIB9Ge4CN5SDz6F', '_version': 1, 'result': 'created', '_shards': {'total': 2, 'successful': 1, 'failed': 0}, '_seq_no': 409, '_primary_term': 1}
[2024-09-24T12:57:51.752+0000] {base.py:271} INFO - POST http://elasticsearch:9200/milestone3/_doc [status:201 request:0.002s]
[2024-09-24T12:57:51.753+0000] {logging_mixin.py:115} INFO - {'_index': 'milestone3', '_type': '_doc', '_id': 'H1AcJJIB9Ge4CN5SDz6H', '_version': 1, 'result': 'created', '_shards': {'total': 2, 'successful': 1, 'failed': 0}, '_seq_no': 410, '_primary_term': 1}
[2024-09-24T12:57:51.754+0000] {base.py:271} INFO - POST http://elasticsearch:9200/milestone3/_doc [status:201 request:0.002s]
[2024-09-24T12:57:51.755+0000] {logging_mixin.py:115} INFO - {'_index': 'milestone3', '_type': '_doc', '_id': 'IFAcJJIB9Ge4CN5SDz6J', '_version': 1, 'result': 'created', '_shards': {'total': 2, 'successful': 1, 'failed': 0}, '_seq_no': 411, '_primary_term': 1}
[2024-09-24T12:57:51.756+0000] {base.py:271} INFO - POST http://elasticsearch:9200/milestone3/_doc [status:201 request:0.001s]
[2024-09-24T12:57:51.756+0000] {logging_mixin.py:115} INFO - {'_index': 'milestone3', '_type': '_doc', '_id': 'IVAcJJIB9Ge4CN5SDz6L', '_version': 1, 'result': 'created', '_shards': {'total': 2, 'successful': 1, 'failed': 0}, '_seq_no': 412, '_primary_term': 1}
[2024-09-24T12:57:51.759+0000] {base.py:271} INFO - POST http://elasticsearch:9200/milestone3/_doc [status:201 request:0.002s]
[2024-09-24T12:57:51.759+0000] {logging_mixin.py:115} INFO - {'_index': 'milestone3', '_type': '_doc', '_id': 'IlAcJJIB9Ge4CN5SDz6N', '_version': 1, 'result': 'created', '_shards': {'total': 2, 'successful': 1, 'failed': 0}, '_seq_no': 413, '_primary_term': 1}
[2024-09-24T12:57:51.761+0000] {base.py:271} INFO - POST http://elasticsearch:9200/milestone3/_doc [status:201 request:0.002s]
[2024-09-24T12:57:51.761+0000] {logging_mixin.py:115} INFO - {'_index': 'milestone3', '_type': '_doc', '_id': 'I1AcJJIB9Ge4CN5SDz6P', '_version': 1, 'result': 'created', '_shards': {'total': 2, 'successful': 1, 'failed': 0}, '_seq_no': 414, '_primary_term': 1}
[2024-09-24T12:57:51.763+0000] {base.py:271} INFO - POST http://elasticsearch:9200/milestone3/_doc [status:201 request:0.002s]
[2024-09-24T12:57:51.763+0000] {logging_mixin.py:115} INFO - {'_index': 'milestone3', '_type': '_doc', '_id': 'JFAcJJIB9Ge4CN5SDz6S', '_version': 1, 'result': 'created', '_shards': {'total': 2, 'successful': 1, 'failed': 0}, '_seq_no': 415, '_primary_term': 1}
[2024-09-24T12:57:51.765+0000] {base.py:271} INFO - POST http://elasticsearch:9200/milestone3/_doc [status:201 request:0.001s]
[2024-09-24T12:57:51.765+0000] {logging_mixin.py:115} INFO - {'_index': 'milestone3', '_type': '_doc', '_id': 'JVAcJJIB9Ge4CN5SDz6U', '_version': 1, 'result': 'created', '_shards': {'total': 2, 'successful': 1, 'failed': 0}, '_seq_no': 416, '_primary_term': 1}
[2024-09-24T12:57:51.767+0000] {base.py:271} INFO - POST http://elasticsearch:9200/milestone3/_doc [status:201 request:0.001s]
[2024-09-24T12:57:51.767+0000] {logging_mixin.py:115} INFO - {'_index': 'milestone3', '_type': '_doc', '_id': 'JlAcJJIB9Ge4CN5SDz6W', '_version': 1, 'result': 'created', '_shards': {'total': 2, 'successful': 1, 'failed': 0}, '_seq_no': 417, '_primary_term': 1}
[2024-09-24T12:57:51.769+0000] {base.py:271} INFO - POST http://elasticsearch:9200/milestone3/_doc [status:201 request:0.001s]
[2024-09-24T12:57:51.769+0000] {logging_mixin.py:115} INFO - {'_index': 'milestone3', '_type': '_doc', '_id': 'J1AcJJIB9Ge4CN5SDz6Y', '_version': 1, 'result': 'created', '_shards': {'total': 2, 'successful': 1, 'failed': 0}, '_seq_no': 418, '_primary_term': 1}
[2024-09-24T12:57:51.771+0000] {base.py:271} INFO - POST http://elasticsearch:9200/milestone3/_doc [status:201 request:0.001s]
[2024-09-24T12:57:51.771+0000] {logging_mixin.py:115} INFO - {'_index': 'milestone3', '_type': '_doc', '_id': 'KFAcJJIB9Ge4CN5SDz6a', '_version': 1, 'result': 'created', '_shards': {'total': 2, 'successful': 1, 'failed': 0}, '_seq_no': 419, '_primary_term': 1}
[2024-09-24T12:57:51.772+0000] {base.py:271} INFO - POST http://elasticsearch:9200/milestone3/_doc [status:201 request:0.001s]
[2024-09-24T12:57:51.773+0000] {logging_mixin.py:115} INFO - {'_index': 'milestone3', '_type': '_doc', '_id': 'KVAcJJIB9Ge4CN5SDz6b', '_version': 1, 'result': 'created', '_shards': {'total': 2, 'successful': 1, 'failed': 0}, '_seq_no': 420, '_primary_term': 1}
[2024-09-24T12:57:51.774+0000] {base.py:271} INFO - POST http://elasticsearch:9200/milestone3/_doc [status:201 request:0.001s]
[2024-09-24T12:57:51.774+0000] {logging_mixin.py:115} INFO - {'_index': 'milestone3', '_type': '_doc', '_id': 'KlAcJJIB9Ge4CN5SDz6d', '_version': 1, 'result': 'created', '_shards': {'total': 2, 'successful': 1, 'failed': 0}, '_seq_no': 421, '_primary_term': 1}
[2024-09-24T12:57:51.776+0000] {base.py:271} INFO - POST http://elasticsearch:9200/milestone3/_doc [status:201 request:0.001s]
[2024-09-24T12:57:51.776+0000] {logging_mixin.py:115} INFO - {'_index': 'milestone3', '_type': '_doc', '_id': 'K1AcJJIB9Ge4CN5SDz6f', '_version': 1, 'result': 'created', '_shards': {'total': 2, 'successful': 1, 'failed': 0}, '_seq_no': 422, '_primary_term': 1}
[2024-09-24T12:57:51.778+0000] {base.py:271} INFO - POST http://elasticsearch:9200/milestone3/_doc [status:201 request:0.001s]
[2024-09-24T12:57:51.778+0000] {logging_mixin.py:115} INFO - {'_index': 'milestone3', '_type': '_doc', '_id': 'LFAcJJIB9Ge4CN5SDz6h', '_version': 1, 'result': 'created', '_shards': {'total': 2, 'successful': 1, 'failed': 0}, '_seq_no': 423, '_primary_term': 1}
[2024-09-24T12:57:51.780+0000] {base.py:271} INFO - POST http://elasticsearch:9200/milestone3/_doc [status:201 request:0.001s]
[2024-09-24T12:57:51.780+0000] {logging_mixin.py:115} INFO - {'_index': 'milestone3', '_type': '_doc', '_id': 'LVAcJJIB9Ge4CN5SDz6j', '_version': 1, 'result': 'created', '_shards': {'total': 2, 'successful': 1, 'failed': 0}, '_seq_no': 424, '_primary_term': 1}
[2024-09-24T12:57:51.782+0000] {base.py:271} INFO - POST http://elasticsearch:9200/milestone3/_doc [status:201 request:0.002s]
[2024-09-24T12:57:51.782+0000] {logging_mixin.py:115} INFO - {'_index': 'milestone3', '_type': '_doc', '_id': 'LlAcJJIB9Ge4CN5SDz6k', '_version': 1, 'result': 'created', '_shards': {'total': 2, 'successful': 1, 'failed': 0}, '_seq_no': 425, '_primary_term': 1}
[2024-09-24T12:57:51.784+0000] {base.py:271} INFO - POST http://elasticsearch:9200/milestone3/_doc [status:201 request:0.002s]
[2024-09-24T12:57:51.784+0000] {logging_mixin.py:115} INFO - {'_index': 'milestone3', '_type': '_doc', '_id': 'L1AcJJIB9Ge4CN5SDz6n', '_version': 1, 'result': 'created', '_shards': {'total': 2, 'successful': 1, 'failed': 0}, '_seq_no': 426, '_primary_term': 1}
[2024-09-24T12:57:51.786+0000] {base.py:271} INFO - POST http://elasticsearch:9200/milestone3/_doc [status:201 request:0.001s]
[2024-09-24T12:57:51.786+0000] {logging_mixin.py:115} INFO - {'_index': 'milestone3', '_type': '_doc', '_id': 'MFAcJJIB9Ge4CN5SDz6p', '_version': 1, 'result': 'created', '_shards': {'total': 2, 'successful': 1, 'failed': 0}, '_seq_no': 427, '_primary_term': 1}
[2024-09-24T12:57:51.787+0000] {base.py:271} INFO - POST http://elasticsearch:9200/milestone3/_doc [status:201 request:0.001s]
[2024-09-24T12:57:51.788+0000] {logging_mixin.py:115} INFO - {'_index': 'milestone3', '_type': '_doc', '_id': 'MVAcJJIB9Ge4CN5SDz6q', '_version': 1, 'result': 'created', '_shards': {'total': 2, 'successful': 1, 'failed': 0}, '_seq_no': 428, '_primary_term': 1}
[2024-09-24T12:57:51.789+0000] {base.py:271} INFO - POST http://elasticsearch:9200/milestone3/_doc [status:201 request:0.001s]
[2024-09-24T12:57:51.789+0000] {logging_mixin.py:115} INFO - {'_index': 'milestone3', '_type': '_doc', '_id': 'MlAcJJIB9Ge4CN5SDz6s', '_version': 1, 'result': 'created', '_shards': {'total': 2, 'successful': 1, 'failed': 0}, '_seq_no': 429, '_primary_term': 1}
[2024-09-24T12:57:51.791+0000] {base.py:271} INFO - POST http://elasticsearch:9200/milestone3/_doc [status:201 request:0.001s]
[2024-09-24T12:57:51.791+0000] {logging_mixin.py:115} INFO - {'_index': 'milestone3', '_type': '_doc', '_id': 'M1AcJJIB9Ge4CN5SDz6u', '_version': 1, 'result': 'created', '_shards': {'total': 2, 'successful': 1, 'failed': 0}, '_seq_no': 430, '_primary_term': 1}
[2024-09-24T12:57:51.792+0000] {base.py:271} INFO - POST http://elasticsearch:9200/milestone3/_doc [status:201 request:0.001s]
[2024-09-24T12:57:51.793+0000] {logging_mixin.py:115} INFO - {'_index': 'milestone3', '_type': '_doc', '_id': 'NFAcJJIB9Ge4CN5SDz6v', '_version': 1, 'result': 'created', '_shards': {'total': 2, 'successful': 1, 'failed': 0}, '_seq_no': 431, '_primary_term': 1}
[2024-09-24T12:57:51.794+0000] {base.py:271} INFO - POST http://elasticsearch:9200/milestone3/_doc [status:201 request:0.001s]
[2024-09-24T12:57:51.794+0000] {logging_mixin.py:115} INFO - {'_index': 'milestone3', '_type': '_doc', '_id': 'NVAcJJIB9Ge4CN5SDz6x', '_version': 1, 'result': 'created', '_shards': {'total': 2, 'successful': 1, 'failed': 0}, '_seq_no': 432, '_primary_term': 1}
[2024-09-24T12:57:51.796+0000] {base.py:271} INFO - POST http://elasticsearch:9200/milestone3/_doc [status:201 request:0.002s]
[2024-09-24T12:57:51.796+0000] {logging_mixin.py:115} INFO - {'_index': 'milestone3', '_type': '_doc', '_id': 'NlAcJJIB9Ge4CN5SDz6z', '_version': 1, 'result': 'created', '_shards': {'total': 2, 'successful': 1, 'failed': 0}, '_seq_no': 433, '_primary_term': 1}
[2024-09-24T12:57:51.798+0000] {base.py:271} INFO - POST http://elasticsearch:9200/milestone3/_doc [status:201 request:0.002s]
[2024-09-24T12:57:51.799+0000] {logging_mixin.py:115} INFO - {'_index': 'milestone3', '_type': '_doc', '_id': 'N1AcJJIB9Ge4CN5SDz61', '_version': 1, 'result': 'created', '_shards': {'total': 2, 'successful': 1, 'failed': 0}, '_seq_no': 434, '_primary_term': 1}
[2024-09-24T12:57:51.800+0000] {base.py:271} INFO - POST http://elasticsearch:9200/milestone3/_doc [status:201 request:0.001s]
[2024-09-24T12:57:51.800+0000] {logging_mixin.py:115} INFO - {'_index': 'milestone3', '_type': '_doc', '_id': 'OFAcJJIB9Ge4CN5SDz63', '_version': 1, 'result': 'created', '_shards': {'total': 2, 'successful': 1, 'failed': 0}, '_seq_no': 435, '_primary_term': 1}
[2024-09-24T12:57:51.802+0000] {base.py:271} INFO - POST http://elasticsearch:9200/milestone3/_doc [status:201 request:0.002s]
[2024-09-24T12:57:51.803+0000] {logging_mixin.py:115} INFO - {'_index': 'milestone3', '_type': '_doc', '_id': 'OVAcJJIB9Ge4CN5SDz65', '_version': 1, 'result': 'created', '_shards': {'total': 2, 'successful': 1, 'failed': 0}, '_seq_no': 436, '_primary_term': 1}
[2024-09-24T12:57:51.804+0000] {base.py:271} INFO - POST http://elasticsearch:9200/milestone3/_doc [status:201 request:0.002s]
[2024-09-24T12:57:51.805+0000] {logging_mixin.py:115} INFO - {'_index': 'milestone3', '_type': '_doc', '_id': 'OlAcJJIB9Ge4CN5SDz67', '_version': 1, 'result': 'created', '_shards': {'total': 2, 'successful': 1, 'failed': 0}, '_seq_no': 437, '_primary_term': 1}
[2024-09-24T12:57:51.806+0000] {base.py:271} INFO - POST http://elasticsearch:9200/milestone3/_doc [status:201 request:0.002s]
[2024-09-24T12:57:51.806+0000] {logging_mixin.py:115} INFO - {'_index': 'milestone3', '_type': '_doc', '_id': 'O1AcJJIB9Ge4CN5SDz69', '_version': 1, 'result': 'created', '_shards': {'total': 2, 'successful': 1, 'failed': 0}, '_seq_no': 438, '_primary_term': 1}
[2024-09-24T12:57:51.809+0000] {base.py:271} INFO - POST http://elasticsearch:9200/milestone3/_doc [status:201 request:0.002s]
[2024-09-24T12:57:51.809+0000] {logging_mixin.py:115} INFO - {'_index': 'milestone3', '_type': '_doc', '_id': 'PFAcJJIB9Ge4CN5SDz6_', '_version': 1, 'result': 'created', '_shards': {'total': 2, 'successful': 1, 'failed': 0}, '_seq_no': 439, '_primary_term': 1}
[2024-09-24T12:57:51.811+0000] {base.py:271} INFO - POST http://elasticsearch:9200/milestone3/_doc [status:201 request:0.002s]
[2024-09-24T12:57:51.811+0000] {logging_mixin.py:115} INFO - {'_index': 'milestone3', '_type': '_doc', '_id': 'PVAcJJIB9Ge4CN5SDz7B', '_version': 1, 'result': 'created', '_shards': {'total': 2, 'successful': 1, 'failed': 0}, '_seq_no': 440, '_primary_term': 1}
[2024-09-24T12:57:51.813+0000] {base.py:271} INFO - POST http://elasticsearch:9200/milestone3/_doc [status:201 request:0.002s]
[2024-09-24T12:57:51.813+0000] {logging_mixin.py:115} INFO - {'_index': 'milestone3', '_type': '_doc', '_id': 'PlAcJJIB9Ge4CN5SDz7E', '_version': 1, 'result': 'created', '_shards': {'total': 2, 'successful': 1, 'failed': 0}, '_seq_no': 441, '_primary_term': 1}
[2024-09-24T12:57:51.815+0000] {base.py:271} INFO - POST http://elasticsearch:9200/milestone3/_doc [status:201 request:0.001s]
[2024-09-24T12:57:51.815+0000] {logging_mixin.py:115} INFO - {'_index': 'milestone3', '_type': '_doc', '_id': 'P1AcJJIB9Ge4CN5SDz7G', '_version': 1, 'result': 'created', '_shards': {'total': 2, 'successful': 1, 'failed': 0}, '_seq_no': 442, '_primary_term': 1}
[2024-09-24T12:57:51.817+0000] {base.py:271} INFO - POST http://elasticsearch:9200/milestone3/_doc [status:201 request:0.002s]
[2024-09-24T12:57:51.817+0000] {logging_mixin.py:115} INFO - {'_index': 'milestone3', '_type': '_doc', '_id': 'QFAcJJIB9Ge4CN5SDz7H', '_version': 1, 'result': 'created', '_shards': {'total': 2, 'successful': 1, 'failed': 0}, '_seq_no': 443, '_primary_term': 1}
[2024-09-24T12:57:51.819+0000] {base.py:271} INFO - POST http://elasticsearch:9200/milestone3/_doc [status:201 request:0.002s]
[2024-09-24T12:57:51.819+0000] {logging_mixin.py:115} INFO - {'_index': 'milestone3', '_type': '_doc', '_id': 'QVAcJJIB9Ge4CN5SDz7J', '_version': 1, 'result': 'created', '_shards': {'total': 2, 'successful': 1, 'failed': 0}, '_seq_no': 444, '_primary_term': 1}
[2024-09-24T12:57:51.821+0000] {base.py:271} INFO - POST http://elasticsearch:9200/milestone3/_doc [status:201 request:0.001s]
[2024-09-24T12:57:51.821+0000] {logging_mixin.py:115} INFO - {'_index': 'milestone3', '_type': '_doc', '_id': 'QlAcJJIB9Ge4CN5SDz7M', '_version': 1, 'result': 'created', '_shards': {'total': 2, 'successful': 1, 'failed': 0}, '_seq_no': 445, '_primary_term': 1}
[2024-09-24T12:57:51.823+0000] {base.py:271} INFO - POST http://elasticsearch:9200/milestone3/_doc [status:201 request:0.002s]
[2024-09-24T12:57:51.823+0000] {logging_mixin.py:115} INFO - {'_index': 'milestone3', '_type': '_doc', '_id': 'Q1AcJJIB9Ge4CN5SDz7O', '_version': 1, 'result': 'created', '_shards': {'total': 2, 'successful': 1, 'failed': 0}, '_seq_no': 446, '_primary_term': 1}
[2024-09-24T12:57:51.825+0000] {base.py:271} INFO - POST http://elasticsearch:9200/milestone3/_doc [status:201 request:0.001s]
[2024-09-24T12:57:51.825+0000] {logging_mixin.py:115} INFO - {'_index': 'milestone3', '_type': '_doc', '_id': 'RFAcJJIB9Ge4CN5SDz7P', '_version': 1, 'result': 'created', '_shards': {'total': 2, 'successful': 1, 'failed': 0}, '_seq_no': 447, '_primary_term': 1}
[2024-09-24T12:57:51.827+0000] {base.py:271} INFO - POST http://elasticsearch:9200/milestone3/_doc [status:201 request:0.002s]
[2024-09-24T12:57:51.827+0000] {logging_mixin.py:115} INFO - {'_index': 'milestone3', '_type': '_doc', '_id': 'RVAcJJIB9Ge4CN5SDz7R', '_version': 1, 'result': 'created', '_shards': {'total': 2, 'successful': 1, 'failed': 0}, '_seq_no': 448, '_primary_term': 1}
[2024-09-24T12:57:51.829+0000] {base.py:271} INFO - POST http://elasticsearch:9200/milestone3/_doc [status:201 request:0.002s]
[2024-09-24T12:57:51.830+0000] {logging_mixin.py:115} INFO - {'_index': 'milestone3', '_type': '_doc', '_id': 'RlAcJJIB9Ge4CN5SDz7T', '_version': 1, 'result': 'created', '_shards': {'total': 2, 'successful': 1, 'failed': 0}, '_seq_no': 449, '_primary_term': 1}
[2024-09-24T12:57:51.831+0000] {base.py:271} INFO - POST http://elasticsearch:9200/milestone3/_doc [status:201 request:0.002s]
[2024-09-24T12:57:51.832+0000] {logging_mixin.py:115} INFO - {'_index': 'milestone3', '_type': '_doc', '_id': 'R1AcJJIB9Ge4CN5SDz7W', '_version': 1, 'result': 'created', '_shards': {'total': 2, 'successful': 1, 'failed': 0}, '_seq_no': 450, '_primary_term': 1}
[2024-09-24T12:57:51.833+0000] {base.py:271} INFO - POST http://elasticsearch:9200/milestone3/_doc [status:201 request:0.002s]
[2024-09-24T12:57:51.834+0000] {logging_mixin.py:115} INFO - {'_index': 'milestone3', '_type': '_doc', '_id': 'SFAcJJIB9Ge4CN5SDz7Y', '_version': 1, 'result': 'created', '_shards': {'total': 2, 'successful': 1, 'failed': 0}, '_seq_no': 451, '_primary_term': 1}
[2024-09-24T12:57:51.836+0000] {base.py:271} INFO - POST http://elasticsearch:9200/milestone3/_doc [status:201 request:0.002s]
[2024-09-24T12:57:51.836+0000] {logging_mixin.py:115} INFO - {'_index': 'milestone3', '_type': '_doc', '_id': 'SVAcJJIB9Ge4CN5SDz7a', '_version': 1, 'result': 'created', '_shards': {'total': 2, 'successful': 1, 'failed': 0}, '_seq_no': 452, '_primary_term': 1}
[2024-09-24T12:57:51.837+0000] {base.py:271} INFO - POST http://elasticsearch:9200/milestone3/_doc [status:201 request:0.001s]
[2024-09-24T12:57:51.837+0000] {logging_mixin.py:115} INFO - {'_index': 'milestone3', '_type': '_doc', '_id': 'SlAcJJIB9Ge4CN5SDz7c', '_version': 1, 'result': 'created', '_shards': {'total': 2, 'successful': 1, 'failed': 0}, '_seq_no': 453, '_primary_term': 1}
[2024-09-24T12:57:51.839+0000] {base.py:271} INFO - POST http://elasticsearch:9200/milestone3/_doc [status:201 request:0.002s]
[2024-09-24T12:57:51.839+0000] {logging_mixin.py:115} INFO - {'_index': 'milestone3', '_type': '_doc', '_id': 'S1AcJJIB9Ge4CN5SDz7e', '_version': 1, 'result': 'created', '_shards': {'total': 2, 'successful': 1, 'failed': 0}, '_seq_no': 454, '_primary_term': 1}
[2024-09-24T12:57:51.841+0000] {base.py:271} INFO - POST http://elasticsearch:9200/milestone3/_doc [status:201 request:0.001s]
[2024-09-24T12:57:51.841+0000] {logging_mixin.py:115} INFO - {'_index': 'milestone3', '_type': '_doc', '_id': 'TFAcJJIB9Ge4CN5SDz7g', '_version': 1, 'result': 'created', '_shards': {'total': 2, 'successful': 1, 'failed': 0}, '_seq_no': 455, '_primary_term': 1}
[2024-09-24T12:57:51.843+0000] {base.py:271} INFO - POST http://elasticsearch:9200/milestone3/_doc [status:201 request:0.002s]
[2024-09-24T12:57:51.843+0000] {logging_mixin.py:115} INFO - {'_index': 'milestone3', '_type': '_doc', '_id': 'TVAcJJIB9Ge4CN5SDz7i', '_version': 1, 'result': 'created', '_shards': {'total': 2, 'successful': 1, 'failed': 0}, '_seq_no': 456, '_primary_term': 1}
[2024-09-24T12:57:51.845+0000] {base.py:271} INFO - POST http://elasticsearch:9200/milestone3/_doc [status:201 request:0.001s]
[2024-09-24T12:57:51.845+0000] {logging_mixin.py:115} INFO - {'_index': 'milestone3', '_type': '_doc', '_id': 'TlAcJJIB9Ge4CN5SDz7k', '_version': 1, 'result': 'created', '_shards': {'total': 2, 'successful': 1, 'failed': 0}, '_seq_no': 457, '_primary_term': 1}
[2024-09-24T12:57:51.847+0000] {base.py:271} INFO - POST http://elasticsearch:9200/milestone3/_doc [status:201 request:0.002s]
[2024-09-24T12:57:51.847+0000] {logging_mixin.py:115} INFO - {'_index': 'milestone3', '_type': '_doc', '_id': 'T1AcJJIB9Ge4CN5SDz7l', '_version': 1, 'result': 'created', '_shards': {'total': 2, 'successful': 1, 'failed': 0}, '_seq_no': 458, '_primary_term': 1}
[2024-09-24T12:57:51.849+0000] {base.py:271} INFO - POST http://elasticsearch:9200/milestone3/_doc [status:201 request:0.002s]
[2024-09-24T12:57:51.849+0000] {logging_mixin.py:115} INFO - {'_index': 'milestone3', '_type': '_doc', '_id': 'UFAcJJIB9Ge4CN5SDz7o', '_version': 1, 'result': 'created', '_shards': {'total': 2, 'successful': 1, 'failed': 0}, '_seq_no': 459, '_primary_term': 1}
[2024-09-24T12:57:51.851+0000] {base.py:271} INFO - POST http://elasticsearch:9200/milestone3/_doc [status:201 request:0.002s]
[2024-09-24T12:57:51.851+0000] {logging_mixin.py:115} INFO - {'_index': 'milestone3', '_type': '_doc', '_id': 'UVAcJJIB9Ge4CN5SDz7q', '_version': 1, 'result': 'created', '_shards': {'total': 2, 'successful': 1, 'failed': 0}, '_seq_no': 460, '_primary_term': 1}
[2024-09-24T12:57:51.853+0000] {base.py:271} INFO - POST http://elasticsearch:9200/milestone3/_doc [status:201 request:0.002s]
[2024-09-24T12:57:51.853+0000] {logging_mixin.py:115} INFO - {'_index': 'milestone3', '_type': '_doc', '_id': 'UlAcJJIB9Ge4CN5SDz7s', '_version': 1, 'result': 'created', '_shards': {'total': 2, 'successful': 1, 'failed': 0}, '_seq_no': 461, '_primary_term': 1}
[2024-09-24T12:57:51.855+0000] {base.py:271} INFO - POST http://elasticsearch:9200/milestone3/_doc [status:201 request:0.001s]
[2024-09-24T12:57:51.855+0000] {logging_mixin.py:115} INFO - {'_index': 'milestone3', '_type': '_doc', '_id': 'U1AcJJIB9Ge4CN5SDz7u', '_version': 1, 'result': 'created', '_shards': {'total': 2, 'successful': 1, 'failed': 0}, '_seq_no': 462, '_primary_term': 1}
[2024-09-24T12:57:51.857+0000] {base.py:271} INFO - POST http://elasticsearch:9200/milestone3/_doc [status:201 request:0.001s]
[2024-09-24T12:57:51.857+0000] {logging_mixin.py:115} INFO - {'_index': 'milestone3', '_type': '_doc', '_id': 'VFAcJJIB9Ge4CN5SDz7w', '_version': 1, 'result': 'created', '_shards': {'total': 2, 'successful': 1, 'failed': 0}, '_seq_no': 463, '_primary_term': 1}
[2024-09-24T12:57:51.858+0000] {base.py:271} INFO - POST http://elasticsearch:9200/milestone3/_doc [status:201 request:0.001s]
[2024-09-24T12:57:51.858+0000] {logging_mixin.py:115} INFO - {'_index': 'milestone3', '_type': '_doc', '_id': 'VVAcJJIB9Ge4CN5SDz7x', '_version': 1, 'result': 'created', '_shards': {'total': 2, 'successful': 1, 'failed': 0}, '_seq_no': 464, '_primary_term': 1}
[2024-09-24T12:57:51.860+0000] {base.py:271} INFO - POST http://elasticsearch:9200/milestone3/_doc [status:201 request:0.001s]
[2024-09-24T12:57:51.860+0000] {logging_mixin.py:115} INFO - {'_index': 'milestone3', '_type': '_doc', '_id': 'VlAcJJIB9Ge4CN5SDz7z', '_version': 1, 'result': 'created', '_shards': {'total': 2, 'successful': 1, 'failed': 0}, '_seq_no': 465, '_primary_term': 1}
[2024-09-24T12:57:51.862+0000] {base.py:271} INFO - POST http://elasticsearch:9200/milestone3/_doc [status:201 request:0.001s]
[2024-09-24T12:57:51.862+0000] {logging_mixin.py:115} INFO - {'_index': 'milestone3', '_type': '_doc', '_id': 'V1AcJJIB9Ge4CN5SDz71', '_version': 1, 'result': 'created', '_shards': {'total': 2, 'successful': 1, 'failed': 0}, '_seq_no': 466, '_primary_term': 1}
[2024-09-24T12:57:51.864+0000] {base.py:271} INFO - POST http://elasticsearch:9200/milestone3/_doc [status:201 request:0.001s]
[2024-09-24T12:57:51.864+0000] {logging_mixin.py:115} INFO - {'_index': 'milestone3', '_type': '_doc', '_id': 'WFAcJJIB9Ge4CN5SDz73', '_version': 1, 'result': 'created', '_shards': {'total': 2, 'successful': 1, 'failed': 0}, '_seq_no': 467, '_primary_term': 1}
[2024-09-24T12:57:51.865+0000] {base.py:271} INFO - POST http://elasticsearch:9200/milestone3/_doc [status:201 request:0.001s]
[2024-09-24T12:57:51.865+0000] {logging_mixin.py:115} INFO - {'_index': 'milestone3', '_type': '_doc', '_id': 'WVAcJJIB9Ge4CN5SDz74', '_version': 1, 'result': 'created', '_shards': {'total': 2, 'successful': 1, 'failed': 0}, '_seq_no': 468, '_primary_term': 1}
[2024-09-24T12:57:51.867+0000] {base.py:271} INFO - POST http://elasticsearch:9200/milestone3/_doc [status:201 request:0.001s]
[2024-09-24T12:57:51.867+0000] {logging_mixin.py:115} INFO - {'_index': 'milestone3', '_type': '_doc', '_id': 'WlAcJJIB9Ge4CN5SDz76', '_version': 1, 'result': 'created', '_shards': {'total': 2, 'successful': 1, 'failed': 0}, '_seq_no': 469, '_primary_term': 1}
[2024-09-24T12:57:51.869+0000] {base.py:271} INFO - POST http://elasticsearch:9200/milestone3/_doc [status:201 request:0.001s]
[2024-09-24T12:57:51.869+0000] {logging_mixin.py:115} INFO - {'_index': 'milestone3', '_type': '_doc', '_id': 'W1AcJJIB9Ge4CN5SDz78', '_version': 1, 'result': 'created', '_shards': {'total': 2, 'successful': 1, 'failed': 0}, '_seq_no': 470, '_primary_term': 1}
[2024-09-24T12:57:51.871+0000] {base.py:271} INFO - POST http://elasticsearch:9200/milestone3/_doc [status:201 request:0.002s]
[2024-09-24T12:57:51.871+0000] {logging_mixin.py:115} INFO - {'_index': 'milestone3', '_type': '_doc', '_id': 'XFAcJJIB9Ge4CN5SDz79', '_version': 1, 'result': 'created', '_shards': {'total': 2, 'successful': 1, 'failed': 0}, '_seq_no': 471, '_primary_term': 1}
[2024-09-24T12:57:51.872+0000] {base.py:271} INFO - POST http://elasticsearch:9200/milestone3/_doc [status:201 request:0.001s]
[2024-09-24T12:57:51.872+0000] {logging_mixin.py:115} INFO - {'_index': 'milestone3', '_type': '_doc', '_id': 'XVAcJJIB9Ge4CN5SDz7_', '_version': 1, 'result': 'created', '_shards': {'total': 2, 'successful': 1, 'failed': 0}, '_seq_no': 472, '_primary_term': 1}
[2024-09-24T12:57:51.874+0000] {base.py:271} INFO - POST http://elasticsearch:9200/milestone3/_doc [status:201 request:0.001s]
[2024-09-24T12:57:51.874+0000] {logging_mixin.py:115} INFO - {'_index': 'milestone3', '_type': '_doc', '_id': 'XlAcJJIB9Ge4CN5SED4B', '_version': 1, 'result': 'created', '_shards': {'total': 2, 'successful': 1, 'failed': 0}, '_seq_no': 473, '_primary_term': 1}
[2024-09-24T12:57:51.876+0000] {base.py:271} INFO - POST http://elasticsearch:9200/milestone3/_doc [status:201 request:0.001s]
[2024-09-24T12:57:51.876+0000] {logging_mixin.py:115} INFO - {'_index': 'milestone3', '_type': '_doc', '_id': 'X1AcJJIB9Ge4CN5SED4D', '_version': 1, 'result': 'created', '_shards': {'total': 2, 'successful': 1, 'failed': 0}, '_seq_no': 474, '_primary_term': 1}
[2024-09-24T12:57:51.877+0000] {base.py:271} INFO - POST http://elasticsearch:9200/milestone3/_doc [status:201 request:0.001s]
[2024-09-24T12:57:51.877+0000] {logging_mixin.py:115} INFO - {'_index': 'milestone3', '_type': '_doc', '_id': 'YFAcJJIB9Ge4CN5SED4E', '_version': 1, 'result': 'created', '_shards': {'total': 2, 'successful': 1, 'failed': 0}, '_seq_no': 475, '_primary_term': 1}
[2024-09-24T12:57:51.879+0000] {base.py:271} INFO - POST http://elasticsearch:9200/milestone3/_doc [status:201 request:0.001s]
[2024-09-24T12:57:51.879+0000] {logging_mixin.py:115} INFO - {'_index': 'milestone3', '_type': '_doc', '_id': 'YVAcJJIB9Ge4CN5SED4G', '_version': 1, 'result': 'created', '_shards': {'total': 2, 'successful': 1, 'failed': 0}, '_seq_no': 476, '_primary_term': 1}
[2024-09-24T12:57:51.881+0000] {base.py:271} INFO - POST http://elasticsearch:9200/milestone3/_doc [status:201 request:0.001s]
[2024-09-24T12:57:51.881+0000] {logging_mixin.py:115} INFO - {'_index': 'milestone3', '_type': '_doc', '_id': 'YlAcJJIB9Ge4CN5SED4I', '_version': 1, 'result': 'created', '_shards': {'total': 2, 'successful': 1, 'failed': 0}, '_seq_no': 477, '_primary_term': 1}
[2024-09-24T12:57:51.883+0000] {base.py:271} INFO - POST http://elasticsearch:9200/milestone3/_doc [status:201 request:0.001s]
[2024-09-24T12:57:51.883+0000] {logging_mixin.py:115} INFO - {'_index': 'milestone3', '_type': '_doc', '_id': 'Y1AcJJIB9Ge4CN5SED4J', '_version': 1, 'result': 'created', '_shards': {'total': 2, 'successful': 1, 'failed': 0}, '_seq_no': 478, '_primary_term': 1}
[2024-09-24T12:57:51.884+0000] {base.py:271} INFO - POST http://elasticsearch:9200/milestone3/_doc [status:201 request:0.001s]
[2024-09-24T12:57:51.884+0000] {logging_mixin.py:115} INFO - {'_index': 'milestone3', '_type': '_doc', '_id': 'ZFAcJJIB9Ge4CN5SED4L', '_version': 1, 'result': 'created', '_shards': {'total': 2, 'successful': 1, 'failed': 0}, '_seq_no': 479, '_primary_term': 1}
[2024-09-24T12:57:51.886+0000] {base.py:271} INFO - POST http://elasticsearch:9200/milestone3/_doc [status:201 request:0.001s]
[2024-09-24T12:57:51.886+0000] {logging_mixin.py:115} INFO - {'_index': 'milestone3', '_type': '_doc', '_id': 'ZVAcJJIB9Ge4CN5SED4N', '_version': 1, 'result': 'created', '_shards': {'total': 2, 'successful': 1, 'failed': 0}, '_seq_no': 480, '_primary_term': 1}
[2024-09-24T12:57:51.888+0000] {base.py:271} INFO - POST http://elasticsearch:9200/milestone3/_doc [status:201 request:0.001s]
[2024-09-24T12:57:51.888+0000] {logging_mixin.py:115} INFO - {'_index': 'milestone3', '_type': '_doc', '_id': 'ZlAcJJIB9Ge4CN5SED4P', '_version': 1, 'result': 'created', '_shards': {'total': 2, 'successful': 1, 'failed': 0}, '_seq_no': 481, '_primary_term': 1}
[2024-09-24T12:57:51.890+0000] {base.py:271} INFO - POST http://elasticsearch:9200/milestone3/_doc [status:201 request:0.002s]
[2024-09-24T12:57:51.890+0000] {logging_mixin.py:115} INFO - {'_index': 'milestone3', '_type': '_doc', '_id': 'Z1AcJJIB9Ge4CN5SED4Q', '_version': 1, 'result': 'created', '_shards': {'total': 2, 'successful': 1, 'failed': 0}, '_seq_no': 482, '_primary_term': 1}
[2024-09-24T12:57:51.892+0000] {base.py:271} INFO - POST http://elasticsearch:9200/milestone3/_doc [status:201 request:0.001s]
[2024-09-24T12:57:51.892+0000] {logging_mixin.py:115} INFO - {'_index': 'milestone3', '_type': '_doc', '_id': 'aFAcJJIB9Ge4CN5SED4T', '_version': 1, 'result': 'created', '_shards': {'total': 2, 'successful': 1, 'failed': 0}, '_seq_no': 483, '_primary_term': 1}
[2024-09-24T12:57:51.893+0000] {base.py:271} INFO - POST http://elasticsearch:9200/milestone3/_doc [status:201 request:0.001s]
[2024-09-24T12:57:51.893+0000] {logging_mixin.py:115} INFO - {'_index': 'milestone3', '_type': '_doc', '_id': 'aVAcJJIB9Ge4CN5SED4U', '_version': 1, 'result': 'created', '_shards': {'total': 2, 'successful': 1, 'failed': 0}, '_seq_no': 484, '_primary_term': 1}
[2024-09-24T12:57:51.895+0000] {base.py:271} INFO - POST http://elasticsearch:9200/milestone3/_doc [status:201 request:0.001s]
[2024-09-24T12:57:51.895+0000] {logging_mixin.py:115} INFO - {'_index': 'milestone3', '_type': '_doc', '_id': 'alAcJJIB9Ge4CN5SED4W', '_version': 1, 'result': 'created', '_shards': {'total': 2, 'successful': 1, 'failed': 0}, '_seq_no': 485, '_primary_term': 1}
[2024-09-24T12:57:51.897+0000] {base.py:271} INFO - POST http://elasticsearch:9200/milestone3/_doc [status:201 request:0.001s]
[2024-09-24T12:57:51.897+0000] {logging_mixin.py:115} INFO - {'_index': 'milestone3', '_type': '_doc', '_id': 'a1AcJJIB9Ge4CN5SED4Y', '_version': 1, 'result': 'created', '_shards': {'total': 2, 'successful': 1, 'failed': 0}, '_seq_no': 486, '_primary_term': 1}
[2024-09-24T12:57:51.899+0000] {base.py:271} INFO - POST http://elasticsearch:9200/milestone3/_doc [status:201 request:0.001s]
[2024-09-24T12:57:51.899+0000] {logging_mixin.py:115} INFO - {'_index': 'milestone3', '_type': '_doc', '_id': 'bFAcJJIB9Ge4CN5SED4Z', '_version': 1, 'result': 'created', '_shards': {'total': 2, 'successful': 1, 'failed': 0}, '_seq_no': 487, '_primary_term': 1}
[2024-09-24T12:57:51.900+0000] {base.py:271} INFO - POST http://elasticsearch:9200/milestone3/_doc [status:201 request:0.001s]
[2024-09-24T12:57:51.901+0000] {logging_mixin.py:115} INFO - {'_index': 'milestone3', '_type': '_doc', '_id': 'bVAcJJIB9Ge4CN5SED4b', '_version': 1, 'result': 'created', '_shards': {'total': 2, 'successful': 1, 'failed': 0}, '_seq_no': 488, '_primary_term': 1}
[2024-09-24T12:57:51.903+0000] {base.py:271} INFO - POST http://elasticsearch:9200/milestone3/_doc [status:201 request:0.002s]
[2024-09-24T12:57:51.903+0000] {logging_mixin.py:115} INFO - {'_index': 'milestone3', '_type': '_doc', '_id': 'blAcJJIB9Ge4CN5SED4d', '_version': 1, 'result': 'created', '_shards': {'total': 2, 'successful': 1, 'failed': 0}, '_seq_no': 489, '_primary_term': 1}
[2024-09-24T12:57:51.904+0000] {base.py:271} INFO - POST http://elasticsearch:9200/milestone3/_doc [status:201 request:0.001s]
[2024-09-24T12:57:51.904+0000] {logging_mixin.py:115} INFO - {'_index': 'milestone3', '_type': '_doc', '_id': 'b1AcJJIB9Ge4CN5SED4f', '_version': 1, 'result': 'created', '_shards': {'total': 2, 'successful': 1, 'failed': 0}, '_seq_no': 490, '_primary_term': 1}
[2024-09-24T12:57:51.906+0000] {base.py:271} INFO - POST http://elasticsearch:9200/milestone3/_doc [status:201 request:0.002s]
[2024-09-24T12:57:51.906+0000] {logging_mixin.py:115} INFO - {'_index': 'milestone3', '_type': '_doc', '_id': 'cFAcJJIB9Ge4CN5SED4h', '_version': 1, 'result': 'created', '_shards': {'total': 2, 'successful': 1, 'failed': 0}, '_seq_no': 491, '_primary_term': 1}
[2024-09-24T12:57:51.908+0000] {base.py:271} INFO - POST http://elasticsearch:9200/milestone3/_doc [status:201 request:0.001s]
[2024-09-24T12:57:51.908+0000] {logging_mixin.py:115} INFO - {'_index': 'milestone3', '_type': '_doc', '_id': 'cVAcJJIB9Ge4CN5SED4j', '_version': 1, 'result': 'created', '_shards': {'total': 2, 'successful': 1, 'failed': 0}, '_seq_no': 492, '_primary_term': 1}
[2024-09-24T12:57:51.909+0000] {base.py:271} INFO - POST http://elasticsearch:9200/milestone3/_doc [status:201 request:0.001s]
[2024-09-24T12:57:51.910+0000] {logging_mixin.py:115} INFO - {'_index': 'milestone3', '_type': '_doc', '_id': 'clAcJJIB9Ge4CN5SED4k', '_version': 1, 'result': 'created', '_shards': {'total': 2, 'successful': 1, 'failed': 0}, '_seq_no': 493, '_primary_term': 1}
[2024-09-24T12:57:51.911+0000] {base.py:271} INFO - POST http://elasticsearch:9200/milestone3/_doc [status:201 request:0.001s]
[2024-09-24T12:57:51.911+0000] {logging_mixin.py:115} INFO - {'_index': 'milestone3', '_type': '_doc', '_id': 'c1AcJJIB9Ge4CN5SED4m', '_version': 1, 'result': 'created', '_shards': {'total': 2, 'successful': 1, 'failed': 0}, '_seq_no': 494, '_primary_term': 1}
[2024-09-24T12:57:51.913+0000] {base.py:271} INFO - POST http://elasticsearch:9200/milestone3/_doc [status:201 request:0.001s]
[2024-09-24T12:57:51.913+0000] {logging_mixin.py:115} INFO - {'_index': 'milestone3', '_type': '_doc', '_id': 'dFAcJJIB9Ge4CN5SED4o', '_version': 1, 'result': 'created', '_shards': {'total': 2, 'successful': 1, 'failed': 0}, '_seq_no': 495, '_primary_term': 1}
[2024-09-24T12:57:51.915+0000] {base.py:271} INFO - POST http://elasticsearch:9200/milestone3/_doc [status:201 request:0.002s]
[2024-09-24T12:57:51.915+0000] {logging_mixin.py:115} INFO - {'_index': 'milestone3', '_type': '_doc', '_id': 'dVAcJJIB9Ge4CN5SED4p', '_version': 1, 'result': 'created', '_shards': {'total': 2, 'successful': 1, 'failed': 0}, '_seq_no': 496, '_primary_term': 1}
[2024-09-24T12:57:51.916+0000] {base.py:271} INFO - POST http://elasticsearch:9200/milestone3/_doc [status:201 request:0.001s]
[2024-09-24T12:57:51.917+0000] {logging_mixin.py:115} INFO - {'_index': 'milestone3', '_type': '_doc', '_id': 'dlAcJJIB9Ge4CN5SED4r', '_version': 1, 'result': 'created', '_shards': {'total': 2, 'successful': 1, 'failed': 0}, '_seq_no': 497, '_primary_term': 1}
[2024-09-24T12:57:51.919+0000] {base.py:271} INFO - POST http://elasticsearch:9200/milestone3/_doc [status:201 request:0.002s]
[2024-09-24T12:57:51.919+0000] {logging_mixin.py:115} INFO - {'_index': 'milestone3', '_type': '_doc', '_id': 'd1AcJJIB9Ge4CN5SED4t', '_version': 1, 'result': 'created', '_shards': {'total': 2, 'successful': 1, 'failed': 0}, '_seq_no': 498, '_primary_term': 1}
[2024-09-24T12:57:51.921+0000] {base.py:271} INFO - POST http://elasticsearch:9200/milestone3/_doc [status:201 request:0.001s]
[2024-09-24T12:57:51.921+0000] {logging_mixin.py:115} INFO - {'_index': 'milestone3', '_type': '_doc', '_id': 'eFAcJJIB9Ge4CN5SED4v', '_version': 1, 'result': 'created', '_shards': {'total': 2, 'successful': 1, 'failed': 0}, '_seq_no': 499, '_primary_term': 1}
[2024-09-24T12:57:51.922+0000] {base.py:271} INFO - POST http://elasticsearch:9200/milestone3/_doc [status:201 request:0.001s]
[2024-09-24T12:57:51.922+0000] {logging_mixin.py:115} INFO - {'_index': 'milestone3', '_type': '_doc', '_id': 'eVAcJJIB9Ge4CN5SED4x', '_version': 1, 'result': 'created', '_shards': {'total': 2, 'successful': 1, 'failed': 0}, '_seq_no': 500, '_primary_term': 1}
[2024-09-24T12:57:51.924+0000] {base.py:271} INFO - POST http://elasticsearch:9200/milestone3/_doc [status:201 request:0.001s]
[2024-09-24T12:57:51.924+0000] {logging_mixin.py:115} INFO - {'_index': 'milestone3', '_type': '_doc', '_id': 'elAcJJIB9Ge4CN5SED4z', '_version': 1, 'result': 'created', '_shards': {'total': 2, 'successful': 1, 'failed': 0}, '_seq_no': 501, '_primary_term': 1}
[2024-09-24T12:57:51.926+0000] {base.py:271} INFO - POST http://elasticsearch:9200/milestone3/_doc [status:201 request:0.001s]
[2024-09-24T12:57:51.926+0000] {logging_mixin.py:115} INFO - {'_index': 'milestone3', '_type': '_doc', '_id': 'e1AcJJIB9Ge4CN5SED40', '_version': 1, 'result': 'created', '_shards': {'total': 2, 'successful': 1, 'failed': 0}, '_seq_no': 502, '_primary_term': 1}
[2024-09-24T12:57:51.927+0000] {base.py:271} INFO - POST http://elasticsearch:9200/milestone3/_doc [status:201 request:0.001s]
[2024-09-24T12:57:51.928+0000] {logging_mixin.py:115} INFO - {'_index': 'milestone3', '_type': '_doc', '_id': 'fFAcJJIB9Ge4CN5SED42', '_version': 1, 'result': 'created', '_shards': {'total': 2, 'successful': 1, 'failed': 0}, '_seq_no': 503, '_primary_term': 1}
[2024-09-24T12:57:51.929+0000] {base.py:271} INFO - POST http://elasticsearch:9200/milestone3/_doc [status:201 request:0.001s]
[2024-09-24T12:57:51.929+0000] {logging_mixin.py:115} INFO - {'_index': 'milestone3', '_type': '_doc', '_id': 'fVAcJJIB9Ge4CN5SED44', '_version': 1, 'result': 'created', '_shards': {'total': 2, 'successful': 1, 'failed': 0}, '_seq_no': 504, '_primary_term': 1}
[2024-09-24T12:57:51.931+0000] {base.py:271} INFO - POST http://elasticsearch:9200/milestone3/_doc [status:201 request:0.001s]
[2024-09-24T12:57:51.931+0000] {logging_mixin.py:115} INFO - {'_index': 'milestone3', '_type': '_doc', '_id': 'flAcJJIB9Ge4CN5SED46', '_version': 1, 'result': 'created', '_shards': {'total': 2, 'successful': 1, 'failed': 0}, '_seq_no': 505, '_primary_term': 1}
[2024-09-24T12:57:51.932+0000] {base.py:271} INFO - POST http://elasticsearch:9200/milestone3/_doc [status:201 request:0.001s]
[2024-09-24T12:57:51.933+0000] {logging_mixin.py:115} INFO - {'_index': 'milestone3', '_type': '_doc', '_id': 'f1AcJJIB9Ge4CN5SED47', '_version': 1, 'result': 'created', '_shards': {'total': 2, 'successful': 1, 'failed': 0}, '_seq_no': 506, '_primary_term': 1}
[2024-09-24T12:57:51.934+0000] {base.py:271} INFO - POST http://elasticsearch:9200/milestone3/_doc [status:201 request:0.001s]
[2024-09-24T12:57:51.934+0000] {logging_mixin.py:115} INFO - {'_index': 'milestone3', '_type': '_doc', '_id': 'gFAcJJIB9Ge4CN5SED49', '_version': 1, 'result': 'created', '_shards': {'total': 2, 'successful': 1, 'failed': 0}, '_seq_no': 507, '_primary_term': 1}
[2024-09-24T12:57:51.936+0000] {base.py:271} INFO - POST http://elasticsearch:9200/milestone3/_doc [status:201 request:0.002s]
[2024-09-24T12:57:51.936+0000] {logging_mixin.py:115} INFO - {'_index': 'milestone3', '_type': '_doc', '_id': 'gVAcJJIB9Ge4CN5SED4_', '_version': 1, 'result': 'created', '_shards': {'total': 2, 'successful': 1, 'failed': 0}, '_seq_no': 508, '_primary_term': 1}
[2024-09-24T12:57:51.938+0000] {base.py:271} INFO - POST http://elasticsearch:9200/milestone3/_doc [status:201 request:0.001s]
[2024-09-24T12:57:51.938+0000] {logging_mixin.py:115} INFO - {'_index': 'milestone3', '_type': '_doc', '_id': 'glAcJJIB9Ge4CN5SED5B', '_version': 1, 'result': 'created', '_shards': {'total': 2, 'successful': 1, 'failed': 0}, '_seq_no': 509, '_primary_term': 1}
[2024-09-24T12:57:51.939+0000] {base.py:271} INFO - POST http://elasticsearch:9200/milestone3/_doc [status:201 request:0.001s]
[2024-09-24T12:57:51.940+0000] {logging_mixin.py:115} INFO - {'_index': 'milestone3', '_type': '_doc', '_id': 'g1AcJJIB9Ge4CN5SED5C', '_version': 1, 'result': 'created', '_shards': {'total': 2, 'successful': 1, 'failed': 0}, '_seq_no': 510, '_primary_term': 1}
[2024-09-24T12:57:51.941+0000] {base.py:271} INFO - POST http://elasticsearch:9200/milestone3/_doc [status:201 request:0.001s]
[2024-09-24T12:57:51.941+0000] {logging_mixin.py:115} INFO - {'_index': 'milestone3', '_type': '_doc', '_id': 'hFAcJJIB9Ge4CN5SED5E', '_version': 1, 'result': 'created', '_shards': {'total': 2, 'successful': 1, 'failed': 0}, '_seq_no': 511, '_primary_term': 1}
[2024-09-24T12:57:51.943+0000] {base.py:271} INFO - POST http://elasticsearch:9200/milestone3/_doc [status:201 request:0.001s]
[2024-09-24T12:57:51.943+0000] {logging_mixin.py:115} INFO - {'_index': 'milestone3', '_type': '_doc', '_id': 'hVAcJJIB9Ge4CN5SED5G', '_version': 1, 'result': 'created', '_shards': {'total': 2, 'successful': 1, 'failed': 0}, '_seq_no': 512, '_primary_term': 1}
[2024-09-24T12:57:51.944+0000] {base.py:271} INFO - POST http://elasticsearch:9200/milestone3/_doc [status:201 request:0.001s]
[2024-09-24T12:57:51.945+0000] {logging_mixin.py:115} INFO - {'_index': 'milestone3', '_type': '_doc', '_id': 'hlAcJJIB9Ge4CN5SED5H', '_version': 1, 'result': 'created', '_shards': {'total': 2, 'successful': 1, 'failed': 0}, '_seq_no': 513, '_primary_term': 1}
[2024-09-24T12:57:51.946+0000] {base.py:271} INFO - POST http://elasticsearch:9200/milestone3/_doc [status:201 request:0.001s]
[2024-09-24T12:57:51.946+0000] {logging_mixin.py:115} INFO - {'_index': 'milestone3', '_type': '_doc', '_id': 'h1AcJJIB9Ge4CN5SED5J', '_version': 1, 'result': 'created', '_shards': {'total': 2, 'successful': 1, 'failed': 0}, '_seq_no': 514, '_primary_term': 1}
[2024-09-24T12:57:51.948+0000] {base.py:271} INFO - POST http://elasticsearch:9200/milestone3/_doc [status:201 request:0.001s]
[2024-09-24T12:57:51.948+0000] {logging_mixin.py:115} INFO - {'_index': 'milestone3', '_type': '_doc', '_id': 'iFAcJJIB9Ge4CN5SED5L', '_version': 1, 'result': 'created', '_shards': {'total': 2, 'successful': 1, 'failed': 0}, '_seq_no': 515, '_primary_term': 1}
[2024-09-24T12:57:51.949+0000] {base.py:271} INFO - POST http://elasticsearch:9200/milestone3/_doc [status:201 request:0.001s]
[2024-09-24T12:57:51.949+0000] {logging_mixin.py:115} INFO - {'_index': 'milestone3', '_type': '_doc', '_id': 'iVAcJJIB9Ge4CN5SED5M', '_version': 1, 'result': 'created', '_shards': {'total': 2, 'successful': 1, 'failed': 0}, '_seq_no': 516, '_primary_term': 1}
[2024-09-24T12:57:51.951+0000] {base.py:271} INFO - POST http://elasticsearch:9200/milestone3/_doc [status:201 request:0.001s]
[2024-09-24T12:57:51.951+0000] {logging_mixin.py:115} INFO - {'_index': 'milestone3', '_type': '_doc', '_id': 'ilAcJJIB9Ge4CN5SED5O', '_version': 1, 'result': 'created', '_shards': {'total': 2, 'successful': 1, 'failed': 0}, '_seq_no': 517, '_primary_term': 1}
[2024-09-24T12:57:51.953+0000] {base.py:271} INFO - POST http://elasticsearch:9200/milestone3/_doc [status:201 request:0.001s]
[2024-09-24T12:57:51.953+0000] {logging_mixin.py:115} INFO - {'_index': 'milestone3', '_type': '_doc', '_id': 'i1AcJJIB9Ge4CN5SED5Q', '_version': 1, 'result': 'created', '_shards': {'total': 2, 'successful': 1, 'failed': 0}, '_seq_no': 518, '_primary_term': 1}
[2024-09-24T12:57:51.954+0000] {base.py:271} INFO - POST http://elasticsearch:9200/milestone3/_doc [status:201 request:0.001s]
[2024-09-24T12:57:51.955+0000] {logging_mixin.py:115} INFO - {'_index': 'milestone3', '_type': '_doc', '_id': 'jFAcJJIB9Ge4CN5SED5R', '_version': 1, 'result': 'created', '_shards': {'total': 2, 'successful': 1, 'failed': 0}, '_seq_no': 519, '_primary_term': 1}
[2024-09-24T12:57:51.956+0000] {base.py:271} INFO - POST http://elasticsearch:9200/milestone3/_doc [status:201 request:0.001s]
[2024-09-24T12:57:51.956+0000] {logging_mixin.py:115} INFO - {'_index': 'milestone3', '_type': '_doc', '_id': 'jVAcJJIB9Ge4CN5SED5T', '_version': 1, 'result': 'created', '_shards': {'total': 2, 'successful': 1, 'failed': 0}, '_seq_no': 520, '_primary_term': 1}
[2024-09-24T12:57:51.958+0000] {base.py:271} INFO - POST http://elasticsearch:9200/milestone3/_doc [status:201 request:0.001s]
[2024-09-24T12:57:51.958+0000] {logging_mixin.py:115} INFO - {'_index': 'milestone3', '_type': '_doc', '_id': 'jlAcJJIB9Ge4CN5SED5U', '_version': 1, 'result': 'created', '_shards': {'total': 2, 'successful': 1, 'failed': 0}, '_seq_no': 521, '_primary_term': 1}
[2024-09-24T12:57:51.959+0000] {base.py:271} INFO - POST http://elasticsearch:9200/milestone3/_doc [status:201 request:0.001s]
[2024-09-24T12:57:51.959+0000] {logging_mixin.py:115} INFO - {'_index': 'milestone3', '_type': '_doc', '_id': 'j1AcJJIB9Ge4CN5SED5W', '_version': 1, 'result': 'created', '_shards': {'total': 2, 'successful': 1, 'failed': 0}, '_seq_no': 522, '_primary_term': 1}
[2024-09-24T12:57:51.961+0000] {base.py:271} INFO - POST http://elasticsearch:9200/milestone3/_doc [status:201 request:0.001s]
[2024-09-24T12:57:51.961+0000] {logging_mixin.py:115} INFO - {'_index': 'milestone3', '_type': '_doc', '_id': 'kFAcJJIB9Ge4CN5SED5Y', '_version': 1, 'result': 'created', '_shards': {'total': 2, 'successful': 1, 'failed': 0}, '_seq_no': 523, '_primary_term': 1}
[2024-09-24T12:57:51.963+0000] {base.py:271} INFO - POST http://elasticsearch:9200/milestone3/_doc [status:201 request:0.001s]
[2024-09-24T12:57:51.963+0000] {logging_mixin.py:115} INFO - {'_index': 'milestone3', '_type': '_doc', '_id': 'kVAcJJIB9Ge4CN5SED5a', '_version': 1, 'result': 'created', '_shards': {'total': 2, 'successful': 1, 'failed': 0}, '_seq_no': 524, '_primary_term': 1}
[2024-09-24T12:57:51.964+0000] {base.py:271} INFO - POST http://elasticsearch:9200/milestone3/_doc [status:201 request:0.001s]
[2024-09-24T12:57:51.965+0000] {logging_mixin.py:115} INFO - {'_index': 'milestone3', '_type': '_doc', '_id': 'klAcJJIB9Ge4CN5SED5b', '_version': 1, 'result': 'created', '_shards': {'total': 2, 'successful': 1, 'failed': 0}, '_seq_no': 525, '_primary_term': 1}
[2024-09-24T12:57:51.966+0000] {base.py:271} INFO - POST http://elasticsearch:9200/milestone3/_doc [status:201 request:0.001s]
[2024-09-24T12:57:51.966+0000] {logging_mixin.py:115} INFO - {'_index': 'milestone3', '_type': '_doc', '_id': 'k1AcJJIB9Ge4CN5SED5d', '_version': 1, 'result': 'created', '_shards': {'total': 2, 'successful': 1, 'failed': 0}, '_seq_no': 526, '_primary_term': 1}
[2024-09-24T12:57:51.968+0000] {base.py:271} INFO - POST http://elasticsearch:9200/milestone3/_doc [status:201 request:0.001s]
[2024-09-24T12:57:51.968+0000] {logging_mixin.py:115} INFO - {'_index': 'milestone3', '_type': '_doc', '_id': 'lFAcJJIB9Ge4CN5SED5f', '_version': 1, 'result': 'created', '_shards': {'total': 2, 'successful': 1, 'failed': 0}, '_seq_no': 527, '_primary_term': 1}
[2024-09-24T12:57:51.969+0000] {base.py:271} INFO - POST http://elasticsearch:9200/milestone3/_doc [status:201 request:0.001s]
[2024-09-24T12:57:51.970+0000] {logging_mixin.py:115} INFO - {'_index': 'milestone3', '_type': '_doc', '_id': 'lVAcJJIB9Ge4CN5SED5g', '_version': 1, 'result': 'created', '_shards': {'total': 2, 'successful': 1, 'failed': 0}, '_seq_no': 528, '_primary_term': 1}
[2024-09-24T12:57:51.971+0000] {base.py:271} INFO - POST http://elasticsearch:9200/milestone3/_doc [status:201 request:0.002s]
[2024-09-24T12:57:51.972+0000] {logging_mixin.py:115} INFO - {'_index': 'milestone3', '_type': '_doc', '_id': 'llAcJJIB9Ge4CN5SED5i', '_version': 1, 'result': 'created', '_shards': {'total': 2, 'successful': 1, 'failed': 0}, '_seq_no': 529, '_primary_term': 1}
[2024-09-24T12:57:51.973+0000] {base.py:271} INFO - POST http://elasticsearch:9200/milestone3/_doc [status:201 request:0.002s]
[2024-09-24T12:57:51.974+0000] {logging_mixin.py:115} INFO - {'_index': 'milestone3', '_type': '_doc', '_id': 'l1AcJJIB9Ge4CN5SED5k', '_version': 1, 'result': 'created', '_shards': {'total': 2, 'successful': 1, 'failed': 0}, '_seq_no': 530, '_primary_term': 1}
[2024-09-24T12:57:51.977+0000] {base.py:271} INFO - POST http://elasticsearch:9200/milestone3/_doc [status:201 request:0.002s]
[2024-09-24T12:57:51.977+0000] {logging_mixin.py:115} INFO - {'_index': 'milestone3', '_type': '_doc', '_id': 'mFAcJJIB9Ge4CN5SED5n', '_version': 1, 'result': 'created', '_shards': {'total': 2, 'successful': 1, 'failed': 0}, '_seq_no': 531, '_primary_term': 1}
[2024-09-24T12:57:51.979+0000] {base.py:271} INFO - POST http://elasticsearch:9200/milestone3/_doc [status:201 request:0.002s]
[2024-09-24T12:57:51.980+0000] {logging_mixin.py:115} INFO - {'_index': 'milestone3', '_type': '_doc', '_id': 'mVAcJJIB9Ge4CN5SED5p', '_version': 1, 'result': 'created', '_shards': {'total': 2, 'successful': 1, 'failed': 0}, '_seq_no': 532, '_primary_term': 1}
[2024-09-24T12:57:51.983+0000] {base.py:271} INFO - POST http://elasticsearch:9200/milestone3/_doc [status:201 request:0.002s]
[2024-09-24T12:57:51.983+0000] {logging_mixin.py:115} INFO - {'_index': 'milestone3', '_type': '_doc', '_id': 'mlAcJJIB9Ge4CN5SED5t', '_version': 1, 'result': 'created', '_shards': {'total': 2, 'successful': 1, 'failed': 0}, '_seq_no': 533, '_primary_term': 1}
[2024-09-24T12:57:51.986+0000] {base.py:271} INFO - POST http://elasticsearch:9200/milestone3/_doc [status:201 request:0.002s]
[2024-09-24T12:57:51.986+0000] {logging_mixin.py:115} INFO - {'_index': 'milestone3', '_type': '_doc', '_id': 'm1AcJJIB9Ge4CN5SED5w', '_version': 1, 'result': 'created', '_shards': {'total': 2, 'successful': 1, 'failed': 0}, '_seq_no': 534, '_primary_term': 1}
[2024-09-24T12:57:51.989+0000] {base.py:271} INFO - POST http://elasticsearch:9200/milestone3/_doc [status:201 request:0.003s]
[2024-09-24T12:57:51.989+0000] {logging_mixin.py:115} INFO - {'_index': 'milestone3', '_type': '_doc', '_id': 'nFAcJJIB9Ge4CN5SED5z', '_version': 1, 'result': 'created', '_shards': {'total': 2, 'successful': 1, 'failed': 0}, '_seq_no': 535, '_primary_term': 1}
[2024-09-24T12:57:51.991+0000] {base.py:271} INFO - POST http://elasticsearch:9200/milestone3/_doc [status:201 request:0.001s]
[2024-09-24T12:57:51.991+0000] {logging_mixin.py:115} INFO - {'_index': 'milestone3', '_type': '_doc', '_id': 'nVAcJJIB9Ge4CN5SED52', '_version': 1, 'result': 'created', '_shards': {'total': 2, 'successful': 1, 'failed': 0}, '_seq_no': 536, '_primary_term': 1}
[2024-09-24T12:57:51.993+0000] {base.py:271} INFO - POST http://elasticsearch:9200/milestone3/_doc [status:201 request:0.002s]
[2024-09-24T12:57:51.994+0000] {logging_mixin.py:115} INFO - {'_index': 'milestone3', '_type': '_doc', '_id': 'nlAcJJIB9Ge4CN5SED54', '_version': 1, 'result': 'created', '_shards': {'total': 2, 'successful': 1, 'failed': 0}, '_seq_no': 537, '_primary_term': 1}
[2024-09-24T12:57:51.995+0000] {base.py:271} INFO - POST http://elasticsearch:9200/milestone3/_doc [status:201 request:0.002s]
[2024-09-24T12:57:51.996+0000] {logging_mixin.py:115} INFO - {'_index': 'milestone3', '_type': '_doc', '_id': 'n1AcJJIB9Ge4CN5SED56', '_version': 1, 'result': 'created', '_shards': {'total': 2, 'successful': 1, 'failed': 0}, '_seq_no': 538, '_primary_term': 1}
[2024-09-24T12:57:51.998+0000] {base.py:271} INFO - POST http://elasticsearch:9200/milestone3/_doc [status:201 request:0.002s]
[2024-09-24T12:57:51.998+0000] {logging_mixin.py:115} INFO - {'_index': 'milestone3', '_type': '_doc', '_id': 'oFAcJJIB9Ge4CN5SED58', '_version': 1, 'result': 'created', '_shards': {'total': 2, 'successful': 1, 'failed': 0}, '_seq_no': 539, '_primary_term': 1}
[2024-09-24T12:57:52.000+0000] {base.py:271} INFO - POST http://elasticsearch:9200/milestone3/_doc [status:201 request:0.002s]
[2024-09-24T12:57:52.000+0000] {logging_mixin.py:115} INFO - {'_index': 'milestone3', '_type': '_doc', '_id': 'oVAcJJIB9Ge4CN5SED5-', '_version': 1, 'result': 'created', '_shards': {'total': 2, 'successful': 1, 'failed': 0}, '_seq_no': 540, '_primary_term': 1}
[2024-09-24T12:57:52.001+0000] {base.py:271} INFO - POST http://elasticsearch:9200/milestone3/_doc [status:201 request:0.001s]
[2024-09-24T12:57:52.002+0000] {logging_mixin.py:115} INFO - {'_index': 'milestone3', '_type': '_doc', '_id': 'olAcJJIB9Ge4CN5SED6A', '_version': 1, 'result': 'created', '_shards': {'total': 2, 'successful': 1, 'failed': 0}, '_seq_no': 541, '_primary_term': 1}
[2024-09-24T12:57:52.003+0000] {base.py:271} INFO - POST http://elasticsearch:9200/milestone3/_doc [status:201 request:0.001s]
[2024-09-24T12:57:52.003+0000] {logging_mixin.py:115} INFO - {'_index': 'milestone3', '_type': '_doc', '_id': 'o1AcJJIB9Ge4CN5SED6C', '_version': 1, 'result': 'created', '_shards': {'total': 2, 'successful': 1, 'failed': 0}, '_seq_no': 542, '_primary_term': 1}
[2024-09-24T12:57:52.006+0000] {base.py:271} INFO - POST http://elasticsearch:9200/milestone3/_doc [status:201 request:0.002s]
[2024-09-24T12:57:52.006+0000] {logging_mixin.py:115} INFO - {'_index': 'milestone3', '_type': '_doc', '_id': 'pFAcJJIB9Ge4CN5SED6E', '_version': 1, 'result': 'created', '_shards': {'total': 2, 'successful': 1, 'failed': 0}, '_seq_no': 543, '_primary_term': 1}
[2024-09-24T12:57:52.008+0000] {base.py:271} INFO - POST http://elasticsearch:9200/milestone3/_doc [status:201 request:0.001s]
[2024-09-24T12:57:52.008+0000] {logging_mixin.py:115} INFO - {'_index': 'milestone3', '_type': '_doc', '_id': 'pVAcJJIB9Ge4CN5SED6H', '_version': 1, 'result': 'created', '_shards': {'total': 2, 'successful': 1, 'failed': 0}, '_seq_no': 544, '_primary_term': 1}
[2024-09-24T12:57:52.010+0000] {base.py:271} INFO - POST http://elasticsearch:9200/milestone3/_doc [status:201 request:0.001s]
[2024-09-24T12:57:52.010+0000] {logging_mixin.py:115} INFO - {'_index': 'milestone3', '_type': '_doc', '_id': 'plAcJJIB9Ge4CN5SED6J', '_version': 1, 'result': 'created', '_shards': {'total': 2, 'successful': 1, 'failed': 0}, '_seq_no': 545, '_primary_term': 1}
[2024-09-24T12:57:52.011+0000] {base.py:271} INFO - POST http://elasticsearch:9200/milestone3/_doc [status:201 request:0.001s]
[2024-09-24T12:57:52.012+0000] {logging_mixin.py:115} INFO - {'_index': 'milestone3', '_type': '_doc', '_id': 'p1AcJJIB9Ge4CN5SED6K', '_version': 1, 'result': 'created', '_shards': {'total': 2, 'successful': 1, 'failed': 0}, '_seq_no': 546, '_primary_term': 1}
[2024-09-24T12:57:52.013+0000] {base.py:271} INFO - POST http://elasticsearch:9200/milestone3/_doc [status:201 request:0.001s]
[2024-09-24T12:57:52.014+0000] {logging_mixin.py:115} INFO - {'_index': 'milestone3', '_type': '_doc', '_id': 'qFAcJJIB9Ge4CN5SED6M', '_version': 1, 'result': 'created', '_shards': {'total': 2, 'successful': 1, 'failed': 0}, '_seq_no': 547, '_primary_term': 1}
[2024-09-24T12:57:52.016+0000] {base.py:271} INFO - POST http://elasticsearch:9200/milestone3/_doc [status:201 request:0.002s]
[2024-09-24T12:57:52.016+0000] {logging_mixin.py:115} INFO - {'_index': 'milestone3', '_type': '_doc', '_id': 'qVAcJJIB9Ge4CN5SED6O', '_version': 1, 'result': 'created', '_shards': {'total': 2, 'successful': 1, 'failed': 0}, '_seq_no': 548, '_primary_term': 1}
[2024-09-24T12:57:52.017+0000] {base.py:271} INFO - POST http://elasticsearch:9200/milestone3/_doc [status:201 request:0.001s]
[2024-09-24T12:57:52.018+0000] {logging_mixin.py:115} INFO - {'_index': 'milestone3', '_type': '_doc', '_id': 'qlAcJJIB9Ge4CN5SED6Q', '_version': 1, 'result': 'created', '_shards': {'total': 2, 'successful': 1, 'failed': 0}, '_seq_no': 549, '_primary_term': 1}
[2024-09-24T12:57:52.020+0000] {base.py:271} INFO - POST http://elasticsearch:9200/milestone3/_doc [status:201 request:0.002s]
[2024-09-24T12:57:52.020+0000] {logging_mixin.py:115} INFO - {'_index': 'milestone3', '_type': '_doc', '_id': 'q1AcJJIB9Ge4CN5SED6S', '_version': 1, 'result': 'created', '_shards': {'total': 2, 'successful': 1, 'failed': 0}, '_seq_no': 550, '_primary_term': 1}
[2024-09-24T12:57:52.022+0000] {base.py:271} INFO - POST http://elasticsearch:9200/milestone3/_doc [status:201 request:0.002s]
[2024-09-24T12:57:52.023+0000] {logging_mixin.py:115} INFO - {'_index': 'milestone3', '_type': '_doc', '_id': 'rFAcJJIB9Ge4CN5SED6V', '_version': 1, 'result': 'created', '_shards': {'total': 2, 'successful': 1, 'failed': 0}, '_seq_no': 551, '_primary_term': 1}
[2024-09-24T12:57:52.025+0000] {base.py:271} INFO - POST http://elasticsearch:9200/milestone3/_doc [status:201 request:0.002s]
[2024-09-24T12:57:52.025+0000] {logging_mixin.py:115} INFO - {'_index': 'milestone3', '_type': '_doc', '_id': 'rVAcJJIB9Ge4CN5SED6X', '_version': 1, 'result': 'created', '_shards': {'total': 2, 'successful': 1, 'failed': 0}, '_seq_no': 552, '_primary_term': 1}
[2024-09-24T12:57:52.027+0000] {base.py:271} INFO - POST http://elasticsearch:9200/milestone3/_doc [status:201 request:0.001s]
[2024-09-24T12:57:52.027+0000] {logging_mixin.py:115} INFO - {'_index': 'milestone3', '_type': '_doc', '_id': 'rlAcJJIB9Ge4CN5SED6a', '_version': 1, 'result': 'created', '_shards': {'total': 2, 'successful': 1, 'failed': 0}, '_seq_no': 553, '_primary_term': 1}
[2024-09-24T12:57:52.029+0000] {base.py:271} INFO - POST http://elasticsearch:9200/milestone3/_doc [status:201 request:0.002s]
[2024-09-24T12:57:52.029+0000] {logging_mixin.py:115} INFO - {'_index': 'milestone3', '_type': '_doc', '_id': 'r1AcJJIB9Ge4CN5SED6b', '_version': 1, 'result': 'created', '_shards': {'total': 2, 'successful': 1, 'failed': 0}, '_seq_no': 554, '_primary_term': 1}
[2024-09-24T12:57:52.030+0000] {base.py:271} INFO - POST http://elasticsearch:9200/milestone3/_doc [status:201 request:0.001s]
[2024-09-24T12:57:52.031+0000] {logging_mixin.py:115} INFO - {'_index': 'milestone3', '_type': '_doc', '_id': 'sFAcJJIB9Ge4CN5SED6d', '_version': 1, 'result': 'created', '_shards': {'total': 2, 'successful': 1, 'failed': 0}, '_seq_no': 555, '_primary_term': 1}
[2024-09-24T12:57:52.033+0000] {base.py:271} INFO - POST http://elasticsearch:9200/milestone3/_doc [status:201 request:0.002s]
[2024-09-24T12:57:52.033+0000] {logging_mixin.py:115} INFO - {'_index': 'milestone3', '_type': '_doc', '_id': 'sVAcJJIB9Ge4CN5SED6f', '_version': 1, 'result': 'created', '_shards': {'total': 2, 'successful': 1, 'failed': 0}, '_seq_no': 556, '_primary_term': 1}
[2024-09-24T12:57:52.034+0000] {base.py:271} INFO - POST http://elasticsearch:9200/milestone3/_doc [status:201 request:0.001s]
[2024-09-24T12:57:52.034+0000] {logging_mixin.py:115} INFO - {'_index': 'milestone3', '_type': '_doc', '_id': 'slAcJJIB9Ge4CN5SED6h', '_version': 1, 'result': 'created', '_shards': {'total': 2, 'successful': 1, 'failed': 0}, '_seq_no': 557, '_primary_term': 1}
[2024-09-24T12:57:52.036+0000] {base.py:271} INFO - POST http://elasticsearch:9200/milestone3/_doc [status:201 request:0.001s]
[2024-09-24T12:57:52.036+0000] {logging_mixin.py:115} INFO - {'_index': 'milestone3', '_type': '_doc', '_id': 's1AcJJIB9Ge4CN5SED6j', '_version': 1, 'result': 'created', '_shards': {'total': 2, 'successful': 1, 'failed': 0}, '_seq_no': 558, '_primary_term': 1}
[2024-09-24T12:57:52.037+0000] {base.py:271} INFO - POST http://elasticsearch:9200/milestone3/_doc [status:201 request:0.001s]
[2024-09-24T12:57:52.038+0000] {logging_mixin.py:115} INFO - {'_index': 'milestone3', '_type': '_doc', '_id': 'tFAcJJIB9Ge4CN5SED6k', '_version': 1, 'result': 'created', '_shards': {'total': 2, 'successful': 1, 'failed': 0}, '_seq_no': 559, '_primary_term': 1}
[2024-09-24T12:57:52.039+0000] {base.py:271} INFO - POST http://elasticsearch:9200/milestone3/_doc [status:201 request:0.001s]
[2024-09-24T12:57:52.039+0000] {logging_mixin.py:115} INFO - {'_index': 'milestone3', '_type': '_doc', '_id': 'tVAcJJIB9Ge4CN5SED6m', '_version': 1, 'result': 'created', '_shards': {'total': 2, 'successful': 1, 'failed': 0}, '_seq_no': 560, '_primary_term': 1}
[2024-09-24T12:57:52.041+0000] {base.py:271} INFO - POST http://elasticsearch:9200/milestone3/_doc [status:201 request:0.001s]
[2024-09-24T12:57:52.041+0000] {logging_mixin.py:115} INFO - {'_index': 'milestone3', '_type': '_doc', '_id': 'tlAcJJIB9Ge4CN5SED6o', '_version': 1, 'result': 'created', '_shards': {'total': 2, 'successful': 1, 'failed': 0}, '_seq_no': 561, '_primary_term': 1}
[2024-09-24T12:57:52.043+0000] {base.py:271} INFO - POST http://elasticsearch:9200/milestone3/_doc [status:201 request:0.002s]
[2024-09-24T12:57:52.043+0000] {logging_mixin.py:115} INFO - {'_index': 'milestone3', '_type': '_doc', '_id': 't1AcJJIB9Ge4CN5SED6q', '_version': 1, 'result': 'created', '_shards': {'total': 2, 'successful': 1, 'failed': 0}, '_seq_no': 562, '_primary_term': 1}
[2024-09-24T12:57:52.045+0000] {base.py:271} INFO - POST http://elasticsearch:9200/milestone3/_doc [status:201 request:0.001s]
[2024-09-24T12:57:52.045+0000] {logging_mixin.py:115} INFO - {'_index': 'milestone3', '_type': '_doc', '_id': 'uFAcJJIB9Ge4CN5SED6s', '_version': 1, 'result': 'created', '_shards': {'total': 2, 'successful': 1, 'failed': 0}, '_seq_no': 563, '_primary_term': 1}
[2024-09-24T12:57:52.046+0000] {base.py:271} INFO - POST http://elasticsearch:9200/milestone3/_doc [status:201 request:0.001s]
[2024-09-24T12:57:52.046+0000] {logging_mixin.py:115} INFO - {'_index': 'milestone3', '_type': '_doc', '_id': 'uVAcJJIB9Ge4CN5SED6t', '_version': 1, 'result': 'created', '_shards': {'total': 2, 'successful': 1, 'failed': 0}, '_seq_no': 564, '_primary_term': 1}
[2024-09-24T12:57:52.048+0000] {base.py:271} INFO - POST http://elasticsearch:9200/milestone3/_doc [status:201 request:0.001s]
[2024-09-24T12:57:52.048+0000] {logging_mixin.py:115} INFO - {'_index': 'milestone3', '_type': '_doc', '_id': 'ulAcJJIB9Ge4CN5SED6v', '_version': 1, 'result': 'created', '_shards': {'total': 2, 'successful': 1, 'failed': 0}, '_seq_no': 565, '_primary_term': 1}
[2024-09-24T12:57:52.050+0000] {base.py:271} INFO - POST http://elasticsearch:9200/milestone3/_doc [status:201 request:0.001s]
[2024-09-24T12:57:52.050+0000] {logging_mixin.py:115} INFO - {'_index': 'milestone3', '_type': '_doc', '_id': 'u1AcJJIB9Ge4CN5SED6x', '_version': 1, 'result': 'created', '_shards': {'total': 2, 'successful': 1, 'failed': 0}, '_seq_no': 566, '_primary_term': 1}
[2024-09-24T12:57:52.052+0000] {base.py:271} INFO - POST http://elasticsearch:9200/milestone3/_doc [status:201 request:0.002s]
[2024-09-24T12:57:52.052+0000] {logging_mixin.py:115} INFO - {'_index': 'milestone3', '_type': '_doc', '_id': 'vFAcJJIB9Ge4CN5SED6y', '_version': 1, 'result': 'created', '_shards': {'total': 2, 'successful': 1, 'failed': 0}, '_seq_no': 567, '_primary_term': 1}
[2024-09-24T12:57:52.054+0000] {base.py:271} INFO - POST http://elasticsearch:9200/milestone3/_doc [status:201 request:0.002s]
[2024-09-24T12:57:52.054+0000] {logging_mixin.py:115} INFO - {'_index': 'milestone3', '_type': '_doc', '_id': 'vVAcJJIB9Ge4CN5SED61', '_version': 1, 'result': 'created', '_shards': {'total': 2, 'successful': 1, 'failed': 0}, '_seq_no': 568, '_primary_term': 1}
[2024-09-24T12:57:52.056+0000] {base.py:271} INFO - POST http://elasticsearch:9200/milestone3/_doc [status:201 request:0.002s]
[2024-09-24T12:57:52.056+0000] {logging_mixin.py:115} INFO - {'_index': 'milestone3', '_type': '_doc', '_id': 'vlAcJJIB9Ge4CN5SED62', '_version': 1, 'result': 'created', '_shards': {'total': 2, 'successful': 1, 'failed': 0}, '_seq_no': 569, '_primary_term': 1}
[2024-09-24T12:57:52.058+0000] {base.py:271} INFO - POST http://elasticsearch:9200/milestone3/_doc [status:201 request:0.002s]
[2024-09-24T12:57:52.058+0000] {logging_mixin.py:115} INFO - {'_index': 'milestone3', '_type': '_doc', '_id': 'v1AcJJIB9Ge4CN5SED65', '_version': 1, 'result': 'created', '_shards': {'total': 2, 'successful': 1, 'failed': 0}, '_seq_no': 570, '_primary_term': 1}
[2024-09-24T12:57:52.060+0000] {base.py:271} INFO - POST http://elasticsearch:9200/milestone3/_doc [status:201 request:0.001s]
[2024-09-24T12:57:52.060+0000] {logging_mixin.py:115} INFO - {'_index': 'milestone3', '_type': '_doc', '_id': 'wFAcJJIB9Ge4CN5SED67', '_version': 1, 'result': 'created', '_shards': {'total': 2, 'successful': 1, 'failed': 0}, '_seq_no': 571, '_primary_term': 1}
[2024-09-24T12:57:52.062+0000] {base.py:271} INFO - POST http://elasticsearch:9200/milestone3/_doc [status:201 request:0.002s]
[2024-09-24T12:57:52.062+0000] {logging_mixin.py:115} INFO - {'_index': 'milestone3', '_type': '_doc', '_id': 'wVAcJJIB9Ge4CN5SED68', '_version': 1, 'result': 'created', '_shards': {'total': 2, 'successful': 1, 'failed': 0}, '_seq_no': 572, '_primary_term': 1}
[2024-09-24T12:57:52.063+0000] {base.py:271} INFO - POST http://elasticsearch:9200/milestone3/_doc [status:201 request:0.001s]
[2024-09-24T12:57:52.063+0000] {logging_mixin.py:115} INFO - {'_index': 'milestone3', '_type': '_doc', '_id': 'wlAcJJIB9Ge4CN5SED6-', '_version': 1, 'result': 'created', '_shards': {'total': 2, 'successful': 1, 'failed': 0}, '_seq_no': 573, '_primary_term': 1}
[2024-09-24T12:57:52.065+0000] {base.py:271} INFO - POST http://elasticsearch:9200/milestone3/_doc [status:201 request:0.001s]
[2024-09-24T12:57:52.065+0000] {logging_mixin.py:115} INFO - {'_index': 'milestone3', '_type': '_doc', '_id': 'w1AcJJIB9Ge4CN5SED7A', '_version': 1, 'result': 'created', '_shards': {'total': 2, 'successful': 1, 'failed': 0}, '_seq_no': 574, '_primary_term': 1}
[2024-09-24T12:57:52.066+0000] {base.py:271} INFO - POST http://elasticsearch:9200/milestone3/_doc [status:201 request:0.001s]
[2024-09-24T12:57:52.067+0000] {logging_mixin.py:115} INFO - {'_index': 'milestone3', '_type': '_doc', '_id': 'xFAcJJIB9Ge4CN5SED7B', '_version': 1, 'result': 'created', '_shards': {'total': 2, 'successful': 1, 'failed': 0}, '_seq_no': 575, '_primary_term': 1}
[2024-09-24T12:57:52.068+0000] {base.py:271} INFO - POST http://elasticsearch:9200/milestone3/_doc [status:201 request:0.001s]
[2024-09-24T12:57:52.069+0000] {logging_mixin.py:115} INFO - {'_index': 'milestone3', '_type': '_doc', '_id': 'xVAcJJIB9Ge4CN5SED7D', '_version': 1, 'result': 'created', '_shards': {'total': 2, 'successful': 1, 'failed': 0}, '_seq_no': 576, '_primary_term': 1}
[2024-09-24T12:57:52.070+0000] {base.py:271} INFO - POST http://elasticsearch:9200/milestone3/_doc [status:201 request:0.001s]
[2024-09-24T12:57:52.070+0000] {logging_mixin.py:115} INFO - {'_index': 'milestone3', '_type': '_doc', '_id': 'xlAcJJIB9Ge4CN5SED7F', '_version': 1, 'result': 'created', '_shards': {'total': 2, 'successful': 1, 'failed': 0}, '_seq_no': 577, '_primary_term': 1}
[2024-09-24T12:57:52.072+0000] {base.py:271} INFO - POST http://elasticsearch:9200/milestone3/_doc [status:201 request:0.002s]
[2024-09-24T12:57:52.072+0000] {logging_mixin.py:115} INFO - {'_index': 'milestone3', '_type': '_doc', '_id': 'x1AcJJIB9Ge4CN5SED7H', '_version': 1, 'result': 'created', '_shards': {'total': 2, 'successful': 1, 'failed': 0}, '_seq_no': 578, '_primary_term': 1}
[2024-09-24T12:57:52.074+0000] {base.py:271} INFO - POST http://elasticsearch:9200/milestone3/_doc [status:201 request:0.001s]
[2024-09-24T12:57:52.074+0000] {logging_mixin.py:115} INFO - {'_index': 'milestone3', '_type': '_doc', '_id': 'yFAcJJIB9Ge4CN5SED7J', '_version': 1, 'result': 'created', '_shards': {'total': 2, 'successful': 1, 'failed': 0}, '_seq_no': 579, '_primary_term': 1}
[2024-09-24T12:57:52.075+0000] {base.py:271} INFO - POST http://elasticsearch:9200/milestone3/_doc [status:201 request:0.001s]
[2024-09-24T12:57:52.076+0000] {logging_mixin.py:115} INFO - {'_index': 'milestone3', '_type': '_doc', '_id': 'yVAcJJIB9Ge4CN5SED7K', '_version': 1, 'result': 'created', '_shards': {'total': 2, 'successful': 1, 'failed': 0}, '_seq_no': 580, '_primary_term': 1}
[2024-09-24T12:57:52.077+0000] {base.py:271} INFO - POST http://elasticsearch:9200/milestone3/_doc [status:201 request:0.001s]
[2024-09-24T12:57:52.077+0000] {logging_mixin.py:115} INFO - {'_index': 'milestone3', '_type': '_doc', '_id': 'ylAcJJIB9Ge4CN5SED7M', '_version': 1, 'result': 'created', '_shards': {'total': 2, 'successful': 1, 'failed': 0}, '_seq_no': 581, '_primary_term': 1}
[2024-09-24T12:57:52.079+0000] {base.py:271} INFO - POST http://elasticsearch:9200/milestone3/_doc [status:201 request:0.002s]
[2024-09-24T12:57:52.079+0000] {logging_mixin.py:115} INFO - {'_index': 'milestone3', '_type': '_doc', '_id': 'y1AcJJIB9Ge4CN5SED7O', '_version': 1, 'result': 'created', '_shards': {'total': 2, 'successful': 1, 'failed': 0}, '_seq_no': 582, '_primary_term': 1}
[2024-09-24T12:57:52.081+0000] {base.py:271} INFO - POST http://elasticsearch:9200/milestone3/_doc [status:201 request:0.001s]
[2024-09-24T12:57:52.081+0000] {logging_mixin.py:115} INFO - {'_index': 'milestone3', '_type': '_doc', '_id': 'zFAcJJIB9Ge4CN5SED7Q', '_version': 1, 'result': 'created', '_shards': {'total': 2, 'successful': 1, 'failed': 0}, '_seq_no': 583, '_primary_term': 1}
[2024-09-24T12:57:52.083+0000] {base.py:271} INFO - POST http://elasticsearch:9200/milestone3/_doc [status:201 request:0.002s]
[2024-09-24T12:57:52.083+0000] {logging_mixin.py:115} INFO - {'_index': 'milestone3', '_type': '_doc', '_id': 'zVAcJJIB9Ge4CN5SED7S', '_version': 1, 'result': 'created', '_shards': {'total': 2, 'successful': 1, 'failed': 0}, '_seq_no': 584, '_primary_term': 1}
[2024-09-24T12:57:52.085+0000] {base.py:271} INFO - POST http://elasticsearch:9200/milestone3/_doc [status:201 request:0.002s]
[2024-09-24T12:57:52.086+0000] {logging_mixin.py:115} INFO - {'_index': 'milestone3', '_type': '_doc', '_id': 'zlAcJJIB9Ge4CN5SED7U', '_version': 1, 'result': 'created', '_shards': {'total': 2, 'successful': 1, 'failed': 0}, '_seq_no': 585, '_primary_term': 1}
[2024-09-24T12:57:52.087+0000] {base.py:271} INFO - POST http://elasticsearch:9200/milestone3/_doc [status:201 request:0.001s]
[2024-09-24T12:57:52.087+0000] {logging_mixin.py:115} INFO - {'_index': 'milestone3', '_type': '_doc', '_id': 'z1AcJJIB9Ge4CN5SED7W', '_version': 1, 'result': 'created', '_shards': {'total': 2, 'successful': 1, 'failed': 0}, '_seq_no': 586, '_primary_term': 1}
[2024-09-24T12:57:52.089+0000] {base.py:271} INFO - POST http://elasticsearch:9200/milestone3/_doc [status:201 request:0.001s]
[2024-09-24T12:57:52.089+0000] {logging_mixin.py:115} INFO - {'_index': 'milestone3', '_type': '_doc', '_id': '0FAcJJIB9Ge4CN5SED7Y', '_version': 1, 'result': 'created', '_shards': {'total': 2, 'successful': 1, 'failed': 0}, '_seq_no': 587, '_primary_term': 1}
[2024-09-24T12:57:52.091+0000] {base.py:271} INFO - POST http://elasticsearch:9200/milestone3/_doc [status:201 request:0.001s]
[2024-09-24T12:57:52.091+0000] {logging_mixin.py:115} INFO - {'_index': 'milestone3', '_type': '_doc', '_id': '0VAcJJIB9Ge4CN5SED7a', '_version': 1, 'result': 'created', '_shards': {'total': 2, 'successful': 1, 'failed': 0}, '_seq_no': 588, '_primary_term': 1}
[2024-09-24T12:57:52.093+0000] {base.py:271} INFO - POST http://elasticsearch:9200/milestone3/_doc [status:201 request:0.001s]
[2024-09-24T12:57:52.093+0000] {logging_mixin.py:115} INFO - {'_index': 'milestone3', '_type': '_doc', '_id': '0lAcJJIB9Ge4CN5SED7c', '_version': 1, 'result': 'created', '_shards': {'total': 2, 'successful': 1, 'failed': 0}, '_seq_no': 589, '_primary_term': 1}
[2024-09-24T12:57:52.094+0000] {base.py:271} INFO - POST http://elasticsearch:9200/milestone3/_doc [status:201 request:0.001s]
[2024-09-24T12:57:52.094+0000] {logging_mixin.py:115} INFO - {'_index': 'milestone3', '_type': '_doc', '_id': '01AcJJIB9Ge4CN5SED7d', '_version': 1, 'result': 'created', '_shards': {'total': 2, 'successful': 1, 'failed': 0}, '_seq_no': 590, '_primary_term': 1}
[2024-09-24T12:57:52.096+0000] {base.py:271} INFO - POST http://elasticsearch:9200/milestone3/_doc [status:201 request:0.001s]
[2024-09-24T12:57:52.096+0000] {logging_mixin.py:115} INFO - {'_index': 'milestone3', '_type': '_doc', '_id': '1FAcJJIB9Ge4CN5SED7f', '_version': 1, 'result': 'created', '_shards': {'total': 2, 'successful': 1, 'failed': 0}, '_seq_no': 591, '_primary_term': 1}
[2024-09-24T12:57:52.098+0000] {base.py:271} INFO - POST http://elasticsearch:9200/milestone3/_doc [status:201 request:0.001s]
[2024-09-24T12:57:52.098+0000] {logging_mixin.py:115} INFO - {'_index': 'milestone3', '_type': '_doc', '_id': '1VAcJJIB9Ge4CN5SED7h', '_version': 1, 'result': 'created', '_shards': {'total': 2, 'successful': 1, 'failed': 0}, '_seq_no': 592, '_primary_term': 1}
[2024-09-24T12:57:52.100+0000] {base.py:271} INFO - POST http://elasticsearch:9200/milestone3/_doc [status:201 request:0.002s]
[2024-09-24T12:57:52.100+0000] {logging_mixin.py:115} INFO - {'_index': 'milestone3', '_type': '_doc', '_id': '1lAcJJIB9Ge4CN5SED7j', '_version': 1, 'result': 'created', '_shards': {'total': 2, 'successful': 1, 'failed': 0}, '_seq_no': 593, '_primary_term': 1}
[2024-09-24T12:57:52.102+0000] {base.py:271} INFO - POST http://elasticsearch:9200/milestone3/_doc [status:201 request:0.001s]
[2024-09-24T12:57:52.102+0000] {logging_mixin.py:115} INFO - {'_index': 'milestone3', '_type': '_doc', '_id': '11AcJJIB9Ge4CN5SED7l', '_version': 1, 'result': 'created', '_shards': {'total': 2, 'successful': 1, 'failed': 0}, '_seq_no': 594, '_primary_term': 1}
[2024-09-24T12:57:52.104+0000] {base.py:271} INFO - POST http://elasticsearch:9200/milestone3/_doc [status:201 request:0.002s]
[2024-09-24T12:57:52.104+0000] {logging_mixin.py:115} INFO - {'_index': 'milestone3', '_type': '_doc', '_id': '2FAcJJIB9Ge4CN5SED7n', '_version': 1, 'result': 'created', '_shards': {'total': 2, 'successful': 1, 'failed': 0}, '_seq_no': 595, '_primary_term': 1}
[2024-09-24T12:57:52.107+0000] {base.py:271} INFO - POST http://elasticsearch:9200/milestone3/_doc [status:201 request:0.002s]
[2024-09-24T12:57:52.107+0000] {logging_mixin.py:115} INFO - {'_index': 'milestone3', '_type': '_doc', '_id': '2VAcJJIB9Ge4CN5SED7p', '_version': 1, 'result': 'created', '_shards': {'total': 2, 'successful': 1, 'failed': 0}, '_seq_no': 596, '_primary_term': 1}
[2024-09-24T12:57:52.110+0000] {base.py:271} INFO - POST http://elasticsearch:9200/milestone3/_doc [status:201 request:0.002s]
[2024-09-24T12:57:52.110+0000] {logging_mixin.py:115} INFO - {'_index': 'milestone3', '_type': '_doc', '_id': '2lAcJJIB9Ge4CN5SED7s', '_version': 1, 'result': 'created', '_shards': {'total': 2, 'successful': 1, 'failed': 0}, '_seq_no': 597, '_primary_term': 1}
[2024-09-24T12:57:52.113+0000] {base.py:271} INFO - POST http://elasticsearch:9200/milestone3/_doc [status:201 request:0.002s]
[2024-09-24T12:57:52.113+0000] {logging_mixin.py:115} INFO - {'_index': 'milestone3', '_type': '_doc', '_id': '21AcJJIB9Ge4CN5SED7v', '_version': 1, 'result': 'created', '_shards': {'total': 2, 'successful': 1, 'failed': 0}, '_seq_no': 598, '_primary_term': 1}
[2024-09-24T12:57:52.116+0000] {base.py:271} INFO - POST http://elasticsearch:9200/milestone3/_doc [status:201 request:0.002s]
[2024-09-24T12:57:52.116+0000] {logging_mixin.py:115} INFO - {'_index': 'milestone3', '_type': '_doc', '_id': '3FAcJJIB9Ge4CN5SED7y', '_version': 1, 'result': 'created', '_shards': {'total': 2, 'successful': 1, 'failed': 0}, '_seq_no': 599, '_primary_term': 1}
[2024-09-24T12:57:52.118+0000] {base.py:271} INFO - POST http://elasticsearch:9200/milestone3/_doc [status:201 request:0.002s]
[2024-09-24T12:57:52.118+0000] {logging_mixin.py:115} INFO - {'_index': 'milestone3', '_type': '_doc', '_id': '3VAcJJIB9Ge4CN5SED71', '_version': 1, 'result': 'created', '_shards': {'total': 2, 'successful': 1, 'failed': 0}, '_seq_no': 600, '_primary_term': 1}
[2024-09-24T12:57:52.121+0000] {base.py:271} INFO - POST http://elasticsearch:9200/milestone3/_doc [status:201 request:0.002s]
[2024-09-24T12:57:52.121+0000] {logging_mixin.py:115} INFO - {'_index': 'milestone3', '_type': '_doc', '_id': '3lAcJJIB9Ge4CN5SED73', '_version': 1, 'result': 'created', '_shards': {'total': 2, 'successful': 1, 'failed': 0}, '_seq_no': 601, '_primary_term': 1}
[2024-09-24T12:57:52.123+0000] {base.py:271} INFO - POST http://elasticsearch:9200/milestone3/_doc [status:201 request:0.002s]
[2024-09-24T12:57:52.123+0000] {logging_mixin.py:115} INFO - {'_index': 'milestone3', '_type': '_doc', '_id': '31AcJJIB9Ge4CN5SED76', '_version': 1, 'result': 'created', '_shards': {'total': 2, 'successful': 1, 'failed': 0}, '_seq_no': 602, '_primary_term': 1}
[2024-09-24T12:57:52.125+0000] {base.py:271} INFO - POST http://elasticsearch:9200/milestone3/_doc [status:201 request:0.002s]
[2024-09-24T12:57:52.125+0000] {logging_mixin.py:115} INFO - {'_index': 'milestone3', '_type': '_doc', '_id': '4FAcJJIB9Ge4CN5SED78', '_version': 1, 'result': 'created', '_shards': {'total': 2, 'successful': 1, 'failed': 0}, '_seq_no': 603, '_primary_term': 1}
[2024-09-24T12:57:52.127+0000] {base.py:271} INFO - POST http://elasticsearch:9200/milestone3/_doc [status:201 request:0.002s]
[2024-09-24T12:57:52.128+0000] {logging_mixin.py:115} INFO - {'_index': 'milestone3', '_type': '_doc', '_id': '4VAcJJIB9Ge4CN5SED7-', '_version': 1, 'result': 'created', '_shards': {'total': 2, 'successful': 1, 'failed': 0}, '_seq_no': 604, '_primary_term': 1}
[2024-09-24T12:57:52.130+0000] {base.py:271} INFO - POST http://elasticsearch:9200/milestone3/_doc [status:201 request:0.002s]
[2024-09-24T12:57:52.130+0000] {logging_mixin.py:115} INFO - {'_index': 'milestone3', '_type': '_doc', '_id': '4lAcJJIB9Ge4CN5SET4A', '_version': 1, 'result': 'created', '_shards': {'total': 2, 'successful': 1, 'failed': 0}, '_seq_no': 605, '_primary_term': 1}
[2024-09-24T12:57:52.132+0000] {base.py:271} INFO - POST http://elasticsearch:9200/milestone3/_doc [status:201 request:0.002s]
[2024-09-24T12:57:52.133+0000] {logging_mixin.py:115} INFO - {'_index': 'milestone3', '_type': '_doc', '_id': '41AcJJIB9Ge4CN5SET4D', '_version': 1, 'result': 'created', '_shards': {'total': 2, 'successful': 1, 'failed': 0}, '_seq_no': 606, '_primary_term': 1}
[2024-09-24T12:57:52.135+0000] {base.py:271} INFO - POST http://elasticsearch:9200/milestone3/_doc [status:201 request:0.002s]
[2024-09-24T12:57:52.135+0000] {logging_mixin.py:115} INFO - {'_index': 'milestone3', '_type': '_doc', '_id': '5FAcJJIB9Ge4CN5SET4F', '_version': 1, 'result': 'created', '_shards': {'total': 2, 'successful': 1, 'failed': 0}, '_seq_no': 607, '_primary_term': 1}
[2024-09-24T12:57:52.137+0000] {base.py:271} INFO - POST http://elasticsearch:9200/milestone3/_doc [status:201 request:0.002s]
[2024-09-24T12:57:52.138+0000] {logging_mixin.py:115} INFO - {'_index': 'milestone3', '_type': '_doc', '_id': '5VAcJJIB9Ge4CN5SET4I', '_version': 1, 'result': 'created', '_shards': {'total': 2, 'successful': 1, 'failed': 0}, '_seq_no': 608, '_primary_term': 1}
[2024-09-24T12:57:52.140+0000] {base.py:271} INFO - POST http://elasticsearch:9200/milestone3/_doc [status:201 request:0.002s]
[2024-09-24T12:57:52.140+0000] {logging_mixin.py:115} INFO - {'_index': 'milestone3', '_type': '_doc', '_id': '5lAcJJIB9Ge4CN5SET4K', '_version': 1, 'result': 'created', '_shards': {'total': 2, 'successful': 1, 'failed': 0}, '_seq_no': 609, '_primary_term': 1}
[2024-09-24T12:57:52.142+0000] {base.py:271} INFO - POST http://elasticsearch:9200/milestone3/_doc [status:201 request:0.002s]
[2024-09-24T12:57:52.142+0000] {logging_mixin.py:115} INFO - {'_index': 'milestone3', '_type': '_doc', '_id': '51AcJJIB9Ge4CN5SET4N', '_version': 1, 'result': 'created', '_shards': {'total': 2, 'successful': 1, 'failed': 0}, '_seq_no': 610, '_primary_term': 1}
[2024-09-24T12:57:52.144+0000] {base.py:271} INFO - POST http://elasticsearch:9200/milestone3/_doc [status:201 request:0.002s]
[2024-09-24T12:57:52.145+0000] {logging_mixin.py:115} INFO - {'_index': 'milestone3', '_type': '_doc', '_id': '6FAcJJIB9Ge4CN5SET4P', '_version': 1, 'result': 'created', '_shards': {'total': 2, 'successful': 1, 'failed': 0}, '_seq_no': 611, '_primary_term': 1}
[2024-09-24T12:57:52.146+0000] {base.py:271} INFO - POST http://elasticsearch:9200/milestone3/_doc [status:201 request:0.001s]
[2024-09-24T12:57:52.147+0000] {logging_mixin.py:115} INFO - {'_index': 'milestone3', '_type': '_doc', '_id': '6VAcJJIB9Ge4CN5SET4R', '_version': 1, 'result': 'created', '_shards': {'total': 2, 'successful': 1, 'failed': 0}, '_seq_no': 612, '_primary_term': 1}
[2024-09-24T12:57:52.148+0000] {base.py:271} INFO - POST http://elasticsearch:9200/milestone3/_doc [status:201 request:0.001s]
[2024-09-24T12:57:52.148+0000] {logging_mixin.py:115} INFO - {'_index': 'milestone3', '_type': '_doc', '_id': '6lAcJJIB9Ge4CN5SET4T', '_version': 1, 'result': 'created', '_shards': {'total': 2, 'successful': 1, 'failed': 0}, '_seq_no': 613, '_primary_term': 1}
[2024-09-24T12:57:52.150+0000] {base.py:271} INFO - POST http://elasticsearch:9200/milestone3/_doc [status:201 request:0.002s]
[2024-09-24T12:57:52.151+0000] {logging_mixin.py:115} INFO - {'_index': 'milestone3', '_type': '_doc', '_id': '61AcJJIB9Ge4CN5SET4V', '_version': 1, 'result': 'created', '_shards': {'total': 2, 'successful': 1, 'failed': 0}, '_seq_no': 614, '_primary_term': 1}
[2024-09-24T12:57:52.152+0000] {base.py:271} INFO - POST http://elasticsearch:9200/milestone3/_doc [status:201 request:0.002s]
[2024-09-24T12:57:52.153+0000] {logging_mixin.py:115} INFO - {'_index': 'milestone3', '_type': '_doc', '_id': '7FAcJJIB9Ge4CN5SET4X', '_version': 1, 'result': 'created', '_shards': {'total': 2, 'successful': 1, 'failed': 0}, '_seq_no': 615, '_primary_term': 1}
[2024-09-24T12:57:52.155+0000] {base.py:271} INFO - POST http://elasticsearch:9200/milestone3/_doc [status:201 request:0.002s]
[2024-09-24T12:57:52.155+0000] {logging_mixin.py:115} INFO - {'_index': 'milestone3', '_type': '_doc', '_id': '7VAcJJIB9Ge4CN5SET4Z', '_version': 1, 'result': 'created', '_shards': {'total': 2, 'successful': 1, 'failed': 0}, '_seq_no': 616, '_primary_term': 1}
[2024-09-24T12:57:52.157+0000] {base.py:271} INFO - POST http://elasticsearch:9200/milestone3/_doc [status:201 request:0.001s]
[2024-09-24T12:57:52.157+0000] {logging_mixin.py:115} INFO - {'_index': 'milestone3', '_type': '_doc', '_id': '7lAcJJIB9Ge4CN5SET4c', '_version': 1, 'result': 'created', '_shards': {'total': 2, 'successful': 1, 'failed': 0}, '_seq_no': 617, '_primary_term': 1}
[2024-09-24T12:57:52.160+0000] {base.py:271} INFO - POST http://elasticsearch:9200/milestone3/_doc [status:201 request:0.002s]
[2024-09-24T12:57:52.160+0000] {logging_mixin.py:115} INFO - {'_index': 'milestone3', '_type': '_doc', '_id': '71AcJJIB9Ge4CN5SET4e', '_version': 1, 'result': 'created', '_shards': {'total': 2, 'successful': 1, 'failed': 0}, '_seq_no': 618, '_primary_term': 1}
[2024-09-24T12:57:52.162+0000] {base.py:271} INFO - POST http://elasticsearch:9200/milestone3/_doc [status:201 request:0.001s]
[2024-09-24T12:57:52.162+0000] {logging_mixin.py:115} INFO - {'_index': 'milestone3', '_type': '_doc', '_id': '8FAcJJIB9Ge4CN5SET4g', '_version': 1, 'result': 'created', '_shards': {'total': 2, 'successful': 1, 'failed': 0}, '_seq_no': 619, '_primary_term': 1}
[2024-09-24T12:57:52.164+0000] {base.py:271} INFO - POST http://elasticsearch:9200/milestone3/_doc [status:201 request:0.002s]
[2024-09-24T12:57:52.164+0000] {logging_mixin.py:115} INFO - {'_index': 'milestone3', '_type': '_doc', '_id': '8VAcJJIB9Ge4CN5SET4i', '_version': 1, 'result': 'created', '_shards': {'total': 2, 'successful': 1, 'failed': 0}, '_seq_no': 620, '_primary_term': 1}
[2024-09-24T12:57:52.166+0000] {base.py:271} INFO - POST http://elasticsearch:9200/milestone3/_doc [status:201 request:0.002s]
[2024-09-24T12:57:52.166+0000] {logging_mixin.py:115} INFO - {'_index': 'milestone3', '_type': '_doc', '_id': '8lAcJJIB9Ge4CN5SET4k', '_version': 1, 'result': 'created', '_shards': {'total': 2, 'successful': 1, 'failed': 0}, '_seq_no': 621, '_primary_term': 1}
[2024-09-24T12:57:52.168+0000] {base.py:271} INFO - POST http://elasticsearch:9200/milestone3/_doc [status:201 request:0.002s]
[2024-09-24T12:57:52.168+0000] {logging_mixin.py:115} INFO - {'_index': 'milestone3', '_type': '_doc', '_id': '81AcJJIB9Ge4CN5SET4m', '_version': 1, 'result': 'created', '_shards': {'total': 2, 'successful': 1, 'failed': 0}, '_seq_no': 622, '_primary_term': 1}
[2024-09-24T12:57:52.169+0000] {base.py:271} INFO - POST http://elasticsearch:9200/milestone3/_doc [status:201 request:0.001s]
[2024-09-24T12:57:52.170+0000] {logging_mixin.py:115} INFO - {'_index': 'milestone3', '_type': '_doc', '_id': '9FAcJJIB9Ge4CN5SET4o', '_version': 1, 'result': 'created', '_shards': {'total': 2, 'successful': 1, 'failed': 0}, '_seq_no': 623, '_primary_term': 1}
[2024-09-24T12:57:52.171+0000] {base.py:271} INFO - POST http://elasticsearch:9200/milestone3/_doc [status:201 request:0.001s]
[2024-09-24T12:57:52.171+0000] {logging_mixin.py:115} INFO - {'_index': 'milestone3', '_type': '_doc', '_id': '9VAcJJIB9Ge4CN5SET4q', '_version': 1, 'result': 'created', '_shards': {'total': 2, 'successful': 1, 'failed': 0}, '_seq_no': 624, '_primary_term': 1}
[2024-09-24T12:57:52.173+0000] {base.py:271} INFO - POST http://elasticsearch:9200/milestone3/_doc [status:201 request:0.002s]
[2024-09-24T12:57:52.174+0000] {logging_mixin.py:115} INFO - {'_index': 'milestone3', '_type': '_doc', '_id': '9lAcJJIB9Ge4CN5SET4s', '_version': 1, 'result': 'created', '_shards': {'total': 2, 'successful': 1, 'failed': 0}, '_seq_no': 625, '_primary_term': 1}
[2024-09-24T12:57:52.175+0000] {base.py:271} INFO - POST http://elasticsearch:9200/milestone3/_doc [status:201 request:0.001s]
[2024-09-24T12:57:52.176+0000] {logging_mixin.py:115} INFO - {'_index': 'milestone3', '_type': '_doc', '_id': '91AcJJIB9Ge4CN5SET4u', '_version': 1, 'result': 'created', '_shards': {'total': 2, 'successful': 1, 'failed': 0}, '_seq_no': 626, '_primary_term': 1}
[2024-09-24T12:57:52.177+0000] {base.py:271} INFO - POST http://elasticsearch:9200/milestone3/_doc [status:201 request:0.001s]
[2024-09-24T12:57:52.177+0000] {logging_mixin.py:115} INFO - {'_index': 'milestone3', '_type': '_doc', '_id': '-FAcJJIB9Ge4CN5SET4w', '_version': 1, 'result': 'created', '_shards': {'total': 2, 'successful': 1, 'failed': 0}, '_seq_no': 627, '_primary_term': 1}
[2024-09-24T12:57:52.179+0000] {base.py:271} INFO - POST http://elasticsearch:9200/milestone3/_doc [status:201 request:0.001s]
[2024-09-24T12:57:52.179+0000] {logging_mixin.py:115} INFO - {'_index': 'milestone3', '_type': '_doc', '_id': '-VAcJJIB9Ge4CN5SET4y', '_version': 1, 'result': 'created', '_shards': {'total': 2, 'successful': 1, 'failed': 0}, '_seq_no': 628, '_primary_term': 1}
[2024-09-24T12:57:52.181+0000] {base.py:271} INFO - POST http://elasticsearch:9200/milestone3/_doc [status:201 request:0.001s]
[2024-09-24T12:57:52.181+0000] {logging_mixin.py:115} INFO - {'_index': 'milestone3', '_type': '_doc', '_id': '-lAcJJIB9Ge4CN5SET4z', '_version': 1, 'result': 'created', '_shards': {'total': 2, 'successful': 1, 'failed': 0}, '_seq_no': 629, '_primary_term': 1}
[2024-09-24T12:57:52.182+0000] {base.py:271} INFO - POST http://elasticsearch:9200/milestone3/_doc [status:201 request:0.001s]
[2024-09-24T12:57:52.183+0000] {logging_mixin.py:115} INFO - {'_index': 'milestone3', '_type': '_doc', '_id': '-1AcJJIB9Ge4CN5SET41', '_version': 1, 'result': 'created', '_shards': {'total': 2, 'successful': 1, 'failed': 0}, '_seq_no': 630, '_primary_term': 1}
[2024-09-24T12:57:52.184+0000] {base.py:271} INFO - POST http://elasticsearch:9200/milestone3/_doc [status:201 request:0.001s]
[2024-09-24T12:57:52.184+0000] {logging_mixin.py:115} INFO - {'_index': 'milestone3', '_type': '_doc', '_id': '_FAcJJIB9Ge4CN5SET43', '_version': 1, 'result': 'created', '_shards': {'total': 2, 'successful': 1, 'failed': 0}, '_seq_no': 631, '_primary_term': 1}
[2024-09-24T12:57:52.186+0000] {base.py:271} INFO - POST http://elasticsearch:9200/milestone3/_doc [status:201 request:0.001s]
[2024-09-24T12:57:52.186+0000] {logging_mixin.py:115} INFO - {'_index': 'milestone3', '_type': '_doc', '_id': '_VAcJJIB9Ge4CN5SET45', '_version': 1, 'result': 'created', '_shards': {'total': 2, 'successful': 1, 'failed': 0}, '_seq_no': 632, '_primary_term': 1}
[2024-09-24T12:57:52.188+0000] {base.py:271} INFO - POST http://elasticsearch:9200/milestone3/_doc [status:201 request:0.001s]
[2024-09-24T12:57:52.188+0000] {logging_mixin.py:115} INFO - {'_index': 'milestone3', '_type': '_doc', '_id': '_lAcJJIB9Ge4CN5SET46', '_version': 1, 'result': 'created', '_shards': {'total': 2, 'successful': 1, 'failed': 0}, '_seq_no': 633, '_primary_term': 1}
[2024-09-24T12:57:52.190+0000] {base.py:271} INFO - POST http://elasticsearch:9200/milestone3/_doc [status:201 request:0.002s]
[2024-09-24T12:57:52.190+0000] {logging_mixin.py:115} INFO - {'_index': 'milestone3', '_type': '_doc', '_id': '_1AcJJIB9Ge4CN5SET48', '_version': 1, 'result': 'created', '_shards': {'total': 2, 'successful': 1, 'failed': 0}, '_seq_no': 634, '_primary_term': 1}
[2024-09-24T12:57:52.192+0000] {base.py:271} INFO - POST http://elasticsearch:9200/milestone3/_doc [status:201 request:0.001s]
[2024-09-24T12:57:52.192+0000] {logging_mixin.py:115} INFO - {'_index': 'milestone3', '_type': '_doc', '_id': 'AFAcJJIB9Ge4CN5SET8_', '_version': 1, 'result': 'created', '_shards': {'total': 2, 'successful': 1, 'failed': 0}, '_seq_no': 635, '_primary_term': 1}
[2024-09-24T12:57:52.193+0000] {base.py:271} INFO - POST http://elasticsearch:9200/milestone3/_doc [status:201 request:0.001s]
[2024-09-24T12:57:52.194+0000] {logging_mixin.py:115} INFO - {'_index': 'milestone3', '_type': '_doc', '_id': 'AVAcJJIB9Ge4CN5SET9A', '_version': 1, 'result': 'created', '_shards': {'total': 2, 'successful': 1, 'failed': 0}, '_seq_no': 636, '_primary_term': 1}
[2024-09-24T12:57:52.195+0000] {base.py:271} INFO - POST http://elasticsearch:9200/milestone3/_doc [status:201 request:0.001s]
[2024-09-24T12:57:52.195+0000] {logging_mixin.py:115} INFO - {'_index': 'milestone3', '_type': '_doc', '_id': 'AlAcJJIB9Ge4CN5SET9C', '_version': 1, 'result': 'created', '_shards': {'total': 2, 'successful': 1, 'failed': 0}, '_seq_no': 637, '_primary_term': 1}
[2024-09-24T12:57:52.197+0000] {base.py:271} INFO - POST http://elasticsearch:9200/milestone3/_doc [status:201 request:0.001s]
[2024-09-24T12:57:52.197+0000] {logging_mixin.py:115} INFO - {'_index': 'milestone3', '_type': '_doc', '_id': 'A1AcJJIB9Ge4CN5SET9E', '_version': 1, 'result': 'created', '_shards': {'total': 2, 'successful': 1, 'failed': 0}, '_seq_no': 638, '_primary_term': 1}
[2024-09-24T12:57:52.198+0000] {base.py:271} INFO - POST http://elasticsearch:9200/milestone3/_doc [status:201 request:0.001s]
[2024-09-24T12:57:52.198+0000] {logging_mixin.py:115} INFO - {'_index': 'milestone3', '_type': '_doc', '_id': 'BFAcJJIB9Ge4CN5SET9F', '_version': 1, 'result': 'created', '_shards': {'total': 2, 'successful': 1, 'failed': 0}, '_seq_no': 639, '_primary_term': 1}
[2024-09-24T12:57:52.200+0000] {base.py:271} INFO - POST http://elasticsearch:9200/milestone3/_doc [status:201 request:0.001s]
[2024-09-24T12:57:52.200+0000] {logging_mixin.py:115} INFO - {'_index': 'milestone3', '_type': '_doc', '_id': 'BVAcJJIB9Ge4CN5SET9H', '_version': 1, 'result': 'created', '_shards': {'total': 2, 'successful': 1, 'failed': 0}, '_seq_no': 640, '_primary_term': 1}
[2024-09-24T12:57:52.202+0000] {base.py:271} INFO - POST http://elasticsearch:9200/milestone3/_doc [status:201 request:0.001s]
[2024-09-24T12:57:52.202+0000] {logging_mixin.py:115} INFO - {'_index': 'milestone3', '_type': '_doc', '_id': 'BlAcJJIB9Ge4CN5SET9J', '_version': 1, 'result': 'created', '_shards': {'total': 2, 'successful': 1, 'failed': 0}, '_seq_no': 641, '_primary_term': 1}
[2024-09-24T12:57:52.204+0000] {base.py:271} INFO - POST http://elasticsearch:9200/milestone3/_doc [status:201 request:0.002s]
[2024-09-24T12:57:52.204+0000] {logging_mixin.py:115} INFO - {'_index': 'milestone3', '_type': '_doc', '_id': 'B1AcJJIB9Ge4CN5SET9L', '_version': 1, 'result': 'created', '_shards': {'total': 2, 'successful': 1, 'failed': 0}, '_seq_no': 642, '_primary_term': 1}
[2024-09-24T12:57:52.206+0000] {base.py:271} INFO - POST http://elasticsearch:9200/milestone3/_doc [status:201 request:0.001s]
[2024-09-24T12:57:52.206+0000] {logging_mixin.py:115} INFO - {'_index': 'milestone3', '_type': '_doc', '_id': 'CFAcJJIB9Ge4CN5SET9N', '_version': 1, 'result': 'created', '_shards': {'total': 2, 'successful': 1, 'failed': 0}, '_seq_no': 643, '_primary_term': 1}
[2024-09-24T12:57:52.208+0000] {base.py:271} INFO - POST http://elasticsearch:9200/milestone3/_doc [status:201 request:0.002s]
[2024-09-24T12:57:52.208+0000] {logging_mixin.py:115} INFO - {'_index': 'milestone3', '_type': '_doc', '_id': 'CVAcJJIB9Ge4CN5SET9P', '_version': 1, 'result': 'created', '_shards': {'total': 2, 'successful': 1, 'failed': 0}, '_seq_no': 644, '_primary_term': 1}
[2024-09-24T12:57:52.210+0000] {base.py:271} INFO - POST http://elasticsearch:9200/milestone3/_doc [status:201 request:0.002s]
[2024-09-24T12:57:52.211+0000] {logging_mixin.py:115} INFO - {'_index': 'milestone3', '_type': '_doc', '_id': 'ClAcJJIB9Ge4CN5SET9R', '_version': 1, 'result': 'created', '_shards': {'total': 2, 'successful': 1, 'failed': 0}, '_seq_no': 645, '_primary_term': 1}
[2024-09-24T12:57:52.213+0000] {base.py:271} INFO - POST http://elasticsearch:9200/milestone3/_doc [status:201 request:0.002s]
[2024-09-24T12:57:52.213+0000] {logging_mixin.py:115} INFO - {'_index': 'milestone3', '_type': '_doc', '_id': 'C1AcJJIB9Ge4CN5SET9T', '_version': 1, 'result': 'created', '_shards': {'total': 2, 'successful': 1, 'failed': 0}, '_seq_no': 646, '_primary_term': 1}
[2024-09-24T12:57:52.215+0000] {base.py:271} INFO - POST http://elasticsearch:9200/milestone3/_doc [status:201 request:0.001s]
[2024-09-24T12:57:52.215+0000] {logging_mixin.py:115} INFO - {'_index': 'milestone3', '_type': '_doc', '_id': 'DFAcJJIB9Ge4CN5SET9W', '_version': 1, 'result': 'created', '_shards': {'total': 2, 'successful': 1, 'failed': 0}, '_seq_no': 647, '_primary_term': 1}
[2024-09-24T12:57:52.217+0000] {base.py:271} INFO - POST http://elasticsearch:9200/milestone3/_doc [status:201 request:0.001s]
[2024-09-24T12:57:52.217+0000] {logging_mixin.py:115} INFO - {'_index': 'milestone3', '_type': '_doc', '_id': 'DVAcJJIB9Ge4CN5SET9X', '_version': 1, 'result': 'created', '_shards': {'total': 2, 'successful': 1, 'failed': 0}, '_seq_no': 648, '_primary_term': 1}
[2024-09-24T12:57:52.218+0000] {base.py:271} INFO - POST http://elasticsearch:9200/milestone3/_doc [status:201 request:0.001s]
[2024-09-24T12:57:52.218+0000] {logging_mixin.py:115} INFO - {'_index': 'milestone3', '_type': '_doc', '_id': 'DlAcJJIB9Ge4CN5SET9Z', '_version': 1, 'result': 'created', '_shards': {'total': 2, 'successful': 1, 'failed': 0}, '_seq_no': 649, '_primary_term': 1}
[2024-09-24T12:57:52.220+0000] {base.py:271} INFO - POST http://elasticsearch:9200/milestone3/_doc [status:201 request:0.001s]
[2024-09-24T12:57:52.220+0000] {logging_mixin.py:115} INFO - {'_index': 'milestone3', '_type': '_doc', '_id': 'D1AcJJIB9Ge4CN5SET9b', '_version': 1, 'result': 'created', '_shards': {'total': 2, 'successful': 1, 'failed': 0}, '_seq_no': 650, '_primary_term': 1}
[2024-09-24T12:57:52.222+0000] {base.py:271} INFO - POST http://elasticsearch:9200/milestone3/_doc [status:201 request:0.002s]
[2024-09-24T12:57:52.222+0000] {logging_mixin.py:115} INFO - {'_index': 'milestone3', '_type': '_doc', '_id': 'EFAcJJIB9Ge4CN5SET9d', '_version': 1, 'result': 'created', '_shards': {'total': 2, 'successful': 1, 'failed': 0}, '_seq_no': 651, '_primary_term': 1}
[2024-09-24T12:57:52.225+0000] {base.py:271} INFO - POST http://elasticsearch:9200/milestone3/_doc [status:201 request:0.002s]
[2024-09-24T12:57:52.225+0000] {logging_mixin.py:115} INFO - {'_index': 'milestone3', '_type': '_doc', '_id': 'EVAcJJIB9Ge4CN5SET9f', '_version': 1, 'result': 'created', '_shards': {'total': 2, 'successful': 1, 'failed': 0}, '_seq_no': 652, '_primary_term': 1}
[2024-09-24T12:57:52.227+0000] {base.py:271} INFO - POST http://elasticsearch:9200/milestone3/_doc [status:201 request:0.002s]
[2024-09-24T12:57:52.227+0000] {logging_mixin.py:115} INFO - {'_index': 'milestone3', '_type': '_doc', '_id': 'ElAcJJIB9Ge4CN5SET9i', '_version': 1, 'result': 'created', '_shards': {'total': 2, 'successful': 1, 'failed': 0}, '_seq_no': 653, '_primary_term': 1}
[2024-09-24T12:57:52.229+0000] {base.py:271} INFO - POST http://elasticsearch:9200/milestone3/_doc [status:201 request:0.002s]
[2024-09-24T12:57:52.230+0000] {logging_mixin.py:115} INFO - {'_index': 'milestone3', '_type': '_doc', '_id': 'E1AcJJIB9Ge4CN5SET9k', '_version': 1, 'result': 'created', '_shards': {'total': 2, 'successful': 1, 'failed': 0}, '_seq_no': 654, '_primary_term': 1}
[2024-09-24T12:57:52.232+0000] {base.py:271} INFO - POST http://elasticsearch:9200/milestone3/_doc [status:201 request:0.002s]
[2024-09-24T12:57:52.232+0000] {logging_mixin.py:115} INFO - {'_index': 'milestone3', '_type': '_doc', '_id': 'FFAcJJIB9Ge4CN5SET9m', '_version': 1, 'result': 'created', '_shards': {'total': 2, 'successful': 1, 'failed': 0}, '_seq_no': 655, '_primary_term': 1}
[2024-09-24T12:57:52.234+0000] {base.py:271} INFO - POST http://elasticsearch:9200/milestone3/_doc [status:201 request:0.002s]
[2024-09-24T12:57:52.234+0000] {logging_mixin.py:115} INFO - {'_index': 'milestone3', '_type': '_doc', '_id': 'FVAcJJIB9Ge4CN5SET9p', '_version': 1, 'result': 'created', '_shards': {'total': 2, 'successful': 1, 'failed': 0}, '_seq_no': 656, '_primary_term': 1}
[2024-09-24T12:57:52.237+0000] {base.py:271} INFO - POST http://elasticsearch:9200/milestone3/_doc [status:201 request:0.002s]
[2024-09-24T12:57:52.237+0000] {logging_mixin.py:115} INFO - {'_index': 'milestone3', '_type': '_doc', '_id': 'FlAcJJIB9Ge4CN5SET9r', '_version': 1, 'result': 'created', '_shards': {'total': 2, 'successful': 1, 'failed': 0}, '_seq_no': 657, '_primary_term': 1}
[2024-09-24T12:57:52.241+0000] {base.py:271} INFO - POST http://elasticsearch:9200/milestone3/_doc [status:201 request:0.004s]
[2024-09-24T12:57:52.242+0000] {logging_mixin.py:115} INFO - {'_index': 'milestone3', '_type': '_doc', '_id': 'F1AcJJIB9Ge4CN5SET9u', '_version': 1, 'result': 'created', '_shards': {'total': 2, 'successful': 1, 'failed': 0}, '_seq_no': 658, '_primary_term': 1}
[2024-09-24T12:57:52.246+0000] {base.py:271} INFO - POST http://elasticsearch:9200/milestone3/_doc [status:201 request:0.004s]
[2024-09-24T12:57:52.246+0000] {logging_mixin.py:115} INFO - {'_index': 'milestone3', '_type': '_doc', '_id': 'GFAcJJIB9Ge4CN5SET9z', '_version': 1, 'result': 'created', '_shards': {'total': 2, 'successful': 1, 'failed': 0}, '_seq_no': 659, '_primary_term': 1}
[2024-09-24T12:57:52.249+0000] {base.py:271} INFO - POST http://elasticsearch:9200/milestone3/_doc [status:201 request:0.002s]
[2024-09-24T12:57:52.249+0000] {logging_mixin.py:115} INFO - {'_index': 'milestone3', '_type': '_doc', '_id': 'GVAcJJIB9Ge4CN5SET93', '_version': 1, 'result': 'created', '_shards': {'total': 2, 'successful': 1, 'failed': 0}, '_seq_no': 660, '_primary_term': 1}
[2024-09-24T12:57:52.251+0000] {base.py:271} INFO - POST http://elasticsearch:9200/milestone3/_doc [status:201 request:0.002s]
[2024-09-24T12:57:52.251+0000] {logging_mixin.py:115} INFO - {'_index': 'milestone3', '_type': '_doc', '_id': 'GlAcJJIB9Ge4CN5SET96', '_version': 1, 'result': 'created', '_shards': {'total': 2, 'successful': 1, 'failed': 0}, '_seq_no': 661, '_primary_term': 1}
[2024-09-24T12:57:52.254+0000] {base.py:271} INFO - POST http://elasticsearch:9200/milestone3/_doc [status:201 request:0.002s]
[2024-09-24T12:57:52.254+0000] {logging_mixin.py:115} INFO - {'_index': 'milestone3', '_type': '_doc', '_id': 'G1AcJJIB9Ge4CN5SET98', '_version': 1, 'result': 'created', '_shards': {'total': 2, 'successful': 1, 'failed': 0}, '_seq_no': 662, '_primary_term': 1}
[2024-09-24T12:57:52.256+0000] {base.py:271} INFO - POST http://elasticsearch:9200/milestone3/_doc [status:201 request:0.002s]
[2024-09-24T12:57:52.256+0000] {logging_mixin.py:115} INFO - {'_index': 'milestone3', '_type': '_doc', '_id': 'HFAcJJIB9Ge4CN5SET9_', '_version': 1, 'result': 'created', '_shards': {'total': 2, 'successful': 1, 'failed': 0}, '_seq_no': 663, '_primary_term': 1}
[2024-09-24T12:57:52.259+0000] {base.py:271} INFO - POST http://elasticsearch:9200/milestone3/_doc [status:201 request:0.002s]
[2024-09-24T12:57:52.259+0000] {logging_mixin.py:115} INFO - {'_index': 'milestone3', '_type': '_doc', '_id': 'HVAcJJIB9Ge4CN5SET-B', '_version': 1, 'result': 'created', '_shards': {'total': 2, 'successful': 1, 'failed': 0}, '_seq_no': 664, '_primary_term': 1}
[2024-09-24T12:57:52.262+0000] {base.py:271} INFO - POST http://elasticsearch:9200/milestone3/_doc [status:201 request:0.003s]
[2024-09-24T12:57:52.262+0000] {logging_mixin.py:115} INFO - {'_index': 'milestone3', '_type': '_doc', '_id': 'HlAcJJIB9Ge4CN5SET-E', '_version': 1, 'result': 'created', '_shards': {'total': 2, 'successful': 1, 'failed': 0}, '_seq_no': 665, '_primary_term': 1}
[2024-09-24T12:57:52.266+0000] {base.py:271} INFO - POST http://elasticsearch:9200/milestone3/_doc [status:201 request:0.003s]
[2024-09-24T12:57:52.267+0000] {logging_mixin.py:115} INFO - {'_index': 'milestone3', '_type': '_doc', '_id': 'H1AcJJIB9Ge4CN5SET-H', '_version': 1, 'result': 'created', '_shards': {'total': 2, 'successful': 1, 'failed': 0}, '_seq_no': 666, '_primary_term': 1}
[2024-09-24T12:57:52.271+0000] {base.py:271} INFO - POST http://elasticsearch:9200/milestone3/_doc [status:201 request:0.004s]
[2024-09-24T12:57:52.272+0000] {logging_mixin.py:115} INFO - {'_index': 'milestone3', '_type': '_doc', '_id': 'IFAcJJIB9Ge4CN5SET-M', '_version': 1, 'result': 'created', '_shards': {'total': 2, 'successful': 1, 'failed': 0}, '_seq_no': 667, '_primary_term': 1}
[2024-09-24T12:57:52.277+0000] {base.py:271} INFO - POST http://elasticsearch:9200/milestone3/_doc [status:201 request:0.004s]
[2024-09-24T12:57:52.277+0000] {logging_mixin.py:115} INFO - {'_index': 'milestone3', '_type': '_doc', '_id': 'IVAcJJIB9Ge4CN5SET-S', '_version': 1, 'result': 'created', '_shards': {'total': 2, 'successful': 1, 'failed': 0}, '_seq_no': 668, '_primary_term': 1}
[2024-09-24T12:57:52.281+0000] {base.py:271} INFO - POST http://elasticsearch:9200/milestone3/_doc [status:201 request:0.004s]
[2024-09-24T12:57:52.282+0000] {logging_mixin.py:115} INFO - {'_index': 'milestone3', '_type': '_doc', '_id': 'IlAcJJIB9Ge4CN5SET-W', '_version': 1, 'result': 'created', '_shards': {'total': 2, 'successful': 1, 'failed': 0}, '_seq_no': 669, '_primary_term': 1}
[2024-09-24T12:57:52.286+0000] {base.py:271} INFO - POST http://elasticsearch:9200/milestone3/_doc [status:201 request:0.004s]
[2024-09-24T12:57:52.287+0000] {logging_mixin.py:115} INFO - {'_index': 'milestone3', '_type': '_doc', '_id': 'I1AcJJIB9Ge4CN5SET-c', '_version': 1, 'result': 'created', '_shards': {'total': 2, 'successful': 1, 'failed': 0}, '_seq_no': 670, '_primary_term': 1}
[2024-09-24T12:57:52.290+0000] {base.py:271} INFO - POST http://elasticsearch:9200/milestone3/_doc [status:201 request:0.003s]
[2024-09-24T12:57:52.291+0000] {logging_mixin.py:115} INFO - {'_index': 'milestone3', '_type': '_doc', '_id': 'JFAcJJIB9Ge4CN5SET-g', '_version': 1, 'result': 'created', '_shards': {'total': 2, 'successful': 1, 'failed': 0}, '_seq_no': 671, '_primary_term': 1}
[2024-09-24T12:57:52.294+0000] {base.py:271} INFO - POST http://elasticsearch:9200/milestone3/_doc [status:201 request:0.003s]
[2024-09-24T12:57:52.294+0000] {logging_mixin.py:115} INFO - {'_index': 'milestone3', '_type': '_doc', '_id': 'JVAcJJIB9Ge4CN5SET-j', '_version': 1, 'result': 'created', '_shards': {'total': 2, 'successful': 1, 'failed': 0}, '_seq_no': 672, '_primary_term': 1}
[2024-09-24T12:57:52.298+0000] {base.py:271} INFO - POST http://elasticsearch:9200/milestone3/_doc [status:201 request:0.003s]
[2024-09-24T12:57:52.298+0000] {logging_mixin.py:115} INFO - {'_index': 'milestone3', '_type': '_doc', '_id': 'JlAcJJIB9Ge4CN5SET-n', '_version': 1, 'result': 'created', '_shards': {'total': 2, 'successful': 1, 'failed': 0}, '_seq_no': 673, '_primary_term': 1}
[2024-09-24T12:57:52.301+0000] {base.py:271} INFO - POST http://elasticsearch:9200/milestone3/_doc [status:201 request:0.002s]
[2024-09-24T12:57:52.301+0000] {logging_mixin.py:115} INFO - {'_index': 'milestone3', '_type': '_doc', '_id': 'J1AcJJIB9Ge4CN5SET-r', '_version': 1, 'result': 'created', '_shards': {'total': 2, 'successful': 1, 'failed': 0}, '_seq_no': 674, '_primary_term': 1}
[2024-09-24T12:57:52.304+0000] {base.py:271} INFO - POST http://elasticsearch:9200/milestone3/_doc [status:201 request:0.003s]
[2024-09-24T12:57:52.304+0000] {logging_mixin.py:115} INFO - {'_index': 'milestone3', '_type': '_doc', '_id': 'KFAcJJIB9Ge4CN5SET-t', '_version': 1, 'result': 'created', '_shards': {'total': 2, 'successful': 1, 'failed': 0}, '_seq_no': 675, '_primary_term': 1}
[2024-09-24T12:57:52.306+0000] {base.py:271} INFO - POST http://elasticsearch:9200/milestone3/_doc [status:201 request:0.002s]
[2024-09-24T12:57:52.306+0000] {logging_mixin.py:115} INFO - {'_index': 'milestone3', '_type': '_doc', '_id': 'KVAcJJIB9Ge4CN5SET-w', '_version': 1, 'result': 'created', '_shards': {'total': 2, 'successful': 1, 'failed': 0}, '_seq_no': 676, '_primary_term': 1}
[2024-09-24T12:57:52.309+0000] {base.py:271} INFO - POST http://elasticsearch:9200/milestone3/_doc [status:201 request:0.002s]
[2024-09-24T12:57:52.309+0000] {logging_mixin.py:115} INFO - {'_index': 'milestone3', '_type': '_doc', '_id': 'KlAcJJIB9Ge4CN5SET-z', '_version': 1, 'result': 'created', '_shards': {'total': 2, 'successful': 1, 'failed': 0}, '_seq_no': 677, '_primary_term': 1}
[2024-09-24T12:57:52.313+0000] {base.py:271} INFO - POST http://elasticsearch:9200/milestone3/_doc [status:201 request:0.004s]
[2024-09-24T12:57:52.313+0000] {logging_mixin.py:115} INFO - {'_index': 'milestone3', '_type': '_doc', '_id': 'K1AcJJIB9Ge4CN5SET-2', '_version': 1, 'result': 'created', '_shards': {'total': 2, 'successful': 1, 'failed': 0}, '_seq_no': 678, '_primary_term': 1}
[2024-09-24T12:57:52.316+0000] {base.py:271} INFO - POST http://elasticsearch:9200/milestone3/_doc [status:201 request:0.002s]
[2024-09-24T12:57:52.316+0000] {logging_mixin.py:115} INFO - {'_index': 'milestone3', '_type': '_doc', '_id': 'LFAcJJIB9Ge4CN5SET-6', '_version': 1, 'result': 'created', '_shards': {'total': 2, 'successful': 1, 'failed': 0}, '_seq_no': 679, '_primary_term': 1}
[2024-09-24T12:57:52.318+0000] {base.py:271} INFO - POST http://elasticsearch:9200/milestone3/_doc [status:201 request:0.002s]
[2024-09-24T12:57:52.318+0000] {logging_mixin.py:115} INFO - {'_index': 'milestone3', '_type': '_doc', '_id': 'LVAcJJIB9Ge4CN5SET-9', '_version': 1, 'result': 'created', '_shards': {'total': 2, 'successful': 1, 'failed': 0}, '_seq_no': 680, '_primary_term': 1}
[2024-09-24T12:57:52.321+0000] {base.py:271} INFO - POST http://elasticsearch:9200/milestone3/_doc [status:201 request:0.002s]
[2024-09-24T12:57:52.321+0000] {logging_mixin.py:115} INFO - {'_index': 'milestone3', '_type': '_doc', '_id': 'LlAcJJIB9Ge4CN5SET-_', '_version': 1, 'result': 'created', '_shards': {'total': 2, 'successful': 1, 'failed': 0}, '_seq_no': 681, '_primary_term': 1}
[2024-09-24T12:57:52.323+0000] {base.py:271} INFO - POST http://elasticsearch:9200/milestone3/_doc [status:201 request:0.002s]
[2024-09-24T12:57:52.324+0000] {logging_mixin.py:115} INFO - {'_index': 'milestone3', '_type': '_doc', '_id': 'L1AcJJIB9Ge4CN5SET_C', '_version': 1, 'result': 'created', '_shards': {'total': 2, 'successful': 1, 'failed': 0}, '_seq_no': 682, '_primary_term': 1}
[2024-09-24T12:57:52.326+0000] {base.py:271} INFO - POST http://elasticsearch:9200/milestone3/_doc [status:201 request:0.002s]
[2024-09-24T12:57:52.326+0000] {logging_mixin.py:115} INFO - {'_index': 'milestone3', '_type': '_doc', '_id': 'MFAcJJIB9Ge4CN5SET_E', '_version': 1, 'result': 'created', '_shards': {'total': 2, 'successful': 1, 'failed': 0}, '_seq_no': 683, '_primary_term': 1}
[2024-09-24T12:57:52.328+0000] {base.py:271} INFO - POST http://elasticsearch:9200/milestone3/_doc [status:201 request:0.002s]
[2024-09-24T12:57:52.328+0000] {logging_mixin.py:115} INFO - {'_index': 'milestone3', '_type': '_doc', '_id': 'MVAcJJIB9Ge4CN5SET_H', '_version': 1, 'result': 'created', '_shards': {'total': 2, 'successful': 1, 'failed': 0}, '_seq_no': 684, '_primary_term': 1}
[2024-09-24T12:57:52.331+0000] {base.py:271} INFO - POST http://elasticsearch:9200/milestone3/_doc [status:201 request:0.002s]
[2024-09-24T12:57:52.331+0000] {logging_mixin.py:115} INFO - {'_index': 'milestone3', '_type': '_doc', '_id': 'MlAcJJIB9Ge4CN5SET_J', '_version': 1, 'result': 'created', '_shards': {'total': 2, 'successful': 1, 'failed': 0}, '_seq_no': 685, '_primary_term': 1}
[2024-09-24T12:57:52.333+0000] {base.py:271} INFO - POST http://elasticsearch:9200/milestone3/_doc [status:201 request:0.002s]
[2024-09-24T12:57:52.333+0000] {logging_mixin.py:115} INFO - {'_index': 'milestone3', '_type': '_doc', '_id': 'M1AcJJIB9Ge4CN5SET_M', '_version': 1, 'result': 'created', '_shards': {'total': 2, 'successful': 1, 'failed': 0}, '_seq_no': 686, '_primary_term': 1}
[2024-09-24T12:57:52.335+0000] {base.py:271} INFO - POST http://elasticsearch:9200/milestone3/_doc [status:201 request:0.002s]
[2024-09-24T12:57:52.336+0000] {logging_mixin.py:115} INFO - {'_index': 'milestone3', '_type': '_doc', '_id': 'NFAcJJIB9Ge4CN5SET_O', '_version': 1, 'result': 'created', '_shards': {'total': 2, 'successful': 1, 'failed': 0}, '_seq_no': 687, '_primary_term': 1}
[2024-09-24T12:57:52.338+0000] {base.py:271} INFO - POST http://elasticsearch:9200/milestone3/_doc [status:201 request:0.002s]
[2024-09-24T12:57:52.338+0000] {logging_mixin.py:115} INFO - {'_index': 'milestone3', '_type': '_doc', '_id': 'NVAcJJIB9Ge4CN5SET_Q', '_version': 1, 'result': 'created', '_shards': {'total': 2, 'successful': 1, 'failed': 0}, '_seq_no': 688, '_primary_term': 1}
[2024-09-24T12:57:52.340+0000] {base.py:271} INFO - POST http://elasticsearch:9200/milestone3/_doc [status:201 request:0.002s]
[2024-09-24T12:57:52.341+0000] {logging_mixin.py:115} INFO - {'_index': 'milestone3', '_type': '_doc', '_id': 'NlAcJJIB9Ge4CN5SET_T', '_version': 1, 'result': 'created', '_shards': {'total': 2, 'successful': 1, 'failed': 0}, '_seq_no': 689, '_primary_term': 1}
[2024-09-24T12:57:52.343+0000] {base.py:271} INFO - POST http://elasticsearch:9200/milestone3/_doc [status:201 request:0.002s]
[2024-09-24T12:57:52.343+0000] {logging_mixin.py:115} INFO - {'_index': 'milestone3', '_type': '_doc', '_id': 'N1AcJJIB9Ge4CN5SET_V', '_version': 1, 'result': 'created', '_shards': {'total': 2, 'successful': 1, 'failed': 0}, '_seq_no': 690, '_primary_term': 1}
[2024-09-24T12:57:52.345+0000] {base.py:271} INFO - POST http://elasticsearch:9200/milestone3/_doc [status:201 request:0.002s]
[2024-09-24T12:57:52.346+0000] {logging_mixin.py:115} INFO - {'_index': 'milestone3', '_type': '_doc', '_id': 'OFAcJJIB9Ge4CN5SET_Y', '_version': 1, 'result': 'created', '_shards': {'total': 2, 'successful': 1, 'failed': 0}, '_seq_no': 691, '_primary_term': 1}
[2024-09-24T12:57:52.349+0000] {base.py:271} INFO - POST http://elasticsearch:9200/milestone3/_doc [status:201 request:0.003s]
[2024-09-24T12:57:52.349+0000] {logging_mixin.py:115} INFO - {'_index': 'milestone3', '_type': '_doc', '_id': 'OVAcJJIB9Ge4CN5SET_b', '_version': 1, 'result': 'created', '_shards': {'total': 2, 'successful': 1, 'failed': 0}, '_seq_no': 692, '_primary_term': 1}
[2024-09-24T12:57:52.352+0000] {base.py:271} INFO - POST http://elasticsearch:9200/milestone3/_doc [status:201 request:0.002s]
[2024-09-24T12:57:52.352+0000] {logging_mixin.py:115} INFO - {'_index': 'milestone3', '_type': '_doc', '_id': 'OlAcJJIB9Ge4CN5SET_e', '_version': 1, 'result': 'created', '_shards': {'total': 2, 'successful': 1, 'failed': 0}, '_seq_no': 693, '_primary_term': 1}
[2024-09-24T12:57:52.355+0000] {base.py:271} INFO - POST http://elasticsearch:9200/milestone3/_doc [status:201 request:0.003s]
[2024-09-24T12:57:52.355+0000] {logging_mixin.py:115} INFO - {'_index': 'milestone3', '_type': '_doc', '_id': 'O1AcJJIB9Ge4CN5SET_g', '_version': 1, 'result': 'created', '_shards': {'total': 2, 'successful': 1, 'failed': 0}, '_seq_no': 694, '_primary_term': 1}
[2024-09-24T12:57:52.359+0000] {base.py:271} INFO - POST http://elasticsearch:9200/milestone3/_doc [status:201 request:0.003s]
[2024-09-24T12:57:52.359+0000] {logging_mixin.py:115} INFO - {'_index': 'milestone3', '_type': '_doc', '_id': 'PFAcJJIB9Ge4CN5SET_k', '_version': 1, 'result': 'created', '_shards': {'total': 2, 'successful': 1, 'failed': 0}, '_seq_no': 695, '_primary_term': 1}
[2024-09-24T12:57:52.362+0000] {base.py:271} INFO - POST http://elasticsearch:9200/milestone3/_doc [status:201 request:0.002s]
[2024-09-24T12:57:52.362+0000] {logging_mixin.py:115} INFO - {'_index': 'milestone3', '_type': '_doc', '_id': 'PVAcJJIB9Ge4CN5SET_o', '_version': 1, 'result': 'created', '_shards': {'total': 2, 'successful': 1, 'failed': 0}, '_seq_no': 696, '_primary_term': 1}
[2024-09-24T12:57:52.364+0000] {base.py:271} INFO - POST http://elasticsearch:9200/milestone3/_doc [status:201 request:0.001s]
[2024-09-24T12:57:52.364+0000] {logging_mixin.py:115} INFO - {'_index': 'milestone3', '_type': '_doc', '_id': 'PlAcJJIB9Ge4CN5SET_q', '_version': 1, 'result': 'created', '_shards': {'total': 2, 'successful': 1, 'failed': 0}, '_seq_no': 697, '_primary_term': 1}
[2024-09-24T12:57:52.365+0000] {base.py:271} INFO - POST http://elasticsearch:9200/milestone3/_doc [status:201 request:0.001s]
[2024-09-24T12:57:52.365+0000] {logging_mixin.py:115} INFO - {'_index': 'milestone3', '_type': '_doc', '_id': 'P1AcJJIB9Ge4CN5SET_s', '_version': 1, 'result': 'created', '_shards': {'total': 2, 'successful': 1, 'failed': 0}, '_seq_no': 698, '_primary_term': 1}
[2024-09-24T12:57:52.367+0000] {base.py:271} INFO - POST http://elasticsearch:9200/milestone3/_doc [status:201 request:0.002s]
[2024-09-24T12:57:52.367+0000] {logging_mixin.py:115} INFO - {'_index': 'milestone3', '_type': '_doc', '_id': 'QFAcJJIB9Ge4CN5SET_u', '_version': 1, 'result': 'created', '_shards': {'total': 2, 'successful': 1, 'failed': 0}, '_seq_no': 699, '_primary_term': 1}
[2024-09-24T12:57:52.369+0000] {base.py:271} INFO - POST http://elasticsearch:9200/milestone3/_doc [status:201 request:0.001s]
[2024-09-24T12:57:52.369+0000] {logging_mixin.py:115} INFO - {'_index': 'milestone3', '_type': '_doc', '_id': 'QVAcJJIB9Ge4CN5SET_w', '_version': 1, 'result': 'created', '_shards': {'total': 2, 'successful': 1, 'failed': 0}, '_seq_no': 700, '_primary_term': 1}
[2024-09-24T12:57:52.371+0000] {base.py:271} INFO - POST http://elasticsearch:9200/milestone3/_doc [status:201 request:0.001s]
[2024-09-24T12:57:52.371+0000] {logging_mixin.py:115} INFO - {'_index': 'milestone3', '_type': '_doc', '_id': 'QlAcJJIB9Ge4CN5SET_y', '_version': 1, 'result': 'created', '_shards': {'total': 2, 'successful': 1, 'failed': 0}, '_seq_no': 701, '_primary_term': 1}
[2024-09-24T12:57:52.373+0000] {base.py:271} INFO - POST http://elasticsearch:9200/milestone3/_doc [status:201 request:0.001s]
[2024-09-24T12:57:52.373+0000] {logging_mixin.py:115} INFO - {'_index': 'milestone3', '_type': '_doc', '_id': 'Q1AcJJIB9Ge4CN5SET_0', '_version': 1, 'result': 'created', '_shards': {'total': 2, 'successful': 1, 'failed': 0}, '_seq_no': 702, '_primary_term': 1}
[2024-09-24T12:57:52.374+0000] {base.py:271} INFO - POST http://elasticsearch:9200/milestone3/_doc [status:201 request:0.001s]
[2024-09-24T12:57:52.375+0000] {logging_mixin.py:115} INFO - {'_index': 'milestone3', '_type': '_doc', '_id': 'RFAcJJIB9Ge4CN5SET_1', '_version': 1, 'result': 'created', '_shards': {'total': 2, 'successful': 1, 'failed': 0}, '_seq_no': 703, '_primary_term': 1}
[2024-09-24T12:57:52.376+0000] {base.py:271} INFO - POST http://elasticsearch:9200/milestone3/_doc [status:201 request:0.002s]
[2024-09-24T12:57:52.377+0000] {logging_mixin.py:115} INFO - {'_index': 'milestone3', '_type': '_doc', '_id': 'RVAcJJIB9Ge4CN5SET_3', '_version': 1, 'result': 'created', '_shards': {'total': 2, 'successful': 1, 'failed': 0}, '_seq_no': 704, '_primary_term': 1}
[2024-09-24T12:57:52.378+0000] {base.py:271} INFO - POST http://elasticsearch:9200/milestone3/_doc [status:201 request:0.001s]
[2024-09-24T12:57:52.378+0000] {logging_mixin.py:115} INFO - {'_index': 'milestone3', '_type': '_doc', '_id': 'RlAcJJIB9Ge4CN5SET_5', '_version': 1, 'result': 'created', '_shards': {'total': 2, 'successful': 1, 'failed': 0}, '_seq_no': 705, '_primary_term': 1}
[2024-09-24T12:57:52.380+0000] {base.py:271} INFO - POST http://elasticsearch:9200/milestone3/_doc [status:201 request:0.001s]
[2024-09-24T12:57:52.380+0000] {logging_mixin.py:115} INFO - {'_index': 'milestone3', '_type': '_doc', '_id': 'R1AcJJIB9Ge4CN5SET_7', '_version': 1, 'result': 'created', '_shards': {'total': 2, 'successful': 1, 'failed': 0}, '_seq_no': 706, '_primary_term': 1}
[2024-09-24T12:57:52.382+0000] {base.py:271} INFO - POST http://elasticsearch:9200/milestone3/_doc [status:201 request:0.002s]
[2024-09-24T12:57:52.382+0000] {logging_mixin.py:115} INFO - {'_index': 'milestone3', '_type': '_doc', '_id': 'SFAcJJIB9Ge4CN5SET_8', '_version': 1, 'result': 'created', '_shards': {'total': 2, 'successful': 1, 'failed': 0}, '_seq_no': 707, '_primary_term': 1}
[2024-09-24T12:57:52.384+0000] {base.py:271} INFO - POST http://elasticsearch:9200/milestone3/_doc [status:201 request:0.002s]
[2024-09-24T12:57:52.384+0000] {logging_mixin.py:115} INFO - {'_index': 'milestone3', '_type': '_doc', '_id': 'SVAcJJIB9Ge4CN5SET_-', '_version': 1, 'result': 'created', '_shards': {'total': 2, 'successful': 1, 'failed': 0}, '_seq_no': 708, '_primary_term': 1}
[2024-09-24T12:57:52.386+0000] {base.py:271} INFO - POST http://elasticsearch:9200/milestone3/_doc [status:201 request:0.002s]
[2024-09-24T12:57:52.386+0000] {logging_mixin.py:115} INFO - {'_index': 'milestone3', '_type': '_doc', '_id': 'SlAcJJIB9Ge4CN5SEj8A', '_version': 1, 'result': 'created', '_shards': {'total': 2, 'successful': 1, 'failed': 0}, '_seq_no': 709, '_primary_term': 1}
[2024-09-24T12:57:52.387+0000] {base.py:271} INFO - POST http://elasticsearch:9200/milestone3/_doc [status:201 request:0.002s]
[2024-09-24T12:57:52.388+0000] {logging_mixin.py:115} INFO - {'_index': 'milestone3', '_type': '_doc', '_id': 'S1AcJJIB9Ge4CN5SEj8C', '_version': 1, 'result': 'created', '_shards': {'total': 2, 'successful': 1, 'failed': 0}, '_seq_no': 710, '_primary_term': 1}
[2024-09-24T12:57:52.389+0000] {base.py:271} INFO - POST http://elasticsearch:9200/milestone3/_doc [status:201 request:0.001s]
[2024-09-24T12:57:52.389+0000] {logging_mixin.py:115} INFO - {'_index': 'milestone3', '_type': '_doc', '_id': 'TFAcJJIB9Ge4CN5SEj8E', '_version': 1, 'result': 'created', '_shards': {'total': 2, 'successful': 1, 'failed': 0}, '_seq_no': 711, '_primary_term': 1}
[2024-09-24T12:57:52.391+0000] {base.py:271} INFO - POST http://elasticsearch:9200/milestone3/_doc [status:201 request:0.002s]
[2024-09-24T12:57:52.392+0000] {logging_mixin.py:115} INFO - {'_index': 'milestone3', '_type': '_doc', '_id': 'TVAcJJIB9Ge4CN5SEj8G', '_version': 1, 'result': 'created', '_shards': {'total': 2, 'successful': 1, 'failed': 0}, '_seq_no': 712, '_primary_term': 1}
[2024-09-24T12:57:52.394+0000] {base.py:271} INFO - POST http://elasticsearch:9200/milestone3/_doc [status:201 request:0.002s]
[2024-09-24T12:57:52.395+0000] {logging_mixin.py:115} INFO - {'_index': 'milestone3', '_type': '_doc', '_id': 'TlAcJJIB9Ge4CN5SEj8J', '_version': 1, 'result': 'created', '_shards': {'total': 2, 'successful': 1, 'failed': 0}, '_seq_no': 713, '_primary_term': 1}
[2024-09-24T12:57:52.398+0000] {base.py:271} INFO - POST http://elasticsearch:9200/milestone3/_doc [status:201 request:0.003s]
[2024-09-24T12:57:52.398+0000] {logging_mixin.py:115} INFO - {'_index': 'milestone3', '_type': '_doc', '_id': 'T1AcJJIB9Ge4CN5SEj8L', '_version': 1, 'result': 'created', '_shards': {'total': 2, 'successful': 1, 'failed': 0}, '_seq_no': 714, '_primary_term': 1}
[2024-09-24T12:57:52.401+0000] {base.py:271} INFO - POST http://elasticsearch:9200/milestone3/_doc [status:201 request:0.003s]
[2024-09-24T12:57:52.402+0000] {logging_mixin.py:115} INFO - {'_index': 'milestone3', '_type': '_doc', '_id': 'UFAcJJIB9Ge4CN5SEj8P', '_version': 1, 'result': 'created', '_shards': {'total': 2, 'successful': 1, 'failed': 0}, '_seq_no': 715, '_primary_term': 1}
[2024-09-24T12:57:52.405+0000] {base.py:271} INFO - POST http://elasticsearch:9200/milestone3/_doc [status:201 request:0.002s]
[2024-09-24T12:57:52.405+0000] {logging_mixin.py:115} INFO - {'_index': 'milestone3', '_type': '_doc', '_id': 'UVAcJJIB9Ge4CN5SEj8T', '_version': 1, 'result': 'created', '_shards': {'total': 2, 'successful': 1, 'failed': 0}, '_seq_no': 716, '_primary_term': 1}
[2024-09-24T12:57:52.407+0000] {base.py:271} INFO - POST http://elasticsearch:9200/milestone3/_doc [status:201 request:0.002s]
[2024-09-24T12:57:52.407+0000] {logging_mixin.py:115} INFO - {'_index': 'milestone3', '_type': '_doc', '_id': 'UlAcJJIB9Ge4CN5SEj8W', '_version': 1, 'result': 'created', '_shards': {'total': 2, 'successful': 1, 'failed': 0}, '_seq_no': 717, '_primary_term': 1}
[2024-09-24T12:57:52.409+0000] {base.py:271} INFO - POST http://elasticsearch:9200/milestone3/_doc [status:201 request:0.001s]
[2024-09-24T12:57:52.409+0000] {logging_mixin.py:115} INFO - {'_index': 'milestone3', '_type': '_doc', '_id': 'U1AcJJIB9Ge4CN5SEj8Y', '_version': 1, 'result': 'created', '_shards': {'total': 2, 'successful': 1, 'failed': 0}, '_seq_no': 718, '_primary_term': 1}
[2024-09-24T12:57:52.411+0000] {base.py:271} INFO - POST http://elasticsearch:9200/milestone3/_doc [status:201 request:0.002s]
[2024-09-24T12:57:52.411+0000] {logging_mixin.py:115} INFO - {'_index': 'milestone3', '_type': '_doc', '_id': 'VFAcJJIB9Ge4CN5SEj8a', '_version': 1, 'result': 'created', '_shards': {'total': 2, 'successful': 1, 'failed': 0}, '_seq_no': 719, '_primary_term': 1}
[2024-09-24T12:57:52.413+0000] {base.py:271} INFO - POST http://elasticsearch:9200/milestone3/_doc [status:201 request:0.002s]
[2024-09-24T12:57:52.413+0000] {logging_mixin.py:115} INFO - {'_index': 'milestone3', '_type': '_doc', '_id': 'VVAcJJIB9Ge4CN5SEj8c', '_version': 1, 'result': 'created', '_shards': {'total': 2, 'successful': 1, 'failed': 0}, '_seq_no': 720, '_primary_term': 1}
[2024-09-24T12:57:52.415+0000] {base.py:271} INFO - POST http://elasticsearch:9200/milestone3/_doc [status:201 request:0.001s]
[2024-09-24T12:57:52.415+0000] {logging_mixin.py:115} INFO - {'_index': 'milestone3', '_type': '_doc', '_id': 'VlAcJJIB9Ge4CN5SEj8e', '_version': 1, 'result': 'created', '_shards': {'total': 2, 'successful': 1, 'failed': 0}, '_seq_no': 721, '_primary_term': 1}
[2024-09-24T12:57:52.417+0000] {base.py:271} INFO - POST http://elasticsearch:9200/milestone3/_doc [status:201 request:0.001s]
[2024-09-24T12:57:52.417+0000] {logging_mixin.py:115} INFO - {'_index': 'milestone3', '_type': '_doc', '_id': 'V1AcJJIB9Ge4CN5SEj8f', '_version': 1, 'result': 'created', '_shards': {'total': 2, 'successful': 1, 'failed': 0}, '_seq_no': 722, '_primary_term': 1}
[2024-09-24T12:57:52.418+0000] {base.py:271} INFO - POST http://elasticsearch:9200/milestone3/_doc [status:201 request:0.001s]
[2024-09-24T12:57:52.418+0000] {logging_mixin.py:115} INFO - {'_index': 'milestone3', '_type': '_doc', '_id': 'WFAcJJIB9Ge4CN5SEj8h', '_version': 1, 'result': 'created', '_shards': {'total': 2, 'successful': 1, 'failed': 0}, '_seq_no': 723, '_primary_term': 1}
[2024-09-24T12:57:52.420+0000] {base.py:271} INFO - POST http://elasticsearch:9200/milestone3/_doc [status:201 request:0.002s]
[2024-09-24T12:57:52.420+0000] {logging_mixin.py:115} INFO - {'_index': 'milestone3', '_type': '_doc', '_id': 'WVAcJJIB9Ge4CN5SEj8j', '_version': 1, 'result': 'created', '_shards': {'total': 2, 'successful': 1, 'failed': 0}, '_seq_no': 724, '_primary_term': 1}
[2024-09-24T12:57:52.422+0000] {base.py:271} INFO - POST http://elasticsearch:9200/milestone3/_doc [status:201 request:0.002s]
[2024-09-24T12:57:52.422+0000] {logging_mixin.py:115} INFO - {'_index': 'milestone3', '_type': '_doc', '_id': 'WlAcJJIB9Ge4CN5SEj8l', '_version': 1, 'result': 'created', '_shards': {'total': 2, 'successful': 1, 'failed': 0}, '_seq_no': 725, '_primary_term': 1}
[2024-09-24T12:57:52.424+0000] {base.py:271} INFO - POST http://elasticsearch:9200/milestone3/_doc [status:201 request:0.001s]
[2024-09-24T12:57:52.424+0000] {logging_mixin.py:115} INFO - {'_index': 'milestone3', '_type': '_doc', '_id': 'W1AcJJIB9Ge4CN5SEj8n', '_version': 1, 'result': 'created', '_shards': {'total': 2, 'successful': 1, 'failed': 0}, '_seq_no': 726, '_primary_term': 1}
[2024-09-24T12:57:52.427+0000] {base.py:271} INFO - POST http://elasticsearch:9200/milestone3/_doc [status:201 request:0.002s]
[2024-09-24T12:57:52.427+0000] {logging_mixin.py:115} INFO - {'_index': 'milestone3', '_type': '_doc', '_id': 'XFAcJJIB9Ge4CN5SEj8p', '_version': 1, 'result': 'created', '_shards': {'total': 2, 'successful': 1, 'failed': 0}, '_seq_no': 727, '_primary_term': 1}
[2024-09-24T12:57:52.429+0000] {base.py:271} INFO - POST http://elasticsearch:9200/milestone3/_doc [status:201 request:0.001s]
[2024-09-24T12:57:52.429+0000] {logging_mixin.py:115} INFO - {'_index': 'milestone3', '_type': '_doc', '_id': 'XVAcJJIB9Ge4CN5SEj8r', '_version': 1, 'result': 'created', '_shards': {'total': 2, 'successful': 1, 'failed': 0}, '_seq_no': 728, '_primary_term': 1}
[2024-09-24T12:57:52.430+0000] {base.py:271} INFO - POST http://elasticsearch:9200/milestone3/_doc [status:201 request:0.001s]
[2024-09-24T12:57:52.430+0000] {logging_mixin.py:115} INFO - {'_index': 'milestone3', '_type': '_doc', '_id': 'XlAcJJIB9Ge4CN5SEj8t', '_version': 1, 'result': 'created', '_shards': {'total': 2, 'successful': 1, 'failed': 0}, '_seq_no': 729, '_primary_term': 1}
[2024-09-24T12:57:52.432+0000] {base.py:271} INFO - POST http://elasticsearch:9200/milestone3/_doc [status:201 request:0.001s]
[2024-09-24T12:57:52.432+0000] {logging_mixin.py:115} INFO - {'_index': 'milestone3', '_type': '_doc', '_id': 'X1AcJJIB9Ge4CN5SEj8v', '_version': 1, 'result': 'created', '_shards': {'total': 2, 'successful': 1, 'failed': 0}, '_seq_no': 730, '_primary_term': 1}
[2024-09-24T12:57:52.433+0000] {base.py:271} INFO - POST http://elasticsearch:9200/milestone3/_doc [status:201 request:0.001s]
[2024-09-24T12:57:52.434+0000] {logging_mixin.py:115} INFO - {'_index': 'milestone3', '_type': '_doc', '_id': 'YFAcJJIB9Ge4CN5SEj8w', '_version': 1, 'result': 'created', '_shards': {'total': 2, 'successful': 1, 'failed': 0}, '_seq_no': 731, '_primary_term': 1}
[2024-09-24T12:57:52.436+0000] {base.py:271} INFO - POST http://elasticsearch:9200/milestone3/_doc [status:201 request:0.002s]
[2024-09-24T12:57:52.436+0000] {logging_mixin.py:115} INFO - {'_index': 'milestone3', '_type': '_doc', '_id': 'YVAcJJIB9Ge4CN5SEj8y', '_version': 1, 'result': 'created', '_shards': {'total': 2, 'successful': 1, 'failed': 0}, '_seq_no': 732, '_primary_term': 1}
[2024-09-24T12:57:52.438+0000] {base.py:271} INFO - POST http://elasticsearch:9200/milestone3/_doc [status:201 request:0.001s]
[2024-09-24T12:57:52.438+0000] {logging_mixin.py:115} INFO - {'_index': 'milestone3', '_type': '_doc', '_id': 'YlAcJJIB9Ge4CN5SEj81', '_version': 1, 'result': 'created', '_shards': {'total': 2, 'successful': 1, 'failed': 0}, '_seq_no': 733, '_primary_term': 1}
[2024-09-24T12:57:52.439+0000] {base.py:271} INFO - POST http://elasticsearch:9200/milestone3/_doc [status:201 request:0.001s]
[2024-09-24T12:57:52.440+0000] {logging_mixin.py:115} INFO - {'_index': 'milestone3', '_type': '_doc', '_id': 'Y1AcJJIB9Ge4CN5SEj82', '_version': 1, 'result': 'created', '_shards': {'total': 2, 'successful': 1, 'failed': 0}, '_seq_no': 734, '_primary_term': 1}
[2024-09-24T12:57:52.442+0000] {base.py:271} INFO - POST http://elasticsearch:9200/milestone3/_doc [status:201 request:0.002s]
[2024-09-24T12:57:52.442+0000] {logging_mixin.py:115} INFO - {'_index': 'milestone3', '_type': '_doc', '_id': 'ZFAcJJIB9Ge4CN5SEj84', '_version': 1, 'result': 'created', '_shards': {'total': 2, 'successful': 1, 'failed': 0}, '_seq_no': 735, '_primary_term': 1}
[2024-09-24T12:57:52.443+0000] {base.py:271} INFO - POST http://elasticsearch:9200/milestone3/_doc [status:201 request:0.001s]
[2024-09-24T12:57:52.444+0000] {logging_mixin.py:115} INFO - {'_index': 'milestone3', '_type': '_doc', '_id': 'ZVAcJJIB9Ge4CN5SEj86', '_version': 1, 'result': 'created', '_shards': {'total': 2, 'successful': 1, 'failed': 0}, '_seq_no': 736, '_primary_term': 1}
[2024-09-24T12:57:52.445+0000] {base.py:271} INFO - POST http://elasticsearch:9200/milestone3/_doc [status:201 request:0.001s]
[2024-09-24T12:57:52.445+0000] {logging_mixin.py:115} INFO - {'_index': 'milestone3', '_type': '_doc', '_id': 'ZlAcJJIB9Ge4CN5SEj88', '_version': 1, 'result': 'created', '_shards': {'total': 2, 'successful': 1, 'failed': 0}, '_seq_no': 737, '_primary_term': 1}
[2024-09-24T12:57:52.447+0000] {base.py:271} INFO - POST http://elasticsearch:9200/milestone3/_doc [status:201 request:0.001s]
[2024-09-24T12:57:52.447+0000] {logging_mixin.py:115} INFO - {'_index': 'milestone3', '_type': '_doc', '_id': 'Z1AcJJIB9Ge4CN5SEj8-', '_version': 1, 'result': 'created', '_shards': {'total': 2, 'successful': 1, 'failed': 0}, '_seq_no': 738, '_primary_term': 1}
[2024-09-24T12:57:52.448+0000] {base.py:271} INFO - POST http://elasticsearch:9200/milestone3/_doc [status:201 request:0.001s]
[2024-09-24T12:57:52.448+0000] {logging_mixin.py:115} INFO - {'_index': 'milestone3', '_type': '_doc', '_id': 'aFAcJJIB9Ge4CN5SEj8_', '_version': 1, 'result': 'created', '_shards': {'total': 2, 'successful': 1, 'failed': 0}, '_seq_no': 739, '_primary_term': 1}
[2024-09-24T12:57:52.450+0000] {base.py:271} INFO - POST http://elasticsearch:9200/milestone3/_doc [status:201 request:0.001s]
[2024-09-24T12:57:52.450+0000] {logging_mixin.py:115} INFO - {'_index': 'milestone3', '_type': '_doc', '_id': 'aVAcJJIB9Ge4CN5SEj9B', '_version': 1, 'result': 'created', '_shards': {'total': 2, 'successful': 1, 'failed': 0}, '_seq_no': 740, '_primary_term': 1}
[2024-09-24T12:57:52.451+0000] {base.py:271} INFO - POST http://elasticsearch:9200/milestone3/_doc [status:201 request:0.001s]
[2024-09-24T12:57:52.452+0000] {logging_mixin.py:115} INFO - {'_index': 'milestone3', '_type': '_doc', '_id': 'alAcJJIB9Ge4CN5SEj9C', '_version': 1, 'result': 'created', '_shards': {'total': 2, 'successful': 1, 'failed': 0}, '_seq_no': 741, '_primary_term': 1}
[2024-09-24T12:57:52.453+0000] {base.py:271} INFO - POST http://elasticsearch:9200/milestone3/_doc [status:201 request:0.001s]
[2024-09-24T12:57:52.453+0000] {logging_mixin.py:115} INFO - {'_index': 'milestone3', '_type': '_doc', '_id': 'a1AcJJIB9Ge4CN5SEj9E', '_version': 1, 'result': 'created', '_shards': {'total': 2, 'successful': 1, 'failed': 0}, '_seq_no': 742, '_primary_term': 1}
[2024-09-24T12:57:52.455+0000] {base.py:271} INFO - POST http://elasticsearch:9200/milestone3/_doc [status:201 request:0.002s]
[2024-09-24T12:57:52.456+0000] {logging_mixin.py:115} INFO - {'_index': 'milestone3', '_type': '_doc', '_id': 'bFAcJJIB9Ge4CN5SEj9G', '_version': 1, 'result': 'created', '_shards': {'total': 2, 'successful': 1, 'failed': 0}, '_seq_no': 743, '_primary_term': 1}
[2024-09-24T12:57:52.458+0000] {base.py:271} INFO - POST http://elasticsearch:9200/milestone3/_doc [status:201 request:0.002s]
[2024-09-24T12:57:52.458+0000] {logging_mixin.py:115} INFO - {'_index': 'milestone3', '_type': '_doc', '_id': 'bVAcJJIB9Ge4CN5SEj9I', '_version': 1, 'result': 'created', '_shards': {'total': 2, 'successful': 1, 'failed': 0}, '_seq_no': 744, '_primary_term': 1}
[2024-09-24T12:57:52.461+0000] {base.py:271} INFO - POST http://elasticsearch:9200/milestone3/_doc [status:201 request:0.002s]
[2024-09-24T12:57:52.461+0000] {logging_mixin.py:115} INFO - {'_index': 'milestone3', '_type': '_doc', '_id': 'blAcJJIB9Ge4CN5SEj9L', '_version': 1, 'result': 'created', '_shards': {'total': 2, 'successful': 1, 'failed': 0}, '_seq_no': 745, '_primary_term': 1}
[2024-09-24T12:57:52.463+0000] {base.py:271} INFO - POST http://elasticsearch:9200/milestone3/_doc [status:201 request:0.002s]
[2024-09-24T12:57:52.463+0000] {logging_mixin.py:115} INFO - {'_index': 'milestone3', '_type': '_doc', '_id': 'b1AcJJIB9Ge4CN5SEj9O', '_version': 1, 'result': 'created', '_shards': {'total': 2, 'successful': 1, 'failed': 0}, '_seq_no': 746, '_primary_term': 1}
[2024-09-24T12:57:52.465+0000] {base.py:271} INFO - POST http://elasticsearch:9200/milestone3/_doc [status:201 request:0.002s]
[2024-09-24T12:57:52.465+0000] {logging_mixin.py:115} INFO - {'_index': 'milestone3', '_type': '_doc', '_id': 'cFAcJJIB9Ge4CN5SEj9Q', '_version': 1, 'result': 'created', '_shards': {'total': 2, 'successful': 1, 'failed': 0}, '_seq_no': 747, '_primary_term': 1}
[2024-09-24T12:57:52.467+0000] {base.py:271} INFO - POST http://elasticsearch:9200/milestone3/_doc [status:201 request:0.002s]
[2024-09-24T12:57:52.467+0000] {logging_mixin.py:115} INFO - {'_index': 'milestone3', '_type': '_doc', '_id': 'cVAcJJIB9Ge4CN5SEj9S', '_version': 1, 'result': 'created', '_shards': {'total': 2, 'successful': 1, 'failed': 0}, '_seq_no': 748, '_primary_term': 1}
[2024-09-24T12:57:52.469+0000] {base.py:271} INFO - POST http://elasticsearch:9200/milestone3/_doc [status:201 request:0.002s]
[2024-09-24T12:57:52.469+0000] {logging_mixin.py:115} INFO - {'_index': 'milestone3', '_type': '_doc', '_id': 'clAcJJIB9Ge4CN5SEj9U', '_version': 1, 'result': 'created', '_shards': {'total': 2, 'successful': 1, 'failed': 0}, '_seq_no': 749, '_primary_term': 1}
[2024-09-24T12:57:52.471+0000] {base.py:271} INFO - POST http://elasticsearch:9200/milestone3/_doc [status:201 request:0.001s]
[2024-09-24T12:57:52.471+0000] {logging_mixin.py:115} INFO - {'_index': 'milestone3', '_type': '_doc', '_id': 'c1AcJJIB9Ge4CN5SEj9W', '_version': 1, 'result': 'created', '_shards': {'total': 2, 'successful': 1, 'failed': 0}, '_seq_no': 750, '_primary_term': 1}
[2024-09-24T12:57:52.473+0000] {base.py:271} INFO - POST http://elasticsearch:9200/milestone3/_doc [status:201 request:0.002s]
[2024-09-24T12:57:52.473+0000] {logging_mixin.py:115} INFO - {'_index': 'milestone3', '_type': '_doc', '_id': 'dFAcJJIB9Ge4CN5SEj9Y', '_version': 1, 'result': 'created', '_shards': {'total': 2, 'successful': 1, 'failed': 0}, '_seq_no': 751, '_primary_term': 1}
[2024-09-24T12:57:52.475+0000] {base.py:271} INFO - POST http://elasticsearch:9200/milestone3/_doc [status:201 request:0.002s]
[2024-09-24T12:57:52.476+0000] {logging_mixin.py:115} INFO - {'_index': 'milestone3', '_type': '_doc', '_id': 'dVAcJJIB9Ge4CN5SEj9a', '_version': 1, 'result': 'created', '_shards': {'total': 2, 'successful': 1, 'failed': 0}, '_seq_no': 752, '_primary_term': 1}
[2024-09-24T12:57:52.477+0000] {base.py:271} INFO - POST http://elasticsearch:9200/milestone3/_doc [status:201 request:0.002s]
[2024-09-24T12:57:52.478+0000] {logging_mixin.py:115} INFO - {'_index': 'milestone3', '_type': '_doc', '_id': 'dlAcJJIB9Ge4CN5SEj9c', '_version': 1, 'result': 'created', '_shards': {'total': 2, 'successful': 1, 'failed': 0}, '_seq_no': 753, '_primary_term': 1}
[2024-09-24T12:57:52.479+0000] {base.py:271} INFO - POST http://elasticsearch:9200/milestone3/_doc [status:201 request:0.001s]
[2024-09-24T12:57:52.479+0000] {logging_mixin.py:115} INFO - {'_index': 'milestone3', '_type': '_doc', '_id': 'd1AcJJIB9Ge4CN5SEj9e', '_version': 1, 'result': 'created', '_shards': {'total': 2, 'successful': 1, 'failed': 0}, '_seq_no': 754, '_primary_term': 1}
[2024-09-24T12:57:52.481+0000] {base.py:271} INFO - POST http://elasticsearch:9200/milestone3/_doc [status:201 request:0.002s]
[2024-09-24T12:57:52.481+0000] {logging_mixin.py:115} INFO - {'_index': 'milestone3', '_type': '_doc', '_id': 'eFAcJJIB9Ge4CN5SEj9g', '_version': 1, 'result': 'created', '_shards': {'total': 2, 'successful': 1, 'failed': 0}, '_seq_no': 755, '_primary_term': 1}
[2024-09-24T12:57:52.483+0000] {base.py:271} INFO - POST http://elasticsearch:9200/milestone3/_doc [status:201 request:0.001s]
[2024-09-24T12:57:52.483+0000] {logging_mixin.py:115} INFO - {'_index': 'milestone3', '_type': '_doc', '_id': 'eVAcJJIB9Ge4CN5SEj9i', '_version': 1, 'result': 'created', '_shards': {'total': 2, 'successful': 1, 'failed': 0}, '_seq_no': 756, '_primary_term': 1}
[2024-09-24T12:57:52.485+0000] {base.py:271} INFO - POST http://elasticsearch:9200/milestone3/_doc [status:201 request:0.001s]
[2024-09-24T12:57:52.485+0000] {logging_mixin.py:115} INFO - {'_index': 'milestone3', '_type': '_doc', '_id': 'elAcJJIB9Ge4CN5SEj9k', '_version': 1, 'result': 'created', '_shards': {'total': 2, 'successful': 1, 'failed': 0}, '_seq_no': 757, '_primary_term': 1}
[2024-09-24T12:57:52.487+0000] {base.py:271} INFO - POST http://elasticsearch:9200/milestone3/_doc [status:201 request:0.001s]
[2024-09-24T12:57:52.487+0000] {logging_mixin.py:115} INFO - {'_index': 'milestone3', '_type': '_doc', '_id': 'e1AcJJIB9Ge4CN5SEj9l', '_version': 1, 'result': 'created', '_shards': {'total': 2, 'successful': 1, 'failed': 0}, '_seq_no': 758, '_primary_term': 1}
[2024-09-24T12:57:52.488+0000] {base.py:271} INFO - POST http://elasticsearch:9200/milestone3/_doc [status:201 request:0.001s]
[2024-09-24T12:57:52.488+0000] {logging_mixin.py:115} INFO - {'_index': 'milestone3', '_type': '_doc', '_id': 'fFAcJJIB9Ge4CN5SEj9n', '_version': 1, 'result': 'created', '_shards': {'total': 2, 'successful': 1, 'failed': 0}, '_seq_no': 759, '_primary_term': 1}
[2024-09-24T12:57:52.490+0000] {base.py:271} INFO - POST http://elasticsearch:9200/milestone3/_doc [status:201 request:0.001s]
[2024-09-24T12:57:52.490+0000] {logging_mixin.py:115} INFO - {'_index': 'milestone3', '_type': '_doc', '_id': 'fVAcJJIB9Ge4CN5SEj9p', '_version': 1, 'result': 'created', '_shards': {'total': 2, 'successful': 1, 'failed': 0}, '_seq_no': 760, '_primary_term': 1}
[2024-09-24T12:57:52.491+0000] {base.py:271} INFO - POST http://elasticsearch:9200/milestone3/_doc [status:201 request:0.001s]
[2024-09-24T12:57:52.491+0000] {logging_mixin.py:115} INFO - {'_index': 'milestone3', '_type': '_doc', '_id': 'flAcJJIB9Ge4CN5SEj9q', '_version': 1, 'result': 'created', '_shards': {'total': 2, 'successful': 1, 'failed': 0}, '_seq_no': 761, '_primary_term': 1}
[2024-09-24T12:57:52.493+0000] {base.py:271} INFO - POST http://elasticsearch:9200/milestone3/_doc [status:201 request:0.001s]
[2024-09-24T12:57:52.493+0000] {logging_mixin.py:115} INFO - {'_index': 'milestone3', '_type': '_doc', '_id': 'f1AcJJIB9Ge4CN5SEj9s', '_version': 1, 'result': 'created', '_shards': {'total': 2, 'successful': 1, 'failed': 0}, '_seq_no': 762, '_primary_term': 1}
[2024-09-24T12:57:52.495+0000] {base.py:271} INFO - POST http://elasticsearch:9200/milestone3/_doc [status:201 request:0.001s]
[2024-09-24T12:57:52.495+0000] {logging_mixin.py:115} INFO - {'_index': 'milestone3', '_type': '_doc', '_id': 'gFAcJJIB9Ge4CN5SEj9u', '_version': 1, 'result': 'created', '_shards': {'total': 2, 'successful': 1, 'failed': 0}, '_seq_no': 763, '_primary_term': 1}
[2024-09-24T12:57:52.497+0000] {base.py:271} INFO - POST http://elasticsearch:9200/milestone3/_doc [status:201 request:0.002s]
[2024-09-24T12:57:52.497+0000] {logging_mixin.py:115} INFO - {'_index': 'milestone3', '_type': '_doc', '_id': 'gVAcJJIB9Ge4CN5SEj9v', '_version': 1, 'result': 'created', '_shards': {'total': 2, 'successful': 1, 'failed': 0}, '_seq_no': 764, '_primary_term': 1}
[2024-09-24T12:57:52.498+0000] {base.py:271} INFO - POST http://elasticsearch:9200/milestone3/_doc [status:201 request:0.001s]
[2024-09-24T12:57:52.498+0000] {logging_mixin.py:115} INFO - {'_index': 'milestone3', '_type': '_doc', '_id': 'glAcJJIB9Ge4CN5SEj9x', '_version': 1, 'result': 'created', '_shards': {'total': 2, 'successful': 1, 'failed': 0}, '_seq_no': 765, '_primary_term': 1}
[2024-09-24T12:57:52.500+0000] {base.py:271} INFO - POST http://elasticsearch:9200/milestone3/_doc [status:201 request:0.001s]
[2024-09-24T12:57:52.500+0000] {logging_mixin.py:115} INFO - {'_index': 'milestone3', '_type': '_doc', '_id': 'g1AcJJIB9Ge4CN5SEj9z', '_version': 1, 'result': 'created', '_shards': {'total': 2, 'successful': 1, 'failed': 0}, '_seq_no': 766, '_primary_term': 1}
[2024-09-24T12:57:52.501+0000] {base.py:271} INFO - POST http://elasticsearch:9200/milestone3/_doc [status:201 request:0.001s]
[2024-09-24T12:57:52.502+0000] {logging_mixin.py:115} INFO - {'_index': 'milestone3', '_type': '_doc', '_id': 'hFAcJJIB9Ge4CN5SEj90', '_version': 1, 'result': 'created', '_shards': {'total': 2, 'successful': 1, 'failed': 0}, '_seq_no': 767, '_primary_term': 1}
[2024-09-24T12:57:52.503+0000] {base.py:271} INFO - POST http://elasticsearch:9200/milestone3/_doc [status:201 request:0.001s]
[2024-09-24T12:57:52.503+0000] {logging_mixin.py:115} INFO - {'_index': 'milestone3', '_type': '_doc', '_id': 'hVAcJJIB9Ge4CN5SEj92', '_version': 1, 'result': 'created', '_shards': {'total': 2, 'successful': 1, 'failed': 0}, '_seq_no': 768, '_primary_term': 1}
[2024-09-24T12:57:52.505+0000] {base.py:271} INFO - POST http://elasticsearch:9200/milestone3/_doc [status:201 request:0.001s]
[2024-09-24T12:57:52.505+0000] {logging_mixin.py:115} INFO - {'_index': 'milestone3', '_type': '_doc', '_id': 'hlAcJJIB9Ge4CN5SEj94', '_version': 1, 'result': 'created', '_shards': {'total': 2, 'successful': 1, 'failed': 0}, '_seq_no': 769, '_primary_term': 1}
[2024-09-24T12:57:52.506+0000] {base.py:271} INFO - POST http://elasticsearch:9200/milestone3/_doc [status:201 request:0.001s]
[2024-09-24T12:57:52.506+0000] {logging_mixin.py:115} INFO - {'_index': 'milestone3', '_type': '_doc', '_id': 'h1AcJJIB9Ge4CN5SEj95', '_version': 1, 'result': 'created', '_shards': {'total': 2, 'successful': 1, 'failed': 0}, '_seq_no': 770, '_primary_term': 1}
[2024-09-24T12:57:52.508+0000] {base.py:271} INFO - POST http://elasticsearch:9200/milestone3/_doc [status:201 request:0.001s]
[2024-09-24T12:57:52.508+0000] {logging_mixin.py:115} INFO - {'_index': 'milestone3', '_type': '_doc', '_id': 'iFAcJJIB9Ge4CN5SEj97', '_version': 1, 'result': 'created', '_shards': {'total': 2, 'successful': 1, 'failed': 0}, '_seq_no': 771, '_primary_term': 1}
[2024-09-24T12:57:52.509+0000] {base.py:271} INFO - POST http://elasticsearch:9200/milestone3/_doc [status:201 request:0.001s]
[2024-09-24T12:57:52.509+0000] {logging_mixin.py:115} INFO - {'_index': 'milestone3', '_type': '_doc', '_id': 'iVAcJJIB9Ge4CN5SEj98', '_version': 1, 'result': 'created', '_shards': {'total': 2, 'successful': 1, 'failed': 0}, '_seq_no': 772, '_primary_term': 1}
[2024-09-24T12:57:52.511+0000] {base.py:271} INFO - POST http://elasticsearch:9200/milestone3/_doc [status:201 request:0.001s]
[2024-09-24T12:57:52.511+0000] {logging_mixin.py:115} INFO - {'_index': 'milestone3', '_type': '_doc', '_id': 'ilAcJJIB9Ge4CN5SEj9-', '_version': 1, 'result': 'created', '_shards': {'total': 2, 'successful': 1, 'failed': 0}, '_seq_no': 773, '_primary_term': 1}
[2024-09-24T12:57:52.513+0000] {base.py:271} INFO - POST http://elasticsearch:9200/milestone3/_doc [status:201 request:0.001s]
[2024-09-24T12:57:52.513+0000] {logging_mixin.py:115} INFO - {'_index': 'milestone3', '_type': '_doc', '_id': 'i1AcJJIB9Ge4CN5SEj9_', '_version': 1, 'result': 'created', '_shards': {'total': 2, 'successful': 1, 'failed': 0}, '_seq_no': 774, '_primary_term': 1}
[2024-09-24T12:57:52.514+0000] {base.py:271} INFO - POST http://elasticsearch:9200/milestone3/_doc [status:201 request:0.001s]
[2024-09-24T12:57:52.515+0000] {logging_mixin.py:115} INFO - {'_index': 'milestone3', '_type': '_doc', '_id': 'jFAcJJIB9Ge4CN5SEj-B', '_version': 1, 'result': 'created', '_shards': {'total': 2, 'successful': 1, 'failed': 0}, '_seq_no': 775, '_primary_term': 1}
[2024-09-24T12:57:52.516+0000] {base.py:271} INFO - POST http://elasticsearch:9200/milestone3/_doc [status:201 request:0.001s]
[2024-09-24T12:57:52.516+0000] {logging_mixin.py:115} INFO - {'_index': 'milestone3', '_type': '_doc', '_id': 'jVAcJJIB9Ge4CN5SEj-D', '_version': 1, 'result': 'created', '_shards': {'total': 2, 'successful': 1, 'failed': 0}, '_seq_no': 776, '_primary_term': 1}
[2024-09-24T12:57:52.518+0000] {base.py:271} INFO - POST http://elasticsearch:9200/milestone3/_doc [status:201 request:0.002s]
[2024-09-24T12:57:52.518+0000] {logging_mixin.py:115} INFO - {'_index': 'milestone3', '_type': '_doc', '_id': 'jlAcJJIB9Ge4CN5SEj-E', '_version': 1, 'result': 'created', '_shards': {'total': 2, 'successful': 1, 'failed': 0}, '_seq_no': 777, '_primary_term': 1}
[2024-09-24T12:57:52.519+0000] {base.py:271} INFO - POST http://elasticsearch:9200/milestone3/_doc [status:201 request:0.001s]
[2024-09-24T12:57:52.520+0000] {logging_mixin.py:115} INFO - {'_index': 'milestone3', '_type': '_doc', '_id': 'j1AcJJIB9Ge4CN5SEj-G', '_version': 1, 'result': 'created', '_shards': {'total': 2, 'successful': 1, 'failed': 0}, '_seq_no': 778, '_primary_term': 1}
[2024-09-24T12:57:52.521+0000] {base.py:271} INFO - POST http://elasticsearch:9200/milestone3/_doc [status:201 request:0.001s]
[2024-09-24T12:57:52.521+0000] {logging_mixin.py:115} INFO - {'_index': 'milestone3', '_type': '_doc', '_id': 'kFAcJJIB9Ge4CN5SEj-I', '_version': 1, 'result': 'created', '_shards': {'total': 2, 'successful': 1, 'failed': 0}, '_seq_no': 779, '_primary_term': 1}
[2024-09-24T12:57:52.522+0000] {base.py:271} INFO - POST http://elasticsearch:9200/milestone3/_doc [status:201 request:0.001s]
[2024-09-24T12:57:52.522+0000] {logging_mixin.py:115} INFO - {'_index': 'milestone3', '_type': '_doc', '_id': 'kVAcJJIB9Ge4CN5SEj-J', '_version': 1, 'result': 'created', '_shards': {'total': 2, 'successful': 1, 'failed': 0}, '_seq_no': 780, '_primary_term': 1}
[2024-09-24T12:57:52.524+0000] {base.py:271} INFO - POST http://elasticsearch:9200/milestone3/_doc [status:201 request:0.001s]
[2024-09-24T12:57:52.524+0000] {logging_mixin.py:115} INFO - {'_index': 'milestone3', '_type': '_doc', '_id': 'klAcJJIB9Ge4CN5SEj-L', '_version': 1, 'result': 'created', '_shards': {'total': 2, 'successful': 1, 'failed': 0}, '_seq_no': 781, '_primary_term': 1}
[2024-09-24T12:57:52.526+0000] {base.py:271} INFO - POST http://elasticsearch:9200/milestone3/_doc [status:201 request:0.002s]
[2024-09-24T12:57:52.526+0000] {logging_mixin.py:115} INFO - {'_index': 'milestone3', '_type': '_doc', '_id': 'k1AcJJIB9Ge4CN5SEj-N', '_version': 1, 'result': 'created', '_shards': {'total': 2, 'successful': 1, 'failed': 0}, '_seq_no': 782, '_primary_term': 1}
[2024-09-24T12:57:52.528+0000] {base.py:271} INFO - POST http://elasticsearch:9200/milestone3/_doc [status:201 request:0.001s]
[2024-09-24T12:57:52.528+0000] {logging_mixin.py:115} INFO - {'_index': 'milestone3', '_type': '_doc', '_id': 'lFAcJJIB9Ge4CN5SEj-P', '_version': 1, 'result': 'created', '_shards': {'total': 2, 'successful': 1, 'failed': 0}, '_seq_no': 783, '_primary_term': 1}
[2024-09-24T12:57:52.530+0000] {base.py:271} INFO - POST http://elasticsearch:9200/milestone3/_doc [status:201 request:0.002s]
[2024-09-24T12:57:52.530+0000] {logging_mixin.py:115} INFO - {'_index': 'milestone3', '_type': '_doc', '_id': 'lVAcJJIB9Ge4CN5SEj-R', '_version': 1, 'result': 'created', '_shards': {'total': 2, 'successful': 1, 'failed': 0}, '_seq_no': 784, '_primary_term': 1}
[2024-09-24T12:57:52.532+0000] {base.py:271} INFO - POST http://elasticsearch:9200/milestone3/_doc [status:201 request:0.002s]
[2024-09-24T12:57:52.532+0000] {logging_mixin.py:115} INFO - {'_index': 'milestone3', '_type': '_doc', '_id': 'llAcJJIB9Ge4CN5SEj-T', '_version': 1, 'result': 'created', '_shards': {'total': 2, 'successful': 1, 'failed': 0}, '_seq_no': 785, '_primary_term': 1}
[2024-09-24T12:57:52.534+0000] {base.py:271} INFO - POST http://elasticsearch:9200/milestone3/_doc [status:201 request:0.001s]
[2024-09-24T12:57:52.534+0000] {logging_mixin.py:115} INFO - {'_index': 'milestone3', '_type': '_doc', '_id': 'l1AcJJIB9Ge4CN5SEj-V', '_version': 1, 'result': 'created', '_shards': {'total': 2, 'successful': 1, 'failed': 0}, '_seq_no': 786, '_primary_term': 1}
[2024-09-24T12:57:52.536+0000] {base.py:271} INFO - POST http://elasticsearch:9200/milestone3/_doc [status:201 request:0.001s]
[2024-09-24T12:57:52.536+0000] {logging_mixin.py:115} INFO - {'_index': 'milestone3', '_type': '_doc', '_id': 'mFAcJJIB9Ge4CN5SEj-X', '_version': 1, 'result': 'created', '_shards': {'total': 2, 'successful': 1, 'failed': 0}, '_seq_no': 787, '_primary_term': 1}
[2024-09-24T12:57:52.538+0000] {base.py:271} INFO - POST http://elasticsearch:9200/milestone3/_doc [status:201 request:0.002s]
[2024-09-24T12:57:52.538+0000] {logging_mixin.py:115} INFO - {'_index': 'milestone3', '_type': '_doc', '_id': 'mVAcJJIB9Ge4CN5SEj-Y', '_version': 1, 'result': 'created', '_shards': {'total': 2, 'successful': 1, 'failed': 0}, '_seq_no': 788, '_primary_term': 1}
[2024-09-24T12:57:52.540+0000] {base.py:271} INFO - POST http://elasticsearch:9200/milestone3/_doc [status:201 request:0.001s]
[2024-09-24T12:57:52.540+0000] {logging_mixin.py:115} INFO - {'_index': 'milestone3', '_type': '_doc', '_id': 'mlAcJJIB9Ge4CN5SEj-b', '_version': 1, 'result': 'created', '_shards': {'total': 2, 'successful': 1, 'failed': 0}, '_seq_no': 789, '_primary_term': 1}
[2024-09-24T12:57:52.545+0000] {base.py:271} INFO - POST http://elasticsearch:9200/milestone3/_doc [status:201 request:0.005s]
[2024-09-24T12:57:52.545+0000] {logging_mixin.py:115} INFO - {'_index': 'milestone3', '_type': '_doc', '_id': 'm1AcJJIB9Ge4CN5SEj-d', '_version': 1, 'result': 'created', '_shards': {'total': 2, 'successful': 1, 'failed': 0}, '_seq_no': 790, '_primary_term': 1}
[2024-09-24T12:57:52.549+0000] {base.py:271} INFO - POST http://elasticsearch:9200/milestone3/_doc [status:201 request:0.003s]
[2024-09-24T12:57:52.549+0000] {logging_mixin.py:115} INFO - {'_index': 'milestone3', '_type': '_doc', '_id': 'nFAcJJIB9Ge4CN5SEj-i', '_version': 1, 'result': 'created', '_shards': {'total': 2, 'successful': 1, 'failed': 0}, '_seq_no': 791, '_primary_term': 1}
[2024-09-24T12:57:52.552+0000] {base.py:271} INFO - POST http://elasticsearch:9200/milestone3/_doc [status:201 request:0.002s]
[2024-09-24T12:57:52.552+0000] {logging_mixin.py:115} INFO - {'_index': 'milestone3', '_type': '_doc', '_id': 'nVAcJJIB9Ge4CN5SEj-m', '_version': 1, 'result': 'created', '_shards': {'total': 2, 'successful': 1, 'failed': 0}, '_seq_no': 792, '_primary_term': 1}
[2024-09-24T12:57:52.555+0000] {base.py:271} INFO - POST http://elasticsearch:9200/milestone3/_doc [status:201 request:0.002s]
[2024-09-24T12:57:52.555+0000] {logging_mixin.py:115} INFO - {'_index': 'milestone3', '_type': '_doc', '_id': 'nlAcJJIB9Ge4CN5SEj-p', '_version': 1, 'result': 'created', '_shards': {'total': 2, 'successful': 1, 'failed': 0}, '_seq_no': 793, '_primary_term': 1}
[2024-09-24T12:57:52.558+0000] {base.py:271} INFO - POST http://elasticsearch:9200/milestone3/_doc [status:201 request:0.002s]
[2024-09-24T12:57:52.558+0000] {logging_mixin.py:115} INFO - {'_index': 'milestone3', '_type': '_doc', '_id': 'n1AcJJIB9Ge4CN5SEj-s', '_version': 1, 'result': 'created', '_shards': {'total': 2, 'successful': 1, 'failed': 0}, '_seq_no': 794, '_primary_term': 1}
[2024-09-24T12:57:52.562+0000] {base.py:271} INFO - POST http://elasticsearch:9200/milestone3/_doc [status:201 request:0.003s]
[2024-09-24T12:57:52.562+0000] {logging_mixin.py:115} INFO - {'_index': 'milestone3', '_type': '_doc', '_id': 'oFAcJJIB9Ge4CN5SEj-v', '_version': 1, 'result': 'created', '_shards': {'total': 2, 'successful': 1, 'failed': 0}, '_seq_no': 795, '_primary_term': 1}
[2024-09-24T12:57:52.564+0000] {base.py:271} INFO - POST http://elasticsearch:9200/milestone3/_doc [status:201 request:0.002s]
[2024-09-24T12:57:52.564+0000] {logging_mixin.py:115} INFO - {'_index': 'milestone3', '_type': '_doc', '_id': 'oVAcJJIB9Ge4CN5SEj-y', '_version': 1, 'result': 'created', '_shards': {'total': 2, 'successful': 1, 'failed': 0}, '_seq_no': 796, '_primary_term': 1}
[2024-09-24T12:57:52.567+0000] {base.py:271} INFO - POST http://elasticsearch:9200/milestone3/_doc [status:201 request:0.002s]
[2024-09-24T12:57:52.567+0000] {logging_mixin.py:115} INFO - {'_index': 'milestone3', '_type': '_doc', '_id': 'olAcJJIB9Ge4CN5SEj-1', '_version': 1, 'result': 'created', '_shards': {'total': 2, 'successful': 1, 'failed': 0}, '_seq_no': 797, '_primary_term': 1}
[2024-09-24T12:57:52.570+0000] {base.py:271} INFO - POST http://elasticsearch:9200/milestone3/_doc [status:201 request:0.002s]
[2024-09-24T12:57:52.570+0000] {logging_mixin.py:115} INFO - {'_index': 'milestone3', '_type': '_doc', '_id': 'o1AcJJIB9Ge4CN5SEj-4', '_version': 1, 'result': 'created', '_shards': {'total': 2, 'successful': 1, 'failed': 0}, '_seq_no': 798, '_primary_term': 1}
[2024-09-24T12:57:52.573+0000] {base.py:271} INFO - POST http://elasticsearch:9200/milestone3/_doc [status:201 request:0.002s]
[2024-09-24T12:57:52.573+0000] {logging_mixin.py:115} INFO - {'_index': 'milestone3', '_type': '_doc', '_id': 'pFAcJJIB9Ge4CN5SEj-7', '_version': 1, 'result': 'created', '_shards': {'total': 2, 'successful': 1, 'failed': 0}, '_seq_no': 799, '_primary_term': 1}
[2024-09-24T12:57:52.576+0000] {base.py:271} INFO - POST http://elasticsearch:9200/milestone3/_doc [status:201 request:0.002s]
[2024-09-24T12:57:52.576+0000] {logging_mixin.py:115} INFO - {'_index': 'milestone3', '_type': '_doc', '_id': 'pVAcJJIB9Ge4CN5SEj--', '_version': 1, 'result': 'created', '_shards': {'total': 2, 'successful': 1, 'failed': 0}, '_seq_no': 800, '_primary_term': 1}
[2024-09-24T12:57:52.578+0000] {base.py:271} INFO - POST http://elasticsearch:9200/milestone3/_doc [status:201 request:0.002s]
[2024-09-24T12:57:52.578+0000] {logging_mixin.py:115} INFO - {'_index': 'milestone3', '_type': '_doc', '_id': 'plAcJJIB9Ge4CN5SEj_B', '_version': 1, 'result': 'created', '_shards': {'total': 2, 'successful': 1, 'failed': 0}, '_seq_no': 801, '_primary_term': 1}
[2024-09-24T12:57:52.581+0000] {base.py:271} INFO - POST http://elasticsearch:9200/milestone3/_doc [status:201 request:0.002s]
[2024-09-24T12:57:52.581+0000] {logging_mixin.py:115} INFO - {'_index': 'milestone3', '_type': '_doc', '_id': 'p1AcJJIB9Ge4CN5SEj_D', '_version': 1, 'result': 'created', '_shards': {'total': 2, 'successful': 1, 'failed': 0}, '_seq_no': 802, '_primary_term': 1}
[2024-09-24T12:57:52.583+0000] {base.py:271} INFO - POST http://elasticsearch:9200/milestone3/_doc [status:201 request:0.002s]
[2024-09-24T12:57:52.583+0000] {logging_mixin.py:115} INFO - {'_index': 'milestone3', '_type': '_doc', '_id': 'qFAcJJIB9Ge4CN5SEj_G', '_version': 1, 'result': 'created', '_shards': {'total': 2, 'successful': 1, 'failed': 0}, '_seq_no': 803, '_primary_term': 1}
[2024-09-24T12:57:52.585+0000] {base.py:271} INFO - POST http://elasticsearch:9200/milestone3/_doc [status:201 request:0.002s]
[2024-09-24T12:57:52.585+0000] {logging_mixin.py:115} INFO - {'_index': 'milestone3', '_type': '_doc', '_id': 'qVAcJJIB9Ge4CN5SEj_I', '_version': 1, 'result': 'created', '_shards': {'total': 2, 'successful': 1, 'failed': 0}, '_seq_no': 804, '_primary_term': 1}
[2024-09-24T12:57:52.587+0000] {base.py:271} INFO - POST http://elasticsearch:9200/milestone3/_doc [status:201 request:0.002s]
[2024-09-24T12:57:52.587+0000] {logging_mixin.py:115} INFO - {'_index': 'milestone3', '_type': '_doc', '_id': 'qlAcJJIB9Ge4CN5SEj_K', '_version': 1, 'result': 'created', '_shards': {'total': 2, 'successful': 1, 'failed': 0}, '_seq_no': 805, '_primary_term': 1}
[2024-09-24T12:57:52.589+0000] {base.py:271} INFO - POST http://elasticsearch:9200/milestone3/_doc [status:201 request:0.001s]
[2024-09-24T12:57:52.589+0000] {logging_mixin.py:115} INFO - {'_index': 'milestone3', '_type': '_doc', '_id': 'q1AcJJIB9Ge4CN5SEj_M', '_version': 1, 'result': 'created', '_shards': {'total': 2, 'successful': 1, 'failed': 0}, '_seq_no': 806, '_primary_term': 1}
[2024-09-24T12:57:52.591+0000] {base.py:271} INFO - POST http://elasticsearch:9200/milestone3/_doc [status:201 request:0.002s]
[2024-09-24T12:57:52.591+0000] {logging_mixin.py:115} INFO - {'_index': 'milestone3', '_type': '_doc', '_id': 'rFAcJJIB9Ge4CN5SEj_O', '_version': 1, 'result': 'created', '_shards': {'total': 2, 'successful': 1, 'failed': 0}, '_seq_no': 807, '_primary_term': 1}
[2024-09-24T12:57:52.593+0000] {base.py:271} INFO - POST http://elasticsearch:9200/milestone3/_doc [status:201 request:0.002s]
[2024-09-24T12:57:52.594+0000] {logging_mixin.py:115} INFO - {'_index': 'milestone3', '_type': '_doc', '_id': 'rVAcJJIB9Ge4CN5SEj_Q', '_version': 1, 'result': 'created', '_shards': {'total': 2, 'successful': 1, 'failed': 0}, '_seq_no': 808, '_primary_term': 1}
[2024-09-24T12:57:52.595+0000] {base.py:271} INFO - POST http://elasticsearch:9200/milestone3/_doc [status:201 request:0.001s]
[2024-09-24T12:57:52.595+0000] {logging_mixin.py:115} INFO - {'_index': 'milestone3', '_type': '_doc', '_id': 'rlAcJJIB9Ge4CN5SEj_S', '_version': 1, 'result': 'created', '_shards': {'total': 2, 'successful': 1, 'failed': 0}, '_seq_no': 809, '_primary_term': 1}
[2024-09-24T12:57:52.597+0000] {base.py:271} INFO - POST http://elasticsearch:9200/milestone3/_doc [status:201 request:0.002s]
[2024-09-24T12:57:52.597+0000] {logging_mixin.py:115} INFO - {'_index': 'milestone3', '_type': '_doc', '_id': 'r1AcJJIB9Ge4CN5SEj_U', '_version': 1, 'result': 'created', '_shards': {'total': 2, 'successful': 1, 'failed': 0}, '_seq_no': 810, '_primary_term': 1}
[2024-09-24T12:57:52.599+0000] {base.py:271} INFO - POST http://elasticsearch:9200/milestone3/_doc [status:201 request:0.002s]
[2024-09-24T12:57:52.599+0000] {logging_mixin.py:115} INFO - {'_index': 'milestone3', '_type': '_doc', '_id': 'sFAcJJIB9Ge4CN5SEj_W', '_version': 1, 'result': 'created', '_shards': {'total': 2, 'successful': 1, 'failed': 0}, '_seq_no': 811, '_primary_term': 1}
[2024-09-24T12:57:52.601+0000] {base.py:271} INFO - POST http://elasticsearch:9200/milestone3/_doc [status:201 request:0.002s]
[2024-09-24T12:57:52.601+0000] {logging_mixin.py:115} INFO - {'_index': 'milestone3', '_type': '_doc', '_id': 'sVAcJJIB9Ge4CN5SEj_Y', '_version': 1, 'result': 'created', '_shards': {'total': 2, 'successful': 1, 'failed': 0}, '_seq_no': 812, '_primary_term': 1}
[2024-09-24T12:57:52.603+0000] {base.py:271} INFO - POST http://elasticsearch:9200/milestone3/_doc [status:201 request:0.001s]
[2024-09-24T12:57:52.603+0000] {logging_mixin.py:115} INFO - {'_index': 'milestone3', '_type': '_doc', '_id': 'slAcJJIB9Ge4CN5SEj_a', '_version': 1, 'result': 'created', '_shards': {'total': 2, 'successful': 1, 'failed': 0}, '_seq_no': 813, '_primary_term': 1}
[2024-09-24T12:57:52.605+0000] {base.py:271} INFO - POST http://elasticsearch:9200/milestone3/_doc [status:201 request:0.002s]
[2024-09-24T12:57:52.605+0000] {logging_mixin.py:115} INFO - {'_index': 'milestone3', '_type': '_doc', '_id': 's1AcJJIB9Ge4CN5SEj_b', '_version': 1, 'result': 'created', '_shards': {'total': 2, 'successful': 1, 'failed': 0}, '_seq_no': 814, '_primary_term': 1}
[2024-09-24T12:57:52.607+0000] {base.py:271} INFO - POST http://elasticsearch:9200/milestone3/_doc [status:201 request:0.002s]
[2024-09-24T12:57:52.607+0000] {logging_mixin.py:115} INFO - {'_index': 'milestone3', '_type': '_doc', '_id': 'tFAcJJIB9Ge4CN5SEj_d', '_version': 1, 'result': 'created', '_shards': {'total': 2, 'successful': 1, 'failed': 0}, '_seq_no': 815, '_primary_term': 1}
[2024-09-24T12:57:52.609+0000] {base.py:271} INFO - POST http://elasticsearch:9200/milestone3/_doc [status:201 request:0.001s]
[2024-09-24T12:57:52.609+0000] {logging_mixin.py:115} INFO - {'_index': 'milestone3', '_type': '_doc', '_id': 'tVAcJJIB9Ge4CN5SEj_f', '_version': 1, 'result': 'created', '_shards': {'total': 2, 'successful': 1, 'failed': 0}, '_seq_no': 816, '_primary_term': 1}
[2024-09-24T12:57:52.610+0000] {base.py:271} INFO - POST http://elasticsearch:9200/milestone3/_doc [status:201 request:0.001s]
[2024-09-24T12:57:52.611+0000] {logging_mixin.py:115} INFO - {'_index': 'milestone3', '_type': '_doc', '_id': 'tlAcJJIB9Ge4CN5SEj_h', '_version': 1, 'result': 'created', '_shards': {'total': 2, 'successful': 1, 'failed': 0}, '_seq_no': 817, '_primary_term': 1}
[2024-09-24T12:57:52.613+0000] {base.py:271} INFO - POST http://elasticsearch:9200/milestone3/_doc [status:201 request:0.002s]
[2024-09-24T12:57:52.613+0000] {logging_mixin.py:115} INFO - {'_index': 'milestone3', '_type': '_doc', '_id': 't1AcJJIB9Ge4CN5SEj_j', '_version': 1, 'result': 'created', '_shards': {'total': 2, 'successful': 1, 'failed': 0}, '_seq_no': 818, '_primary_term': 1}
[2024-09-24T12:57:52.615+0000] {base.py:271} INFO - POST http://elasticsearch:9200/milestone3/_doc [status:201 request:0.002s]
[2024-09-24T12:57:52.615+0000] {logging_mixin.py:115} INFO - {'_index': 'milestone3', '_type': '_doc', '_id': 'uFAcJJIB9Ge4CN5SEj_l', '_version': 1, 'result': 'created', '_shards': {'total': 2, 'successful': 1, 'failed': 0}, '_seq_no': 819, '_primary_term': 1}
[2024-09-24T12:57:52.617+0000] {base.py:271} INFO - POST http://elasticsearch:9200/milestone3/_doc [status:201 request:0.002s]
[2024-09-24T12:57:52.617+0000] {logging_mixin.py:115} INFO - {'_index': 'milestone3', '_type': '_doc', '_id': 'uVAcJJIB9Ge4CN5SEj_n', '_version': 1, 'result': 'created', '_shards': {'total': 2, 'successful': 1, 'failed': 0}, '_seq_no': 820, '_primary_term': 1}
[2024-09-24T12:57:52.619+0000] {base.py:271} INFO - POST http://elasticsearch:9200/milestone3/_doc [status:201 request:0.002s]
[2024-09-24T12:57:52.619+0000] {logging_mixin.py:115} INFO - {'_index': 'milestone3', '_type': '_doc', '_id': 'ulAcJJIB9Ge4CN5SEj_p', '_version': 1, 'result': 'created', '_shards': {'total': 2, 'successful': 1, 'failed': 0}, '_seq_no': 821, '_primary_term': 1}
[2024-09-24T12:57:52.621+0000] {base.py:271} INFO - POST http://elasticsearch:9200/milestone3/_doc [status:201 request:0.002s]
[2024-09-24T12:57:52.621+0000] {logging_mixin.py:115} INFO - {'_index': 'milestone3', '_type': '_doc', '_id': 'u1AcJJIB9Ge4CN5SEj_s', '_version': 1, 'result': 'created', '_shards': {'total': 2, 'successful': 1, 'failed': 0}, '_seq_no': 822, '_primary_term': 1}
[2024-09-24T12:57:52.623+0000] {base.py:271} INFO - POST http://elasticsearch:9200/milestone3/_doc [status:201 request:0.002s]
[2024-09-24T12:57:52.623+0000] {logging_mixin.py:115} INFO - {'_index': 'milestone3', '_type': '_doc', '_id': 'vFAcJJIB9Ge4CN5SEj_t', '_version': 1, 'result': 'created', '_shards': {'total': 2, 'successful': 1, 'failed': 0}, '_seq_no': 823, '_primary_term': 1}
[2024-09-24T12:57:52.624+0000] {base.py:271} INFO - POST http://elasticsearch:9200/milestone3/_doc [status:201 request:0.001s]
[2024-09-24T12:57:52.624+0000] {logging_mixin.py:115} INFO - {'_index': 'milestone3', '_type': '_doc', '_id': 'vVAcJJIB9Ge4CN5SEj_v', '_version': 1, 'result': 'created', '_shards': {'total': 2, 'successful': 1, 'failed': 0}, '_seq_no': 824, '_primary_term': 1}
[2024-09-24T12:57:52.626+0000] {base.py:271} INFO - POST http://elasticsearch:9200/milestone3/_doc [status:201 request:0.002s]
[2024-09-24T12:57:52.627+0000] {logging_mixin.py:115} INFO - {'_index': 'milestone3', '_type': '_doc', '_id': 'vlAcJJIB9Ge4CN5SEj_x', '_version': 1, 'result': 'created', '_shards': {'total': 2, 'successful': 1, 'failed': 0}, '_seq_no': 825, '_primary_term': 1}
[2024-09-24T12:57:52.629+0000] {base.py:271} INFO - POST http://elasticsearch:9200/milestone3/_doc [status:201 request:0.002s]
[2024-09-24T12:57:52.629+0000] {logging_mixin.py:115} INFO - {'_index': 'milestone3', '_type': '_doc', '_id': 'v1AcJJIB9Ge4CN5SEj_z', '_version': 1, 'result': 'created', '_shards': {'total': 2, 'successful': 1, 'failed': 0}, '_seq_no': 826, '_primary_term': 1}
[2024-09-24T12:57:52.630+0000] {base.py:271} INFO - POST http://elasticsearch:9200/milestone3/_doc [status:201 request:0.001s]
[2024-09-24T12:57:52.631+0000] {logging_mixin.py:115} INFO - {'_index': 'milestone3', '_type': '_doc', '_id': 'wFAcJJIB9Ge4CN5SEj_1', '_version': 1, 'result': 'created', '_shards': {'total': 2, 'successful': 1, 'failed': 0}, '_seq_no': 827, '_primary_term': 1}
[2024-09-24T12:57:52.632+0000] {base.py:271} INFO - POST http://elasticsearch:9200/milestone3/_doc [status:201 request:0.001s]
[2024-09-24T12:57:52.632+0000] {logging_mixin.py:115} INFO - {'_index': 'milestone3', '_type': '_doc', '_id': 'wVAcJJIB9Ge4CN5SEj_3', '_version': 1, 'result': 'created', '_shards': {'total': 2, 'successful': 1, 'failed': 0}, '_seq_no': 828, '_primary_term': 1}
[2024-09-24T12:57:52.634+0000] {base.py:271} INFO - POST http://elasticsearch:9200/milestone3/_doc [status:201 request:0.001s]
[2024-09-24T12:57:52.634+0000] {logging_mixin.py:115} INFO - {'_index': 'milestone3', '_type': '_doc', '_id': 'wlAcJJIB9Ge4CN5SEj_5', '_version': 1, 'result': 'created', '_shards': {'total': 2, 'successful': 1, 'failed': 0}, '_seq_no': 829, '_primary_term': 1}
[2024-09-24T12:57:52.636+0000] {base.py:271} INFO - POST http://elasticsearch:9200/milestone3/_doc [status:201 request:0.001s]
[2024-09-24T12:57:52.636+0000] {logging_mixin.py:115} INFO - {'_index': 'milestone3', '_type': '_doc', '_id': 'w1AcJJIB9Ge4CN5SEj_7', '_version': 1, 'result': 'created', '_shards': {'total': 2, 'successful': 1, 'failed': 0}, '_seq_no': 830, '_primary_term': 1}
[2024-09-24T12:57:52.638+0000] {base.py:271} INFO - POST http://elasticsearch:9200/milestone3/_doc [status:201 request:0.002s]
[2024-09-24T12:57:52.638+0000] {logging_mixin.py:115} INFO - {'_index': 'milestone3', '_type': '_doc', '_id': 'xFAcJJIB9Ge4CN5SEj_9', '_version': 1, 'result': 'created', '_shards': {'total': 2, 'successful': 1, 'failed': 0}, '_seq_no': 831, '_primary_term': 1}
[2024-09-24T12:57:52.640+0000] {base.py:271} INFO - POST http://elasticsearch:9200/milestone3/_doc [status:201 request:0.002s]
[2024-09-24T12:57:52.640+0000] {logging_mixin.py:115} INFO - {'_index': 'milestone3', '_type': '_doc', '_id': 'xVAcJJIB9Ge4CN5SEj__', '_version': 1, 'result': 'created', '_shards': {'total': 2, 'successful': 1, 'failed': 0}, '_seq_no': 832, '_primary_term': 1}
[2024-09-24T12:57:52.642+0000] {base.py:271} INFO - POST http://elasticsearch:9200/milestone3/_doc [status:201 request:0.001s]
[2024-09-24T12:57:52.642+0000] {logging_mixin.py:115} INFO - {'_index': 'milestone3', '_type': '_doc', '_id': 'xlAcJJIB9Ge4CN5SEz8B', '_version': 1, 'result': 'created', '_shards': {'total': 2, 'successful': 1, 'failed': 0}, '_seq_no': 833, '_primary_term': 1}
[2024-09-24T12:57:52.644+0000] {base.py:271} INFO - POST http://elasticsearch:9200/milestone3/_doc [status:201 request:0.002s]
[2024-09-24T12:57:52.644+0000] {logging_mixin.py:115} INFO - {'_index': 'milestone3', '_type': '_doc', '_id': 'x1AcJJIB9Ge4CN5SEz8D', '_version': 1, 'result': 'created', '_shards': {'total': 2, 'successful': 1, 'failed': 0}, '_seq_no': 834, '_primary_term': 1}
[2024-09-24T12:57:52.646+0000] {base.py:271} INFO - POST http://elasticsearch:9200/milestone3/_doc [status:201 request:0.001s]
[2024-09-24T12:57:52.646+0000] {logging_mixin.py:115} INFO - {'_index': 'milestone3', '_type': '_doc', '_id': 'yFAcJJIB9Ge4CN5SEz8F', '_version': 1, 'result': 'created', '_shards': {'total': 2, 'successful': 1, 'failed': 0}, '_seq_no': 835, '_primary_term': 1}
[2024-09-24T12:57:52.648+0000] {base.py:271} INFO - POST http://elasticsearch:9200/milestone3/_doc [status:201 request:0.002s]
[2024-09-24T12:57:52.648+0000] {logging_mixin.py:115} INFO - {'_index': 'milestone3', '_type': '_doc', '_id': 'yVAcJJIB9Ge4CN5SEz8G', '_version': 1, 'result': 'created', '_shards': {'total': 2, 'successful': 1, 'failed': 0}, '_seq_no': 836, '_primary_term': 1}
[2024-09-24T12:57:52.649+0000] {base.py:271} INFO - POST http://elasticsearch:9200/milestone3/_doc [status:201 request:0.002s]
[2024-09-24T12:57:52.650+0000] {logging_mixin.py:115} INFO - {'_index': 'milestone3', '_type': '_doc', '_id': 'ylAcJJIB9Ge4CN5SEz8I', '_version': 1, 'result': 'created', '_shards': {'total': 2, 'successful': 1, 'failed': 0}, '_seq_no': 837, '_primary_term': 1}
[2024-09-24T12:57:52.651+0000] {base.py:271} INFO - POST http://elasticsearch:9200/milestone3/_doc [status:201 request:0.001s]
[2024-09-24T12:57:52.652+0000] {logging_mixin.py:115} INFO - {'_index': 'milestone3', '_type': '_doc', '_id': 'y1AcJJIB9Ge4CN5SEz8K', '_version': 1, 'result': 'created', '_shards': {'total': 2, 'successful': 1, 'failed': 0}, '_seq_no': 838, '_primary_term': 1}
[2024-09-24T12:57:52.653+0000] {base.py:271} INFO - POST http://elasticsearch:9200/milestone3/_doc [status:201 request:0.001s]
[2024-09-24T12:57:52.654+0000] {logging_mixin.py:115} INFO - {'_index': 'milestone3', '_type': '_doc', '_id': 'zFAcJJIB9Ge4CN5SEz8M', '_version': 1, 'result': 'created', '_shards': {'total': 2, 'successful': 1, 'failed': 0}, '_seq_no': 839, '_primary_term': 1}
[2024-09-24T12:57:52.655+0000] {base.py:271} INFO - POST http://elasticsearch:9200/milestone3/_doc [status:201 request:0.002s]
[2024-09-24T12:57:52.656+0000] {logging_mixin.py:115} INFO - {'_index': 'milestone3', '_type': '_doc', '_id': 'zVAcJJIB9Ge4CN5SEz8O', '_version': 1, 'result': 'created', '_shards': {'total': 2, 'successful': 1, 'failed': 0}, '_seq_no': 840, '_primary_term': 1}
[2024-09-24T12:57:52.658+0000] {base.py:271} INFO - POST http://elasticsearch:9200/milestone3/_doc [status:201 request:0.002s]
[2024-09-24T12:57:52.658+0000] {logging_mixin.py:115} INFO - {'_index': 'milestone3', '_type': '_doc', '_id': 'zlAcJJIB9Ge4CN5SEz8Q', '_version': 1, 'result': 'created', '_shards': {'total': 2, 'successful': 1, 'failed': 0}, '_seq_no': 841, '_primary_term': 1}
[2024-09-24T12:57:52.660+0000] {base.py:271} INFO - POST http://elasticsearch:9200/milestone3/_doc [status:201 request:0.002s]
[2024-09-24T12:57:52.660+0000] {logging_mixin.py:115} INFO - {'_index': 'milestone3', '_type': '_doc', '_id': 'z1AcJJIB9Ge4CN5SEz8S', '_version': 1, 'result': 'created', '_shards': {'total': 2, 'successful': 1, 'failed': 0}, '_seq_no': 842, '_primary_term': 1}
[2024-09-24T12:57:52.662+0000] {base.py:271} INFO - POST http://elasticsearch:9200/milestone3/_doc [status:201 request:0.002s]
[2024-09-24T12:57:52.662+0000] {logging_mixin.py:115} INFO - {'_index': 'milestone3', '_type': '_doc', '_id': '0FAcJJIB9Ge4CN5SEz8U', '_version': 1, 'result': 'created', '_shards': {'total': 2, 'successful': 1, 'failed': 0}, '_seq_no': 843, '_primary_term': 1}
[2024-09-24T12:57:52.663+0000] {base.py:271} INFO - POST http://elasticsearch:9200/milestone3/_doc [status:201 request:0.002s]
[2024-09-24T12:57:52.664+0000] {logging_mixin.py:115} INFO - {'_index': 'milestone3', '_type': '_doc', '_id': '0VAcJJIB9Ge4CN5SEz8W', '_version': 1, 'result': 'created', '_shards': {'total': 2, 'successful': 1, 'failed': 0}, '_seq_no': 844, '_primary_term': 1}
[2024-09-24T12:57:52.666+0000] {base.py:271} INFO - POST http://elasticsearch:9200/milestone3/_doc [status:201 request:0.002s]
[2024-09-24T12:57:52.666+0000] {logging_mixin.py:115} INFO - {'_index': 'milestone3', '_type': '_doc', '_id': '0lAcJJIB9Ge4CN5SEz8Y', '_version': 1, 'result': 'created', '_shards': {'total': 2, 'successful': 1, 'failed': 0}, '_seq_no': 845, '_primary_term': 1}
[2024-09-24T12:57:52.667+0000] {base.py:271} INFO - POST http://elasticsearch:9200/milestone3/_doc [status:201 request:0.001s]
[2024-09-24T12:57:52.668+0000] {logging_mixin.py:115} INFO - {'_index': 'milestone3', '_type': '_doc', '_id': '01AcJJIB9Ge4CN5SEz8a', '_version': 1, 'result': 'created', '_shards': {'total': 2, 'successful': 1, 'failed': 0}, '_seq_no': 846, '_primary_term': 1}
[2024-09-24T12:57:52.669+0000] {base.py:271} INFO - POST http://elasticsearch:9200/milestone3/_doc [status:201 request:0.002s]
[2024-09-24T12:57:52.670+0000] {logging_mixin.py:115} INFO - {'_index': 'milestone3', '_type': '_doc', '_id': '1FAcJJIB9Ge4CN5SEz8c', '_version': 1, 'result': 'created', '_shards': {'total': 2, 'successful': 1, 'failed': 0}, '_seq_no': 847, '_primary_term': 1}
[2024-09-24T12:57:52.671+0000] {base.py:271} INFO - POST http://elasticsearch:9200/milestone3/_doc [status:201 request:0.001s]
[2024-09-24T12:57:52.671+0000] {logging_mixin.py:115} INFO - {'_index': 'milestone3', '_type': '_doc', '_id': '1VAcJJIB9Ge4CN5SEz8e', '_version': 1, 'result': 'created', '_shards': {'total': 2, 'successful': 1, 'failed': 0}, '_seq_no': 848, '_primary_term': 1}
[2024-09-24T12:57:52.673+0000] {base.py:271} INFO - POST http://elasticsearch:9200/milestone3/_doc [status:201 request:0.002s]
[2024-09-24T12:57:52.673+0000] {logging_mixin.py:115} INFO - {'_index': 'milestone3', '_type': '_doc', '_id': '1lAcJJIB9Ge4CN5SEz8g', '_version': 1, 'result': 'created', '_shards': {'total': 2, 'successful': 1, 'failed': 0}, '_seq_no': 849, '_primary_term': 1}
[2024-09-24T12:57:52.675+0000] {base.py:271} INFO - POST http://elasticsearch:9200/milestone3/_doc [status:201 request:0.001s]
[2024-09-24T12:57:52.675+0000] {logging_mixin.py:115} INFO - {'_index': 'milestone3', '_type': '_doc', '_id': '11AcJJIB9Ge4CN5SEz8i', '_version': 1, 'result': 'created', '_shards': {'total': 2, 'successful': 1, 'failed': 0}, '_seq_no': 850, '_primary_term': 1}
[2024-09-24T12:57:52.677+0000] {base.py:271} INFO - POST http://elasticsearch:9200/milestone3/_doc [status:201 request:0.001s]
[2024-09-24T12:57:52.677+0000] {logging_mixin.py:115} INFO - {'_index': 'milestone3', '_type': '_doc', '_id': '2FAcJJIB9Ge4CN5SEz8k', '_version': 1, 'result': 'created', '_shards': {'total': 2, 'successful': 1, 'failed': 0}, '_seq_no': 851, '_primary_term': 1}
[2024-09-24T12:57:52.679+0000] {base.py:271} INFO - POST http://elasticsearch:9200/milestone3/_doc [status:201 request:0.001s]
[2024-09-24T12:57:52.679+0000] {logging_mixin.py:115} INFO - {'_index': 'milestone3', '_type': '_doc', '_id': '2VAcJJIB9Ge4CN5SEz8l', '_version': 1, 'result': 'created', '_shards': {'total': 2, 'successful': 1, 'failed': 0}, '_seq_no': 852, '_primary_term': 1}
[2024-09-24T12:57:52.680+0000] {base.py:271} INFO - POST http://elasticsearch:9200/milestone3/_doc [status:201 request:0.001s]
[2024-09-24T12:57:52.681+0000] {logging_mixin.py:115} INFO - {'_index': 'milestone3', '_type': '_doc', '_id': '2lAcJJIB9Ge4CN5SEz8n', '_version': 1, 'result': 'created', '_shards': {'total': 2, 'successful': 1, 'failed': 0}, '_seq_no': 853, '_primary_term': 1}
[2024-09-24T12:57:52.682+0000] {base.py:271} INFO - POST http://elasticsearch:9200/milestone3/_doc [status:201 request:0.001s]
[2024-09-24T12:57:52.682+0000] {logging_mixin.py:115} INFO - {'_index': 'milestone3', '_type': '_doc', '_id': '21AcJJIB9Ge4CN5SEz8p', '_version': 1, 'result': 'created', '_shards': {'total': 2, 'successful': 1, 'failed': 0}, '_seq_no': 854, '_primary_term': 1}
[2024-09-24T12:57:52.684+0000] {base.py:271} INFO - POST http://elasticsearch:9200/milestone3/_doc [status:201 request:0.002s]
[2024-09-24T12:57:52.684+0000] {logging_mixin.py:115} INFO - {'_index': 'milestone3', '_type': '_doc', '_id': '3FAcJJIB9Ge4CN5SEz8r', '_version': 1, 'result': 'created', '_shards': {'total': 2, 'successful': 1, 'failed': 0}, '_seq_no': 855, '_primary_term': 1}
[2024-09-24T12:57:52.686+0000] {base.py:271} INFO - POST http://elasticsearch:9200/milestone3/_doc [status:201 request:0.002s]
[2024-09-24T12:57:52.686+0000] {logging_mixin.py:115} INFO - {'_index': 'milestone3', '_type': '_doc', '_id': '3VAcJJIB9Ge4CN5SEz8t', '_version': 1, 'result': 'created', '_shards': {'total': 2, 'successful': 1, 'failed': 0}, '_seq_no': 856, '_primary_term': 1}
[2024-09-24T12:57:52.688+0000] {base.py:271} INFO - POST http://elasticsearch:9200/milestone3/_doc [status:201 request:0.002s]
[2024-09-24T12:57:52.688+0000] {logging_mixin.py:115} INFO - {'_index': 'milestone3', '_type': '_doc', '_id': '3lAcJJIB9Ge4CN5SEz8v', '_version': 1, 'result': 'created', '_shards': {'total': 2, 'successful': 1, 'failed': 0}, '_seq_no': 857, '_primary_term': 1}
[2024-09-24T12:57:52.690+0000] {base.py:271} INFO - POST http://elasticsearch:9200/milestone3/_doc [status:201 request:0.001s]
[2024-09-24T12:57:52.690+0000] {logging_mixin.py:115} INFO - {'_index': 'milestone3', '_type': '_doc', '_id': '31AcJJIB9Ge4CN5SEz8x', '_version': 1, 'result': 'created', '_shards': {'total': 2, 'successful': 1, 'failed': 0}, '_seq_no': 858, '_primary_term': 1}
[2024-09-24T12:57:52.692+0000] {base.py:271} INFO - POST http://elasticsearch:9200/milestone3/_doc [status:201 request:0.001s]
[2024-09-24T12:57:52.692+0000] {logging_mixin.py:115} INFO - {'_index': 'milestone3', '_type': '_doc', '_id': '4FAcJJIB9Ge4CN5SEz8z', '_version': 1, 'result': 'created', '_shards': {'total': 2, 'successful': 1, 'failed': 0}, '_seq_no': 859, '_primary_term': 1}
[2024-09-24T12:57:52.694+0000] {base.py:271} INFO - POST http://elasticsearch:9200/milestone3/_doc [status:201 request:0.002s]
[2024-09-24T12:57:52.694+0000] {logging_mixin.py:115} INFO - {'_index': 'milestone3', '_type': '_doc', '_id': '4VAcJJIB9Ge4CN5SEz80', '_version': 1, 'result': 'created', '_shards': {'total': 2, 'successful': 1, 'failed': 0}, '_seq_no': 860, '_primary_term': 1}
[2024-09-24T12:57:52.695+0000] {base.py:271} INFO - POST http://elasticsearch:9200/milestone3/_doc [status:201 request:0.001s]
[2024-09-24T12:57:52.696+0000] {logging_mixin.py:115} INFO - {'_index': 'milestone3', '_type': '_doc', '_id': '4lAcJJIB9Ge4CN5SEz82', '_version': 1, 'result': 'created', '_shards': {'total': 2, 'successful': 1, 'failed': 0}, '_seq_no': 861, '_primary_term': 1}
[2024-09-24T12:57:52.697+0000] {base.py:271} INFO - POST http://elasticsearch:9200/milestone3/_doc [status:201 request:0.002s]
[2024-09-24T12:57:52.698+0000] {logging_mixin.py:115} INFO - {'_index': 'milestone3', '_type': '_doc', '_id': '41AcJJIB9Ge4CN5SEz84', '_version': 1, 'result': 'created', '_shards': {'total': 2, 'successful': 1, 'failed': 0}, '_seq_no': 862, '_primary_term': 1}
[2024-09-24T12:57:52.699+0000] {base.py:271} INFO - POST http://elasticsearch:9200/milestone3/_doc [status:201 request:0.001s]
[2024-09-24T12:57:52.699+0000] {logging_mixin.py:115} INFO - {'_index': 'milestone3', '_type': '_doc', '_id': '5FAcJJIB9Ge4CN5SEz86', '_version': 1, 'result': 'created', '_shards': {'total': 2, 'successful': 1, 'failed': 0}, '_seq_no': 863, '_primary_term': 1}
[2024-09-24T12:57:52.701+0000] {base.py:271} INFO - POST http://elasticsearch:9200/milestone3/_doc [status:201 request:0.001s]
[2024-09-24T12:57:52.701+0000] {logging_mixin.py:115} INFO - {'_index': 'milestone3', '_type': '_doc', '_id': '5VAcJJIB9Ge4CN5SEz88', '_version': 1, 'result': 'created', '_shards': {'total': 2, 'successful': 1, 'failed': 0}, '_seq_no': 864, '_primary_term': 1}
[2024-09-24T12:57:52.703+0000] {base.py:271} INFO - POST http://elasticsearch:9200/milestone3/_doc [status:201 request:0.001s]
[2024-09-24T12:57:52.703+0000] {logging_mixin.py:115} INFO - {'_index': 'milestone3', '_type': '_doc', '_id': '5lAcJJIB9Ge4CN5SEz8-', '_version': 1, 'result': 'created', '_shards': {'total': 2, 'successful': 1, 'failed': 0}, '_seq_no': 865, '_primary_term': 1}
[2024-09-24T12:57:52.705+0000] {base.py:271} INFO - POST http://elasticsearch:9200/milestone3/_doc [status:201 request:0.002s]
[2024-09-24T12:57:52.705+0000] {logging_mixin.py:115} INFO - {'_index': 'milestone3', '_type': '_doc', '_id': '51AcJJIB9Ge4CN5SEz8_', '_version': 1, 'result': 'created', '_shards': {'total': 2, 'successful': 1, 'failed': 0}, '_seq_no': 866, '_primary_term': 1}
[2024-09-24T12:57:52.707+0000] {base.py:271} INFO - POST http://elasticsearch:9200/milestone3/_doc [status:201 request:0.001s]
[2024-09-24T12:57:52.707+0000] {logging_mixin.py:115} INFO - {'_index': 'milestone3', '_type': '_doc', '_id': '6FAcJJIB9Ge4CN5SEz9B', '_version': 1, 'result': 'created', '_shards': {'total': 2, 'successful': 1, 'failed': 0}, '_seq_no': 867, '_primary_term': 1}
[2024-09-24T12:57:52.708+0000] {base.py:271} INFO - POST http://elasticsearch:9200/milestone3/_doc [status:201 request:0.001s]
[2024-09-24T12:57:52.709+0000] {logging_mixin.py:115} INFO - {'_index': 'milestone3', '_type': '_doc', '_id': '6VAcJJIB9Ge4CN5SEz9D', '_version': 1, 'result': 'created', '_shards': {'total': 2, 'successful': 1, 'failed': 0}, '_seq_no': 868, '_primary_term': 1}
[2024-09-24T12:57:52.710+0000] {base.py:271} INFO - POST http://elasticsearch:9200/milestone3/_doc [status:201 request:0.001s]
[2024-09-24T12:57:52.710+0000] {logging_mixin.py:115} INFO - {'_index': 'milestone3', '_type': '_doc', '_id': '6lAcJJIB9Ge4CN5SEz9F', '_version': 1, 'result': 'created', '_shards': {'total': 2, 'successful': 1, 'failed': 0}, '_seq_no': 869, '_primary_term': 1}
[2024-09-24T12:57:52.712+0000] {base.py:271} INFO - POST http://elasticsearch:9200/milestone3/_doc [status:201 request:0.002s]
[2024-09-24T12:57:52.712+0000] {logging_mixin.py:115} INFO - {'_index': 'milestone3', '_type': '_doc', '_id': '61AcJJIB9Ge4CN5SEz9H', '_version': 1, 'result': 'created', '_shards': {'total': 2, 'successful': 1, 'failed': 0}, '_seq_no': 870, '_primary_term': 1}
[2024-09-24T12:57:52.714+0000] {base.py:271} INFO - POST http://elasticsearch:9200/milestone3/_doc [status:201 request:0.002s]
[2024-09-24T12:57:52.714+0000] {logging_mixin.py:115} INFO - {'_index': 'milestone3', '_type': '_doc', '_id': '7FAcJJIB9Ge4CN5SEz9J', '_version': 1, 'result': 'created', '_shards': {'total': 2, 'successful': 1, 'failed': 0}, '_seq_no': 871, '_primary_term': 1}
[2024-09-24T12:57:52.716+0000] {base.py:271} INFO - POST http://elasticsearch:9200/milestone3/_doc [status:201 request:0.001s]
[2024-09-24T12:57:52.716+0000] {logging_mixin.py:115} INFO - {'_index': 'milestone3', '_type': '_doc', '_id': '7VAcJJIB9Ge4CN5SEz9L', '_version': 1, 'result': 'created', '_shards': {'total': 2, 'successful': 1, 'failed': 0}, '_seq_no': 872, '_primary_term': 1}
[2024-09-24T12:57:52.718+0000] {base.py:271} INFO - POST http://elasticsearch:9200/milestone3/_doc [status:201 request:0.001s]
[2024-09-24T12:57:52.718+0000] {logging_mixin.py:115} INFO - {'_index': 'milestone3', '_type': '_doc', '_id': '7lAcJJIB9Ge4CN5SEz9N', '_version': 1, 'result': 'created', '_shards': {'total': 2, 'successful': 1, 'failed': 0}, '_seq_no': 873, '_primary_term': 1}
[2024-09-24T12:57:52.720+0000] {base.py:271} INFO - POST http://elasticsearch:9200/milestone3/_doc [status:201 request:0.001s]
[2024-09-24T12:57:52.720+0000] {logging_mixin.py:115} INFO - {'_index': 'milestone3', '_type': '_doc', '_id': '71AcJJIB9Ge4CN5SEz9P', '_version': 1, 'result': 'created', '_shards': {'total': 2, 'successful': 1, 'failed': 0}, '_seq_no': 874, '_primary_term': 1}
[2024-09-24T12:57:52.722+0000] {base.py:271} INFO - POST http://elasticsearch:9200/milestone3/_doc [status:201 request:0.001s]
[2024-09-24T12:57:52.722+0000] {logging_mixin.py:115} INFO - {'_index': 'milestone3', '_type': '_doc', '_id': '8FAcJJIB9Ge4CN5SEz9R', '_version': 1, 'result': 'created', '_shards': {'total': 2, 'successful': 1, 'failed': 0}, '_seq_no': 875, '_primary_term': 1}
[2024-09-24T12:57:52.724+0000] {base.py:271} INFO - POST http://elasticsearch:9200/milestone3/_doc [status:201 request:0.001s]
[2024-09-24T12:57:52.724+0000] {logging_mixin.py:115} INFO - {'_index': 'milestone3', '_type': '_doc', '_id': '8VAcJJIB9Ge4CN5SEz9S', '_version': 1, 'result': 'created', '_shards': {'total': 2, 'successful': 1, 'failed': 0}, '_seq_no': 876, '_primary_term': 1}
[2024-09-24T12:57:52.725+0000] {base.py:271} INFO - POST http://elasticsearch:9200/milestone3/_doc [status:201 request:0.001s]
[2024-09-24T12:57:52.725+0000] {logging_mixin.py:115} INFO - {'_index': 'milestone3', '_type': '_doc', '_id': '8lAcJJIB9Ge4CN5SEz9U', '_version': 1, 'result': 'created', '_shards': {'total': 2, 'successful': 1, 'failed': 0}, '_seq_no': 877, '_primary_term': 1}
[2024-09-24T12:57:52.727+0000] {base.py:271} INFO - POST http://elasticsearch:9200/milestone3/_doc [status:201 request:0.002s]
[2024-09-24T12:57:52.727+0000] {logging_mixin.py:115} INFO - {'_index': 'milestone3', '_type': '_doc', '_id': '81AcJJIB9Ge4CN5SEz9W', '_version': 1, 'result': 'created', '_shards': {'total': 2, 'successful': 1, 'failed': 0}, '_seq_no': 878, '_primary_term': 1}
[2024-09-24T12:57:52.729+0000] {base.py:271} INFO - POST http://elasticsearch:9200/milestone3/_doc [status:201 request:0.001s]
[2024-09-24T12:57:52.729+0000] {logging_mixin.py:115} INFO - {'_index': 'milestone3', '_type': '_doc', '_id': '9FAcJJIB9Ge4CN5SEz9Y', '_version': 1, 'result': 'created', '_shards': {'total': 2, 'successful': 1, 'failed': 0}, '_seq_no': 879, '_primary_term': 1}
[2024-09-24T12:57:52.731+0000] {base.py:271} INFO - POST http://elasticsearch:9200/milestone3/_doc [status:201 request:0.001s]
[2024-09-24T12:57:52.731+0000] {logging_mixin.py:115} INFO - {'_index': 'milestone3', '_type': '_doc', '_id': '9VAcJJIB9Ge4CN5SEz9a', '_version': 1, 'result': 'created', '_shards': {'total': 2, 'successful': 1, 'failed': 0}, '_seq_no': 880, '_primary_term': 1}
[2024-09-24T12:57:52.732+0000] {base.py:271} INFO - POST http://elasticsearch:9200/milestone3/_doc [status:201 request:0.002s]
[2024-09-24T12:57:52.733+0000] {logging_mixin.py:115} INFO - {'_index': 'milestone3', '_type': '_doc', '_id': '9lAcJJIB9Ge4CN5SEz9b', '_version': 1, 'result': 'created', '_shards': {'total': 2, 'successful': 1, 'failed': 0}, '_seq_no': 881, '_primary_term': 1}
[2024-09-24T12:57:52.734+0000] {base.py:271} INFO - POST http://elasticsearch:9200/milestone3/_doc [status:201 request:0.001s]
[2024-09-24T12:57:52.734+0000] {logging_mixin.py:115} INFO - {'_index': 'milestone3', '_type': '_doc', '_id': '91AcJJIB9Ge4CN5SEz9d', '_version': 1, 'result': 'created', '_shards': {'total': 2, 'successful': 1, 'failed': 0}, '_seq_no': 882, '_primary_term': 1}
[2024-09-24T12:57:52.736+0000] {base.py:271} INFO - POST http://elasticsearch:9200/milestone3/_doc [status:201 request:0.001s]
[2024-09-24T12:57:52.736+0000] {logging_mixin.py:115} INFO - {'_index': 'milestone3', '_type': '_doc', '_id': '-FAcJJIB9Ge4CN5SEz9f', '_version': 1, 'result': 'created', '_shards': {'total': 2, 'successful': 1, 'failed': 0}, '_seq_no': 883, '_primary_term': 1}
[2024-09-24T12:57:52.738+0000] {base.py:271} INFO - POST http://elasticsearch:9200/milestone3/_doc [status:201 request:0.001s]
[2024-09-24T12:57:52.738+0000] {logging_mixin.py:115} INFO - {'_index': 'milestone3', '_type': '_doc', '_id': '-VAcJJIB9Ge4CN5SEz9h', '_version': 1, 'result': 'created', '_shards': {'total': 2, 'successful': 1, 'failed': 0}, '_seq_no': 884, '_primary_term': 1}
[2024-09-24T12:57:52.740+0000] {base.py:271} INFO - POST http://elasticsearch:9200/milestone3/_doc [status:201 request:0.002s]
[2024-09-24T12:57:52.740+0000] {logging_mixin.py:115} INFO - {'_index': 'milestone3', '_type': '_doc', '_id': '-lAcJJIB9Ge4CN5SEz9i', '_version': 1, 'result': 'created', '_shards': {'total': 2, 'successful': 1, 'failed': 0}, '_seq_no': 885, '_primary_term': 1}
[2024-09-24T12:57:52.742+0000] {base.py:271} INFO - POST http://elasticsearch:9200/milestone3/_doc [status:201 request:0.002s]
[2024-09-24T12:57:52.742+0000] {logging_mixin.py:115} INFO - {'_index': 'milestone3', '_type': '_doc', '_id': '-1AcJJIB9Ge4CN5SEz9l', '_version': 1, 'result': 'created', '_shards': {'total': 2, 'successful': 1, 'failed': 0}, '_seq_no': 886, '_primary_term': 1}
[2024-09-24T12:57:52.744+0000] {base.py:271} INFO - POST http://elasticsearch:9200/milestone3/_doc [status:201 request:0.001s]
[2024-09-24T12:57:52.744+0000] {logging_mixin.py:115} INFO - {'_index': 'milestone3', '_type': '_doc', '_id': '_FAcJJIB9Ge4CN5SEz9n', '_version': 1, 'result': 'created', '_shards': {'total': 2, 'successful': 1, 'failed': 0}, '_seq_no': 887, '_primary_term': 1}
[2024-09-24T12:57:52.746+0000] {base.py:271} INFO - POST http://elasticsearch:9200/milestone3/_doc [status:201 request:0.002s]
[2024-09-24T12:57:52.746+0000] {logging_mixin.py:115} INFO - {'_index': 'milestone3', '_type': '_doc', '_id': '_VAcJJIB9Ge4CN5SEz9p', '_version': 1, 'result': 'created', '_shards': {'total': 2, 'successful': 1, 'failed': 0}, '_seq_no': 888, '_primary_term': 1}
[2024-09-24T12:57:52.749+0000] {base.py:271} INFO - POST http://elasticsearch:9200/milestone3/_doc [status:201 request:0.002s]
[2024-09-24T12:57:52.749+0000] {logging_mixin.py:115} INFO - {'_index': 'milestone3', '_type': '_doc', '_id': '_lAcJJIB9Ge4CN5SEz9r', '_version': 1, 'result': 'created', '_shards': {'total': 2, 'successful': 1, 'failed': 0}, '_seq_no': 889, '_primary_term': 1}
[2024-09-24T12:57:52.752+0000] {base.py:271} INFO - POST http://elasticsearch:9200/milestone3/_doc [status:201 request:0.002s]
[2024-09-24T12:57:52.752+0000] {logging_mixin.py:115} INFO - {'_index': 'milestone3', '_type': '_doc', '_id': '_1AcJJIB9Ge4CN5SEz9u', '_version': 1, 'result': 'created', '_shards': {'total': 2, 'successful': 1, 'failed': 0}, '_seq_no': 890, '_primary_term': 1}
[2024-09-24T12:57:52.755+0000] {base.py:271} INFO - POST http://elasticsearch:9200/milestone3/_doc [status:201 request:0.002s]
[2024-09-24T12:57:52.755+0000] {logging_mixin.py:115} INFO - {'_index': 'milestone3', '_type': '_doc', '_id': 'AFAcJJIB9Ge4CN5SE0Bx', '_version': 1, 'result': 'created', '_shards': {'total': 2, 'successful': 1, 'failed': 0}, '_seq_no': 891, '_primary_term': 1}
[2024-09-24T12:57:52.757+0000] {base.py:271} INFO - POST http://elasticsearch:9200/milestone3/_doc [status:201 request:0.002s]
[2024-09-24T12:57:52.757+0000] {logging_mixin.py:115} INFO - {'_index': 'milestone3', '_type': '_doc', '_id': 'AVAcJJIB9Ge4CN5SE0B0', '_version': 1, 'result': 'created', '_shards': {'total': 2, 'successful': 1, 'failed': 0}, '_seq_no': 892, '_primary_term': 1}
[2024-09-24T12:57:52.759+0000] {base.py:271} INFO - POST http://elasticsearch:9200/milestone3/_doc [status:201 request:0.002s]
[2024-09-24T12:57:52.760+0000] {logging_mixin.py:115} INFO - {'_index': 'milestone3', '_type': '_doc', '_id': 'AlAcJJIB9Ge4CN5SE0B2', '_version': 1, 'result': 'created', '_shards': {'total': 2, 'successful': 1, 'failed': 0}, '_seq_no': 893, '_primary_term': 1}
[2024-09-24T12:57:52.762+0000] {base.py:271} INFO - POST http://elasticsearch:9200/milestone3/_doc [status:201 request:0.002s]
[2024-09-24T12:57:52.762+0000] {logging_mixin.py:115} INFO - {'_index': 'milestone3', '_type': '_doc', '_id': 'A1AcJJIB9Ge4CN5SE0B4', '_version': 1, 'result': 'created', '_shards': {'total': 2, 'successful': 1, 'failed': 0}, '_seq_no': 894, '_primary_term': 1}
[2024-09-24T12:57:52.764+0000] {base.py:271} INFO - POST http://elasticsearch:9200/milestone3/_doc [status:201 request:0.002s]
[2024-09-24T12:57:52.764+0000] {logging_mixin.py:115} INFO - {'_index': 'milestone3', '_type': '_doc', '_id': 'BFAcJJIB9Ge4CN5SE0B7', '_version': 1, 'result': 'created', '_shards': {'total': 2, 'successful': 1, 'failed': 0}, '_seq_no': 895, '_primary_term': 1}
[2024-09-24T12:57:52.767+0000] {base.py:271} INFO - POST http://elasticsearch:9200/milestone3/_doc [status:201 request:0.002s]
[2024-09-24T12:57:52.767+0000] {logging_mixin.py:115} INFO - {'_index': 'milestone3', '_type': '_doc', '_id': 'BVAcJJIB9Ge4CN5SE0B9', '_version': 1, 'result': 'created', '_shards': {'total': 2, 'successful': 1, 'failed': 0}, '_seq_no': 896, '_primary_term': 1}
[2024-09-24T12:57:52.769+0000] {base.py:271} INFO - POST http://elasticsearch:9200/milestone3/_doc [status:201 request:0.002s]
[2024-09-24T12:57:52.770+0000] {logging_mixin.py:115} INFO - {'_index': 'milestone3', '_type': '_doc', '_id': 'BlAcJJIB9Ge4CN5SE0CA', '_version': 1, 'result': 'created', '_shards': {'total': 2, 'successful': 1, 'failed': 0}, '_seq_no': 897, '_primary_term': 1}
[2024-09-24T12:57:52.772+0000] {base.py:271} INFO - POST http://elasticsearch:9200/milestone3/_doc [status:201 request:0.002s]
[2024-09-24T12:57:52.772+0000] {logging_mixin.py:115} INFO - {'_index': 'milestone3', '_type': '_doc', '_id': 'B1AcJJIB9Ge4CN5SE0CC', '_version': 1, 'result': 'created', '_shards': {'total': 2, 'successful': 1, 'failed': 0}, '_seq_no': 898, '_primary_term': 1}
[2024-09-24T12:57:52.774+0000] {base.py:271} INFO - POST http://elasticsearch:9200/milestone3/_doc [status:201 request:0.002s]
[2024-09-24T12:57:52.775+0000] {logging_mixin.py:115} INFO - {'_index': 'milestone3', '_type': '_doc', '_id': 'CFAcJJIB9Ge4CN5SE0CF', '_version': 1, 'result': 'created', '_shards': {'total': 2, 'successful': 1, 'failed': 0}, '_seq_no': 899, '_primary_term': 1}
[2024-09-24T12:57:52.777+0000] {base.py:271} INFO - POST http://elasticsearch:9200/milestone3/_doc [status:201 request:0.002s]
[2024-09-24T12:57:52.777+0000] {logging_mixin.py:115} INFO - {'_index': 'milestone3', '_type': '_doc', '_id': 'CVAcJJIB9Ge4CN5SE0CI', '_version': 1, 'result': 'created', '_shards': {'total': 2, 'successful': 1, 'failed': 0}, '_seq_no': 900, '_primary_term': 1}
[2024-09-24T12:57:52.780+0000] {base.py:271} INFO - POST http://elasticsearch:9200/milestone3/_doc [status:201 request:0.002s]
[2024-09-24T12:57:52.780+0000] {logging_mixin.py:115} INFO - {'_index': 'milestone3', '_type': '_doc', '_id': 'ClAcJJIB9Ge4CN5SE0CK', '_version': 1, 'result': 'created', '_shards': {'total': 2, 'successful': 1, 'failed': 0}, '_seq_no': 901, '_primary_term': 1}
[2024-09-24T12:57:52.783+0000] {base.py:271} INFO - POST http://elasticsearch:9200/milestone3/_doc [status:201 request:0.002s]
[2024-09-24T12:57:52.783+0000] {logging_mixin.py:115} INFO - {'_index': 'milestone3', '_type': '_doc', '_id': 'C1AcJJIB9Ge4CN5SE0CO', '_version': 1, 'result': 'created', '_shards': {'total': 2, 'successful': 1, 'failed': 0}, '_seq_no': 902, '_primary_term': 1}
[2024-09-24T12:57:52.786+0000] {base.py:271} INFO - POST http://elasticsearch:9200/milestone3/_doc [status:201 request:0.003s]
[2024-09-24T12:57:52.787+0000] {logging_mixin.py:115} INFO - {'_index': 'milestone3', '_type': '_doc', '_id': 'DFAcJJIB9Ge4CN5SE0CQ', '_version': 1, 'result': 'created', '_shards': {'total': 2, 'successful': 1, 'failed': 0}, '_seq_no': 903, '_primary_term': 1}
[2024-09-24T12:57:52.790+0000] {base.py:271} INFO - POST http://elasticsearch:9200/milestone3/_doc [status:201 request:0.003s]
[2024-09-24T12:57:52.790+0000] {logging_mixin.py:115} INFO - {'_index': 'milestone3', '_type': '_doc', '_id': 'DVAcJJIB9Ge4CN5SE0CT', '_version': 1, 'result': 'created', '_shards': {'total': 2, 'successful': 1, 'failed': 0}, '_seq_no': 904, '_primary_term': 1}
[2024-09-24T12:57:52.793+0000] {base.py:271} INFO - POST http://elasticsearch:9200/milestone3/_doc [status:201 request:0.003s]
[2024-09-24T12:57:52.793+0000] {logging_mixin.py:115} INFO - {'_index': 'milestone3', '_type': '_doc', '_id': 'DlAcJJIB9Ge4CN5SE0CX', '_version': 1, 'result': 'created', '_shards': {'total': 2, 'successful': 1, 'failed': 0}, '_seq_no': 905, '_primary_term': 1}
[2024-09-24T12:57:52.795+0000] {base.py:271} INFO - POST http://elasticsearch:9200/milestone3/_doc [status:201 request:0.001s]
[2024-09-24T12:57:52.795+0000] {logging_mixin.py:115} INFO - {'_index': 'milestone3', '_type': '_doc', '_id': 'D1AcJJIB9Ge4CN5SE0Ca', '_version': 1, 'result': 'created', '_shards': {'total': 2, 'successful': 1, 'failed': 0}, '_seq_no': 906, '_primary_term': 1}
[2024-09-24T12:57:52.797+0000] {base.py:271} INFO - POST http://elasticsearch:9200/milestone3/_doc [status:201 request:0.002s]
[2024-09-24T12:57:52.797+0000] {logging_mixin.py:115} INFO - {'_index': 'milestone3', '_type': '_doc', '_id': 'EFAcJJIB9Ge4CN5SE0Cb', '_version': 1, 'result': 'created', '_shards': {'total': 2, 'successful': 1, 'failed': 0}, '_seq_no': 907, '_primary_term': 1}
[2024-09-24T12:57:52.798+0000] {base.py:271} INFO - POST http://elasticsearch:9200/milestone3/_doc [status:201 request:0.002s]
[2024-09-24T12:57:52.799+0000] {logging_mixin.py:115} INFO - {'_index': 'milestone3', '_type': '_doc', '_id': 'EVAcJJIB9Ge4CN5SE0Cd', '_version': 1, 'result': 'created', '_shards': {'total': 2, 'successful': 1, 'failed': 0}, '_seq_no': 908, '_primary_term': 1}
[2024-09-24T12:57:52.800+0000] {base.py:271} INFO - POST http://elasticsearch:9200/milestone3/_doc [status:201 request:0.001s]
[2024-09-24T12:57:52.800+0000] {logging_mixin.py:115} INFO - {'_index': 'milestone3', '_type': '_doc', '_id': 'ElAcJJIB9Ge4CN5SE0Cf', '_version': 1, 'result': 'created', '_shards': {'total': 2, 'successful': 1, 'failed': 0}, '_seq_no': 909, '_primary_term': 1}
[2024-09-24T12:57:52.802+0000] {base.py:271} INFO - POST http://elasticsearch:9200/milestone3/_doc [status:201 request:0.001s]
[2024-09-24T12:57:52.802+0000] {logging_mixin.py:115} INFO - {'_index': 'milestone3', '_type': '_doc', '_id': 'E1AcJJIB9Ge4CN5SE0Ch', '_version': 1, 'result': 'created', '_shards': {'total': 2, 'successful': 1, 'failed': 0}, '_seq_no': 910, '_primary_term': 1}
[2024-09-24T12:57:52.804+0000] {base.py:271} INFO - POST http://elasticsearch:9200/milestone3/_doc [status:201 request:0.001s]
[2024-09-24T12:57:52.804+0000] {logging_mixin.py:115} INFO - {'_index': 'milestone3', '_type': '_doc', '_id': 'FFAcJJIB9Ge4CN5SE0Ci', '_version': 1, 'result': 'created', '_shards': {'total': 2, 'successful': 1, 'failed': 0}, '_seq_no': 911, '_primary_term': 1}
[2024-09-24T12:57:52.805+0000] {base.py:271} INFO - POST http://elasticsearch:9200/milestone3/_doc [status:201 request:0.001s]
[2024-09-24T12:57:52.806+0000] {logging_mixin.py:115} INFO - {'_index': 'milestone3', '_type': '_doc', '_id': 'FVAcJJIB9Ge4CN5SE0Ck', '_version': 1, 'result': 'created', '_shards': {'total': 2, 'successful': 1, 'failed': 0}, '_seq_no': 912, '_primary_term': 1}
[2024-09-24T12:57:52.807+0000] {base.py:271} INFO - POST http://elasticsearch:9200/milestone3/_doc [status:201 request:0.001s]
[2024-09-24T12:57:52.807+0000] {logging_mixin.py:115} INFO - {'_index': 'milestone3', '_type': '_doc', '_id': 'FlAcJJIB9Ge4CN5SE0Cm', '_version': 1, 'result': 'created', '_shards': {'total': 2, 'successful': 1, 'failed': 0}, '_seq_no': 913, '_primary_term': 1}
[2024-09-24T12:57:52.809+0000] {base.py:271} INFO - POST http://elasticsearch:9200/milestone3/_doc [status:201 request:0.001s]
[2024-09-24T12:57:52.809+0000] {logging_mixin.py:115} INFO - {'_index': 'milestone3', '_type': '_doc', '_id': 'F1AcJJIB9Ge4CN5SE0Co', '_version': 1, 'result': 'created', '_shards': {'total': 2, 'successful': 1, 'failed': 0}, '_seq_no': 914, '_primary_term': 1}
[2024-09-24T12:57:52.810+0000] {base.py:271} INFO - POST http://elasticsearch:9200/milestone3/_doc [status:201 request:0.001s]
[2024-09-24T12:57:52.811+0000] {logging_mixin.py:115} INFO - {'_index': 'milestone3', '_type': '_doc', '_id': 'GFAcJJIB9Ge4CN5SE0Cp', '_version': 1, 'result': 'created', '_shards': {'total': 2, 'successful': 1, 'failed': 0}, '_seq_no': 915, '_primary_term': 1}
[2024-09-24T12:57:52.812+0000] {base.py:271} INFO - POST http://elasticsearch:9200/milestone3/_doc [status:201 request:0.001s]
[2024-09-24T12:57:52.812+0000] {logging_mixin.py:115} INFO - {'_index': 'milestone3', '_type': '_doc', '_id': 'GVAcJJIB9Ge4CN5SE0Cr', '_version': 1, 'result': 'created', '_shards': {'total': 2, 'successful': 1, 'failed': 0}, '_seq_no': 916, '_primary_term': 1}
[2024-09-24T12:57:52.814+0000] {base.py:271} INFO - POST http://elasticsearch:9200/milestone3/_doc [status:201 request:0.002s]
[2024-09-24T12:57:52.814+0000] {logging_mixin.py:115} INFO - {'_index': 'milestone3', '_type': '_doc', '_id': 'GlAcJJIB9Ge4CN5SE0Ct', '_version': 1, 'result': 'created', '_shards': {'total': 2, 'successful': 1, 'failed': 0}, '_seq_no': 917, '_primary_term': 1}
[2024-09-24T12:57:52.816+0000] {base.py:271} INFO - POST http://elasticsearch:9200/milestone3/_doc [status:201 request:0.002s]
[2024-09-24T12:57:52.816+0000] {logging_mixin.py:115} INFO - {'_index': 'milestone3', '_type': '_doc', '_id': 'G1AcJJIB9Ge4CN5SE0Cv', '_version': 1, 'result': 'created', '_shards': {'total': 2, 'successful': 1, 'failed': 0}, '_seq_no': 918, '_primary_term': 1}
[2024-09-24T12:57:52.818+0000] {base.py:271} INFO - POST http://elasticsearch:9200/milestone3/_doc [status:201 request:0.001s]
[2024-09-24T12:57:52.818+0000] {logging_mixin.py:115} INFO - {'_index': 'milestone3', '_type': '_doc', '_id': 'HFAcJJIB9Ge4CN5SE0Cx', '_version': 1, 'result': 'created', '_shards': {'total': 2, 'successful': 1, 'failed': 0}, '_seq_no': 919, '_primary_term': 1}
[2024-09-24T12:57:52.819+0000] {base.py:271} INFO - POST http://elasticsearch:9200/milestone3/_doc [status:201 request:0.001s]
[2024-09-24T12:57:52.820+0000] {logging_mixin.py:115} INFO - {'_index': 'milestone3', '_type': '_doc', '_id': 'HVAcJJIB9Ge4CN5SE0Cz', '_version': 1, 'result': 'created', '_shards': {'total': 2, 'successful': 1, 'failed': 0}, '_seq_no': 920, '_primary_term': 1}
[2024-09-24T12:57:52.821+0000] {base.py:271} INFO - POST http://elasticsearch:9200/milestone3/_doc [status:201 request:0.001s]
[2024-09-24T12:57:52.821+0000] {logging_mixin.py:115} INFO - {'_index': 'milestone3', '_type': '_doc', '_id': 'HlAcJJIB9Ge4CN5SE0C0', '_version': 1, 'result': 'created', '_shards': {'total': 2, 'successful': 1, 'failed': 0}, '_seq_no': 921, '_primary_term': 1}
[2024-09-24T12:57:52.823+0000] {base.py:271} INFO - POST http://elasticsearch:9200/milestone3/_doc [status:201 request:0.001s]
[2024-09-24T12:57:52.823+0000] {logging_mixin.py:115} INFO - {'_index': 'milestone3', '_type': '_doc', '_id': 'H1AcJJIB9Ge4CN5SE0C2', '_version': 1, 'result': 'created', '_shards': {'total': 2, 'successful': 1, 'failed': 0}, '_seq_no': 922, '_primary_term': 1}
[2024-09-24T12:57:52.825+0000] {base.py:271} INFO - POST http://elasticsearch:9200/milestone3/_doc [status:201 request:0.001s]
[2024-09-24T12:57:52.825+0000] {logging_mixin.py:115} INFO - {'_index': 'milestone3', '_type': '_doc', '_id': 'IFAcJJIB9Ge4CN5SE0C4', '_version': 1, 'result': 'created', '_shards': {'total': 2, 'successful': 1, 'failed': 0}, '_seq_no': 923, '_primary_term': 1}
[2024-09-24T12:57:52.826+0000] {base.py:271} INFO - POST http://elasticsearch:9200/milestone3/_doc [status:201 request:0.001s]
[2024-09-24T12:57:52.827+0000] {logging_mixin.py:115} INFO - {'_index': 'milestone3', '_type': '_doc', '_id': 'IVAcJJIB9Ge4CN5SE0C5', '_version': 1, 'result': 'created', '_shards': {'total': 2, 'successful': 1, 'failed': 0}, '_seq_no': 924, '_primary_term': 1}
[2024-09-24T12:57:52.828+0000] {base.py:271} INFO - POST http://elasticsearch:9200/milestone3/_doc [status:201 request:0.002s]
[2024-09-24T12:57:52.829+0000] {logging_mixin.py:115} INFO - {'_index': 'milestone3', '_type': '_doc', '_id': 'IlAcJJIB9Ge4CN5SE0C7', '_version': 1, 'result': 'created', '_shards': {'total': 2, 'successful': 1, 'failed': 0}, '_seq_no': 925, '_primary_term': 1}
[2024-09-24T12:57:52.830+0000] {base.py:271} INFO - POST http://elasticsearch:9200/milestone3/_doc [status:201 request:0.001s]
[2024-09-24T12:57:52.830+0000] {logging_mixin.py:115} INFO - {'_index': 'milestone3', '_type': '_doc', '_id': 'I1AcJJIB9Ge4CN5SE0C9', '_version': 1, 'result': 'created', '_shards': {'total': 2, 'successful': 1, 'failed': 0}, '_seq_no': 926, '_primary_term': 1}
[2024-09-24T12:57:52.832+0000] {base.py:271} INFO - POST http://elasticsearch:9200/milestone3/_doc [status:201 request:0.001s]
[2024-09-24T12:57:52.832+0000] {logging_mixin.py:115} INFO - {'_index': 'milestone3', '_type': '_doc', '_id': 'JFAcJJIB9Ge4CN5SE0C_', '_version': 1, 'result': 'created', '_shards': {'total': 2, 'successful': 1, 'failed': 0}, '_seq_no': 927, '_primary_term': 1}
[2024-09-24T12:57:52.834+0000] {base.py:271} INFO - POST http://elasticsearch:9200/milestone3/_doc [status:201 request:0.001s]
[2024-09-24T12:57:52.834+0000] {logging_mixin.py:115} INFO - {'_index': 'milestone3', '_type': '_doc', '_id': 'JVAcJJIB9Ge4CN5SE0DB', '_version': 1, 'result': 'created', '_shards': {'total': 2, 'successful': 1, 'failed': 0}, '_seq_no': 928, '_primary_term': 1}
[2024-09-24T12:57:52.835+0000] {base.py:271} INFO - POST http://elasticsearch:9200/milestone3/_doc [status:201 request:0.001s]
[2024-09-24T12:57:52.836+0000] {logging_mixin.py:115} INFO - {'_index': 'milestone3', '_type': '_doc', '_id': 'JlAcJJIB9Ge4CN5SE0DC', '_version': 1, 'result': 'created', '_shards': {'total': 2, 'successful': 1, 'failed': 0}, '_seq_no': 929, '_primary_term': 1}
[2024-09-24T12:57:52.837+0000] {base.py:271} INFO - POST http://elasticsearch:9200/milestone3/_doc [status:201 request:0.001s]
[2024-09-24T12:57:52.837+0000] {logging_mixin.py:115} INFO - {'_index': 'milestone3', '_type': '_doc', '_id': 'J1AcJJIB9Ge4CN5SE0DE', '_version': 1, 'result': 'created', '_shards': {'total': 2, 'successful': 1, 'failed': 0}, '_seq_no': 930, '_primary_term': 1}
[2024-09-24T12:57:52.839+0000] {base.py:271} INFO - POST http://elasticsearch:9200/milestone3/_doc [status:201 request:0.001s]
[2024-09-24T12:57:52.839+0000] {logging_mixin.py:115} INFO - {'_index': 'milestone3', '_type': '_doc', '_id': 'KFAcJJIB9Ge4CN5SE0DG', '_version': 1, 'result': 'created', '_shards': {'total': 2, 'successful': 1, 'failed': 0}, '_seq_no': 931, '_primary_term': 1}
[2024-09-24T12:57:52.841+0000] {base.py:271} INFO - POST http://elasticsearch:9200/milestone3/_doc [status:201 request:0.001s]
[2024-09-24T12:57:52.841+0000] {logging_mixin.py:115} INFO - {'_index': 'milestone3', '_type': '_doc', '_id': 'KVAcJJIB9Ge4CN5SE0DI', '_version': 1, 'result': 'created', '_shards': {'total': 2, 'successful': 1, 'failed': 0}, '_seq_no': 932, '_primary_term': 1}
[2024-09-24T12:57:52.842+0000] {base.py:271} INFO - POST http://elasticsearch:9200/milestone3/_doc [status:201 request:0.001s]
[2024-09-24T12:57:52.843+0000] {logging_mixin.py:115} INFO - {'_index': 'milestone3', '_type': '_doc', '_id': 'KlAcJJIB9Ge4CN5SE0DJ', '_version': 1, 'result': 'created', '_shards': {'total': 2, 'successful': 1, 'failed': 0}, '_seq_no': 933, '_primary_term': 1}
[2024-09-24T12:57:52.844+0000] {base.py:271} INFO - POST http://elasticsearch:9200/milestone3/_doc [status:201 request:0.001s]
[2024-09-24T12:57:52.844+0000] {logging_mixin.py:115} INFO - {'_index': 'milestone3', '_type': '_doc', '_id': 'K1AcJJIB9Ge4CN5SE0DL', '_version': 1, 'result': 'created', '_shards': {'total': 2, 'successful': 1, 'failed': 0}, '_seq_no': 934, '_primary_term': 1}
[2024-09-24T12:57:52.846+0000] {base.py:271} INFO - POST http://elasticsearch:9200/milestone3/_doc [status:201 request:0.001s]
[2024-09-24T12:57:52.846+0000] {logging_mixin.py:115} INFO - {'_index': 'milestone3', '_type': '_doc', '_id': 'LFAcJJIB9Ge4CN5SE0DN', '_version': 1, 'result': 'created', '_shards': {'total': 2, 'successful': 1, 'failed': 0}, '_seq_no': 935, '_primary_term': 1}
[2024-09-24T12:57:52.847+0000] {base.py:271} INFO - POST http://elasticsearch:9200/milestone3/_doc [status:201 request:0.002s]
[2024-09-24T12:57:52.848+0000] {logging_mixin.py:115} INFO - {'_index': 'milestone3', '_type': '_doc', '_id': 'LVAcJJIB9Ge4CN5SE0DO', '_version': 1, 'result': 'created', '_shards': {'total': 2, 'successful': 1, 'failed': 0}, '_seq_no': 936, '_primary_term': 1}
[2024-09-24T12:57:52.849+0000] {base.py:271} INFO - POST http://elasticsearch:9200/milestone3/_doc [status:201 request:0.001s]
[2024-09-24T12:57:52.849+0000] {logging_mixin.py:115} INFO - {'_index': 'milestone3', '_type': '_doc', '_id': 'LlAcJJIB9Ge4CN5SE0DQ', '_version': 1, 'result': 'created', '_shards': {'total': 2, 'successful': 1, 'failed': 0}, '_seq_no': 937, '_primary_term': 1}
[2024-09-24T12:57:52.851+0000] {base.py:271} INFO - POST http://elasticsearch:9200/milestone3/_doc [status:201 request:0.001s]
[2024-09-24T12:57:52.851+0000] {logging_mixin.py:115} INFO - {'_index': 'milestone3', '_type': '_doc', '_id': 'L1AcJJIB9Ge4CN5SE0DS', '_version': 1, 'result': 'created', '_shards': {'total': 2, 'successful': 1, 'failed': 0}, '_seq_no': 938, '_primary_term': 1}
[2024-09-24T12:57:52.852+0000] {base.py:271} INFO - POST http://elasticsearch:9200/milestone3/_doc [status:201 request:0.001s]
[2024-09-24T12:57:52.853+0000] {logging_mixin.py:115} INFO - {'_index': 'milestone3', '_type': '_doc', '_id': 'MFAcJJIB9Ge4CN5SE0DU', '_version': 1, 'result': 'created', '_shards': {'total': 2, 'successful': 1, 'failed': 0}, '_seq_no': 939, '_primary_term': 1}
[2024-09-24T12:57:52.854+0000] {base.py:271} INFO - POST http://elasticsearch:9200/milestone3/_doc [status:201 request:0.001s]
[2024-09-24T12:57:52.854+0000] {logging_mixin.py:115} INFO - {'_index': 'milestone3', '_type': '_doc', '_id': 'MVAcJJIB9Ge4CN5SE0DV', '_version': 1, 'result': 'created', '_shards': {'total': 2, 'successful': 1, 'failed': 0}, '_seq_no': 940, '_primary_term': 1}
[2024-09-24T12:57:52.856+0000] {base.py:271} INFO - POST http://elasticsearch:9200/milestone3/_doc [status:201 request:0.001s]
[2024-09-24T12:57:52.856+0000] {logging_mixin.py:115} INFO - {'_index': 'milestone3', '_type': '_doc', '_id': 'MlAcJJIB9Ge4CN5SE0DX', '_version': 1, 'result': 'created', '_shards': {'total': 2, 'successful': 1, 'failed': 0}, '_seq_no': 941, '_primary_term': 1}
[2024-09-24T12:57:52.857+0000] {base.py:271} INFO - POST http://elasticsearch:9200/milestone3/_doc [status:201 request:0.001s]
[2024-09-24T12:57:52.857+0000] {logging_mixin.py:115} INFO - {'_index': 'milestone3', '_type': '_doc', '_id': 'M1AcJJIB9Ge4CN5SE0DY', '_version': 1, 'result': 'created', '_shards': {'total': 2, 'successful': 1, 'failed': 0}, '_seq_no': 942, '_primary_term': 1}
[2024-09-24T12:57:52.859+0000] {base.py:271} INFO - POST http://elasticsearch:9200/milestone3/_doc [status:201 request:0.001s]
[2024-09-24T12:57:52.859+0000] {logging_mixin.py:115} INFO - {'_index': 'milestone3', '_type': '_doc', '_id': 'NFAcJJIB9Ge4CN5SE0Da', '_version': 1, 'result': 'created', '_shards': {'total': 2, 'successful': 1, 'failed': 0}, '_seq_no': 943, '_primary_term': 1}
[2024-09-24T12:57:52.861+0000] {base.py:271} INFO - POST http://elasticsearch:9200/milestone3/_doc [status:201 request:0.002s]
[2024-09-24T12:57:52.861+0000] {logging_mixin.py:115} INFO - {'_index': 'milestone3', '_type': '_doc', '_id': 'NVAcJJIB9Ge4CN5SE0Db', '_version': 1, 'result': 'created', '_shards': {'total': 2, 'successful': 1, 'failed': 0}, '_seq_no': 944, '_primary_term': 1}
[2024-09-24T12:57:52.863+0000] {base.py:271} INFO - POST http://elasticsearch:9200/milestone3/_doc [status:201 request:0.002s]
[2024-09-24T12:57:52.863+0000] {logging_mixin.py:115} INFO - {'_index': 'milestone3', '_type': '_doc', '_id': 'NlAcJJIB9Ge4CN5SE0De', '_version': 1, 'result': 'created', '_shards': {'total': 2, 'successful': 1, 'failed': 0}, '_seq_no': 945, '_primary_term': 1}
[2024-09-24T12:57:52.865+0000] {base.py:271} INFO - POST http://elasticsearch:9200/milestone3/_doc [status:201 request:0.001s]
[2024-09-24T12:57:52.865+0000] {logging_mixin.py:115} INFO - {'_index': 'milestone3', '_type': '_doc', '_id': 'N1AcJJIB9Ge4CN5SE0Dg', '_version': 1, 'result': 'created', '_shards': {'total': 2, 'successful': 1, 'failed': 0}, '_seq_no': 946, '_primary_term': 1}
[2024-09-24T12:57:52.866+0000] {base.py:271} INFO - POST http://elasticsearch:9200/milestone3/_doc [status:201 request:0.001s]
[2024-09-24T12:57:52.867+0000] {logging_mixin.py:115} INFO - {'_index': 'milestone3', '_type': '_doc', '_id': 'OFAcJJIB9Ge4CN5SE0Dh', '_version': 1, 'result': 'created', '_shards': {'total': 2, 'successful': 1, 'failed': 0}, '_seq_no': 947, '_primary_term': 1}
[2024-09-24T12:57:52.868+0000] {base.py:271} INFO - POST http://elasticsearch:9200/milestone3/_doc [status:201 request:0.001s]
[2024-09-24T12:57:52.868+0000] {logging_mixin.py:115} INFO - {'_index': 'milestone3', '_type': '_doc', '_id': 'OVAcJJIB9Ge4CN5SE0Dj', '_version': 1, 'result': 'created', '_shards': {'total': 2, 'successful': 1, 'failed': 0}, '_seq_no': 948, '_primary_term': 1}
[2024-09-24T12:57:52.870+0000] {base.py:271} INFO - POST http://elasticsearch:9200/milestone3/_doc [status:201 request:0.001s]
[2024-09-24T12:57:52.870+0000] {logging_mixin.py:115} INFO - {'_index': 'milestone3', '_type': '_doc', '_id': 'OlAcJJIB9Ge4CN5SE0Dl', '_version': 1, 'result': 'created', '_shards': {'total': 2, 'successful': 1, 'failed': 0}, '_seq_no': 949, '_primary_term': 1}
[2024-09-24T12:57:52.871+0000] {base.py:271} INFO - POST http://elasticsearch:9200/milestone3/_doc [status:201 request:0.001s]
[2024-09-24T12:57:52.871+0000] {logging_mixin.py:115} INFO - {'_index': 'milestone3', '_type': '_doc', '_id': 'O1AcJJIB9Ge4CN5SE0Dm', '_version': 1, 'result': 'created', '_shards': {'total': 2, 'successful': 1, 'failed': 0}, '_seq_no': 950, '_primary_term': 1}
[2024-09-24T12:57:52.873+0000] {base.py:271} INFO - POST http://elasticsearch:9200/milestone3/_doc [status:201 request:0.001s]
[2024-09-24T12:57:52.873+0000] {logging_mixin.py:115} INFO - {'_index': 'milestone3', '_type': '_doc', '_id': 'PFAcJJIB9Ge4CN5SE0Do', '_version': 1, 'result': 'created', '_shards': {'total': 2, 'successful': 1, 'failed': 0}, '_seq_no': 951, '_primary_term': 1}
[2024-09-24T12:57:52.874+0000] {base.py:271} INFO - POST http://elasticsearch:9200/milestone3/_doc [status:201 request:0.001s]
[2024-09-24T12:57:52.875+0000] {logging_mixin.py:115} INFO - {'_index': 'milestone3', '_type': '_doc', '_id': 'PVAcJJIB9Ge4CN5SE0Dp', '_version': 1, 'result': 'created', '_shards': {'total': 2, 'successful': 1, 'failed': 0}, '_seq_no': 952, '_primary_term': 1}
[2024-09-24T12:57:52.876+0000] {base.py:271} INFO - POST http://elasticsearch:9200/milestone3/_doc [status:201 request:0.001s]
[2024-09-24T12:57:52.876+0000] {logging_mixin.py:115} INFO - {'_index': 'milestone3', '_type': '_doc', '_id': 'PlAcJJIB9Ge4CN5SE0Dr', '_version': 1, 'result': 'created', '_shards': {'total': 2, 'successful': 1, 'failed': 0}, '_seq_no': 953, '_primary_term': 1}
[2024-09-24T12:57:52.878+0000] {base.py:271} INFO - POST http://elasticsearch:9200/milestone3/_doc [status:201 request:0.001s]
[2024-09-24T12:57:52.878+0000] {logging_mixin.py:115} INFO - {'_index': 'milestone3', '_type': '_doc', '_id': 'P1AcJJIB9Ge4CN5SE0Dt', '_version': 1, 'result': 'created', '_shards': {'total': 2, 'successful': 1, 'failed': 0}, '_seq_no': 954, '_primary_term': 1}
[2024-09-24T12:57:52.879+0000] {base.py:271} INFO - POST http://elasticsearch:9200/milestone3/_doc [status:201 request:0.002s]
[2024-09-24T12:57:52.880+0000] {logging_mixin.py:115} INFO - {'_index': 'milestone3', '_type': '_doc', '_id': 'QFAcJJIB9Ge4CN5SE0Du', '_version': 1, 'result': 'created', '_shards': {'total': 2, 'successful': 1, 'failed': 0}, '_seq_no': 955, '_primary_term': 1}
[2024-09-24T12:57:52.882+0000] {base.py:271} INFO - POST http://elasticsearch:9200/milestone3/_doc [status:201 request:0.002s]
[2024-09-24T12:57:52.882+0000] {logging_mixin.py:115} INFO - {'_index': 'milestone3', '_type': '_doc', '_id': 'QVAcJJIB9Ge4CN5SE0Dw', '_version': 1, 'result': 'created', '_shards': {'total': 2, 'successful': 1, 'failed': 0}, '_seq_no': 956, '_primary_term': 1}
[2024-09-24T12:57:52.883+0000] {base.py:271} INFO - POST http://elasticsearch:9200/milestone3/_doc [status:201 request:0.001s]
[2024-09-24T12:57:52.883+0000] {logging_mixin.py:115} INFO - {'_index': 'milestone3', '_type': '_doc', '_id': 'QlAcJJIB9Ge4CN5SE0Dy', '_version': 1, 'result': 'created', '_shards': {'total': 2, 'successful': 1, 'failed': 0}, '_seq_no': 957, '_primary_term': 1}
[2024-09-24T12:57:52.885+0000] {base.py:271} INFO - POST http://elasticsearch:9200/milestone3/_doc [status:201 request:0.001s]
[2024-09-24T12:57:52.885+0000] {logging_mixin.py:115} INFO - {'_index': 'milestone3', '_type': '_doc', '_id': 'Q1AcJJIB9Ge4CN5SE0D0', '_version': 1, 'result': 'created', '_shards': {'total': 2, 'successful': 1, 'failed': 0}, '_seq_no': 958, '_primary_term': 1}
[2024-09-24T12:57:52.887+0000] {base.py:271} INFO - POST http://elasticsearch:9200/milestone3/_doc [status:201 request:0.001s]
[2024-09-24T12:57:52.887+0000] {logging_mixin.py:115} INFO - {'_index': 'milestone3', '_type': '_doc', '_id': 'RFAcJJIB9Ge4CN5SE0D2', '_version': 1, 'result': 'created', '_shards': {'total': 2, 'successful': 1, 'failed': 0}, '_seq_no': 959, '_primary_term': 1}
[2024-09-24T12:57:52.889+0000] {base.py:271} INFO - POST http://elasticsearch:9200/milestone3/_doc [status:201 request:0.001s]
[2024-09-24T12:57:52.889+0000] {logging_mixin.py:115} INFO - {'_index': 'milestone3', '_type': '_doc', '_id': 'RVAcJJIB9Ge4CN5SE0D3', '_version': 1, 'result': 'created', '_shards': {'total': 2, 'successful': 1, 'failed': 0}, '_seq_no': 960, '_primary_term': 1}
[2024-09-24T12:57:52.890+0000] {base.py:271} INFO - POST http://elasticsearch:9200/milestone3/_doc [status:201 request:0.001s]
[2024-09-24T12:57:52.890+0000] {logging_mixin.py:115} INFO - {'_index': 'milestone3', '_type': '_doc', '_id': 'RlAcJJIB9Ge4CN5SE0D5', '_version': 1, 'result': 'created', '_shards': {'total': 2, 'successful': 1, 'failed': 0}, '_seq_no': 961, '_primary_term': 1}
[2024-09-24T12:57:52.892+0000] {base.py:271} INFO - POST http://elasticsearch:9200/milestone3/_doc [status:201 request:0.001s]
[2024-09-24T12:57:52.892+0000] {logging_mixin.py:115} INFO - {'_index': 'milestone3', '_type': '_doc', '_id': 'R1AcJJIB9Ge4CN5SE0D7', '_version': 1, 'result': 'created', '_shards': {'total': 2, 'successful': 1, 'failed': 0}, '_seq_no': 962, '_primary_term': 1}
[2024-09-24T12:57:52.894+0000] {base.py:271} INFO - POST http://elasticsearch:9200/milestone3/_doc [status:201 request:0.001s]
[2024-09-24T12:57:52.894+0000] {logging_mixin.py:115} INFO - {'_index': 'milestone3', '_type': '_doc', '_id': 'SFAcJJIB9Ge4CN5SE0D9', '_version': 1, 'result': 'created', '_shards': {'total': 2, 'successful': 1, 'failed': 0}, '_seq_no': 963, '_primary_term': 1}
[2024-09-24T12:57:52.896+0000] {base.py:271} INFO - POST http://elasticsearch:9200/milestone3/_doc [status:201 request:0.001s]
[2024-09-24T12:57:52.896+0000] {logging_mixin.py:115} INFO - {'_index': 'milestone3', '_type': '_doc', '_id': 'SVAcJJIB9Ge4CN5SE0D_', '_version': 1, 'result': 'created', '_shards': {'total': 2, 'successful': 1, 'failed': 0}, '_seq_no': 964, '_primary_term': 1}
[2024-09-24T12:57:52.897+0000] {base.py:271} INFO - POST http://elasticsearch:9200/milestone3/_doc [status:201 request:0.001s]
[2024-09-24T12:57:52.897+0000] {logging_mixin.py:115} INFO - {'_index': 'milestone3', '_type': '_doc', '_id': 'SlAcJJIB9Ge4CN5SFEAA', '_version': 1, 'result': 'created', '_shards': {'total': 2, 'successful': 1, 'failed': 0}, '_seq_no': 965, '_primary_term': 1}
[2024-09-24T12:57:52.899+0000] {base.py:271} INFO - POST http://elasticsearch:9200/milestone3/_doc [status:201 request:0.001s]
[2024-09-24T12:57:52.899+0000] {logging_mixin.py:115} INFO - {'_index': 'milestone3', '_type': '_doc', '_id': 'S1AcJJIB9Ge4CN5SFEAC', '_version': 1, 'result': 'created', '_shards': {'total': 2, 'successful': 1, 'failed': 0}, '_seq_no': 966, '_primary_term': 1}
[2024-09-24T12:57:52.901+0000] {base.py:271} INFO - POST http://elasticsearch:9200/milestone3/_doc [status:201 request:0.002s]
[2024-09-24T12:57:52.901+0000] {logging_mixin.py:115} INFO - {'_index': 'milestone3', '_type': '_doc', '_id': 'TFAcJJIB9Ge4CN5SFEAE', '_version': 1, 'result': 'created', '_shards': {'total': 2, 'successful': 1, 'failed': 0}, '_seq_no': 967, '_primary_term': 1}
[2024-09-24T12:57:52.903+0000] {base.py:271} INFO - POST http://elasticsearch:9200/milestone3/_doc [status:201 request:0.002s]
[2024-09-24T12:57:52.903+0000] {logging_mixin.py:115} INFO - {'_index': 'milestone3', '_type': '_doc', '_id': 'TVAcJJIB9Ge4CN5SFEAF', '_version': 1, 'result': 'created', '_shards': {'total': 2, 'successful': 1, 'failed': 0}, '_seq_no': 968, '_primary_term': 1}
[2024-09-24T12:57:52.905+0000] {base.py:271} INFO - POST http://elasticsearch:9200/milestone3/_doc [status:201 request:0.002s]
[2024-09-24T12:57:52.905+0000] {logging_mixin.py:115} INFO - {'_index': 'milestone3', '_type': '_doc', '_id': 'TlAcJJIB9Ge4CN5SFEAH', '_version': 1, 'result': 'created', '_shards': {'total': 2, 'successful': 1, 'failed': 0}, '_seq_no': 969, '_primary_term': 1}
[2024-09-24T12:57:52.907+0000] {base.py:271} INFO - POST http://elasticsearch:9200/milestone3/_doc [status:201 request:0.001s]
[2024-09-24T12:57:52.907+0000] {logging_mixin.py:115} INFO - {'_index': 'milestone3', '_type': '_doc', '_id': 'T1AcJJIB9Ge4CN5SFEAJ', '_version': 1, 'result': 'created', '_shards': {'total': 2, 'successful': 1, 'failed': 0}, '_seq_no': 970, '_primary_term': 1}
[2024-09-24T12:57:52.908+0000] {base.py:271} INFO - POST http://elasticsearch:9200/milestone3/_doc [status:201 request:0.001s]
[2024-09-24T12:57:52.909+0000] {logging_mixin.py:115} INFO - {'_index': 'milestone3', '_type': '_doc', '_id': 'UFAcJJIB9Ge4CN5SFEAL', '_version': 1, 'result': 'created', '_shards': {'total': 2, 'successful': 1, 'failed': 0}, '_seq_no': 971, '_primary_term': 1}
[2024-09-24T12:57:52.910+0000] {base.py:271} INFO - POST http://elasticsearch:9200/milestone3/_doc [status:201 request:0.001s]
[2024-09-24T12:57:52.910+0000] {logging_mixin.py:115} INFO - {'_index': 'milestone3', '_type': '_doc', '_id': 'UVAcJJIB9Ge4CN5SFEAN', '_version': 1, 'result': 'created', '_shards': {'total': 2, 'successful': 1, 'failed': 0}, '_seq_no': 972, '_primary_term': 1}
[2024-09-24T12:57:52.912+0000] {base.py:271} INFO - POST http://elasticsearch:9200/milestone3/_doc [status:201 request:0.001s]
[2024-09-24T12:57:52.912+0000] {logging_mixin.py:115} INFO - {'_index': 'milestone3', '_type': '_doc', '_id': 'UlAcJJIB9Ge4CN5SFEAO', '_version': 1, 'result': 'created', '_shards': {'total': 2, 'successful': 1, 'failed': 0}, '_seq_no': 973, '_primary_term': 1}
[2024-09-24T12:57:52.914+0000] {base.py:271} INFO - POST http://elasticsearch:9200/milestone3/_doc [status:201 request:0.002s]
[2024-09-24T12:57:52.914+0000] {logging_mixin.py:115} INFO - {'_index': 'milestone3', '_type': '_doc', '_id': 'U1AcJJIB9Ge4CN5SFEAQ', '_version': 1, 'result': 'created', '_shards': {'total': 2, 'successful': 1, 'failed': 0}, '_seq_no': 974, '_primary_term': 1}
[2024-09-24T12:57:52.915+0000] {base.py:271} INFO - POST http://elasticsearch:9200/milestone3/_doc [status:201 request:0.001s]
[2024-09-24T12:57:52.915+0000] {logging_mixin.py:115} INFO - {'_index': 'milestone3', '_type': '_doc', '_id': 'VFAcJJIB9Ge4CN5SFEAS', '_version': 1, 'result': 'created', '_shards': {'total': 2, 'successful': 1, 'failed': 0}, '_seq_no': 975, '_primary_term': 1}
[2024-09-24T12:57:52.917+0000] {base.py:271} INFO - POST http://elasticsearch:9200/milestone3/_doc [status:201 request:0.001s]
[2024-09-24T12:57:52.917+0000] {logging_mixin.py:115} INFO - {'_index': 'milestone3', '_type': '_doc', '_id': 'VVAcJJIB9Ge4CN5SFEAU', '_version': 1, 'result': 'created', '_shards': {'total': 2, 'successful': 1, 'failed': 0}, '_seq_no': 976, '_primary_term': 1}
[2024-09-24T12:57:52.918+0000] {base.py:271} INFO - POST http://elasticsearch:9200/milestone3/_doc [status:201 request:0.001s]
[2024-09-24T12:57:52.919+0000] {logging_mixin.py:115} INFO - {'_index': 'milestone3', '_type': '_doc', '_id': 'VlAcJJIB9Ge4CN5SFEAV', '_version': 1, 'result': 'created', '_shards': {'total': 2, 'successful': 1, 'failed': 0}, '_seq_no': 977, '_primary_term': 1}
[2024-09-24T12:57:52.920+0000] {base.py:271} INFO - POST http://elasticsearch:9200/milestone3/_doc [status:201 request:0.001s]
[2024-09-24T12:57:52.920+0000] {logging_mixin.py:115} INFO - {'_index': 'milestone3', '_type': '_doc', '_id': 'V1AcJJIB9Ge4CN5SFEAX', '_version': 1, 'result': 'created', '_shards': {'total': 2, 'successful': 1, 'failed': 0}, '_seq_no': 978, '_primary_term': 1}
[2024-09-24T12:57:52.922+0000] {base.py:271} INFO - POST http://elasticsearch:9200/milestone3/_doc [status:201 request:0.001s]
[2024-09-24T12:57:52.922+0000] {logging_mixin.py:115} INFO - {'_index': 'milestone3', '_type': '_doc', '_id': 'WFAcJJIB9Ge4CN5SFEAZ', '_version': 1, 'result': 'created', '_shards': {'total': 2, 'successful': 1, 'failed': 0}, '_seq_no': 979, '_primary_term': 1}
[2024-09-24T12:57:52.923+0000] {base.py:271} INFO - POST http://elasticsearch:9200/milestone3/_doc [status:201 request:0.001s]
[2024-09-24T12:57:52.924+0000] {logging_mixin.py:115} INFO - {'_index': 'milestone3', '_type': '_doc', '_id': 'WVAcJJIB9Ge4CN5SFEAb', '_version': 1, 'result': 'created', '_shards': {'total': 2, 'successful': 1, 'failed': 0}, '_seq_no': 980, '_primary_term': 1}
[2024-09-24T12:57:52.925+0000] {base.py:271} INFO - POST http://elasticsearch:9200/milestone3/_doc [status:201 request:0.001s]
[2024-09-24T12:57:52.926+0000] {logging_mixin.py:115} INFO - {'_index': 'milestone3', '_type': '_doc', '_id': 'WlAcJJIB9Ge4CN5SFEAc', '_version': 1, 'result': 'created', '_shards': {'total': 2, 'successful': 1, 'failed': 0}, '_seq_no': 981, '_primary_term': 1}
[2024-09-24T12:57:52.927+0000] {base.py:271} INFO - POST http://elasticsearch:9200/milestone3/_doc [status:201 request:0.001s]
[2024-09-24T12:57:52.927+0000] {logging_mixin.py:115} INFO - {'_index': 'milestone3', '_type': '_doc', '_id': 'W1AcJJIB9Ge4CN5SFEAe', '_version': 1, 'result': 'created', '_shards': {'total': 2, 'successful': 1, 'failed': 0}, '_seq_no': 982, '_primary_term': 1}
[2024-09-24T12:57:52.929+0000] {base.py:271} INFO - POST http://elasticsearch:9200/milestone3/_doc [status:201 request:0.001s]
[2024-09-24T12:57:52.929+0000] {logging_mixin.py:115} INFO - {'_index': 'milestone3', '_type': '_doc', '_id': 'XFAcJJIB9Ge4CN5SFEAg', '_version': 1, 'result': 'created', '_shards': {'total': 2, 'successful': 1, 'failed': 0}, '_seq_no': 983, '_primary_term': 1}
[2024-09-24T12:57:52.931+0000] {base.py:271} INFO - POST http://elasticsearch:9200/milestone3/_doc [status:201 request:0.002s]
[2024-09-24T12:57:52.931+0000] {logging_mixin.py:115} INFO - {'_index': 'milestone3', '_type': '_doc', '_id': 'XVAcJJIB9Ge4CN5SFEAh', '_version': 1, 'result': 'created', '_shards': {'total': 2, 'successful': 1, 'failed': 0}, '_seq_no': 984, '_primary_term': 1}
[2024-09-24T12:57:52.932+0000] {base.py:271} INFO - POST http://elasticsearch:9200/milestone3/_doc [status:201 request:0.001s]
[2024-09-24T12:57:52.933+0000] {logging_mixin.py:115} INFO - {'_index': 'milestone3', '_type': '_doc', '_id': 'XlAcJJIB9Ge4CN5SFEAj', '_version': 1, 'result': 'created', '_shards': {'total': 2, 'successful': 1, 'failed': 0}, '_seq_no': 985, '_primary_term': 1}
[2024-09-24T12:57:52.934+0000] {base.py:271} INFO - POST http://elasticsearch:9200/milestone3/_doc [status:201 request:0.001s]
[2024-09-24T12:57:52.934+0000] {logging_mixin.py:115} INFO - {'_index': 'milestone3', '_type': '_doc', '_id': 'X1AcJJIB9Ge4CN5SFEAl', '_version': 1, 'result': 'created', '_shards': {'total': 2, 'successful': 1, 'failed': 0}, '_seq_no': 986, '_primary_term': 1}
[2024-09-24T12:57:52.936+0000] {base.py:271} INFO - POST http://elasticsearch:9200/milestone3/_doc [status:201 request:0.001s]
[2024-09-24T12:57:52.936+0000] {logging_mixin.py:115} INFO - {'_index': 'milestone3', '_type': '_doc', '_id': 'YFAcJJIB9Ge4CN5SFEAn', '_version': 1, 'result': 'created', '_shards': {'total': 2, 'successful': 1, 'failed': 0}, '_seq_no': 987, '_primary_term': 1}
[2024-09-24T12:57:52.937+0000] {base.py:271} INFO - POST http://elasticsearch:9200/milestone3/_doc [status:201 request:0.001s]
[2024-09-24T12:57:52.937+0000] {logging_mixin.py:115} INFO - {'_index': 'milestone3', '_type': '_doc', '_id': 'YVAcJJIB9Ge4CN5SFEAo', '_version': 1, 'result': 'created', '_shards': {'total': 2, 'successful': 1, 'failed': 0}, '_seq_no': 988, '_primary_term': 1}
[2024-09-24T12:57:52.939+0000] {base.py:271} INFO - POST http://elasticsearch:9200/milestone3/_doc [status:201 request:0.001s]
[2024-09-24T12:57:52.939+0000] {logging_mixin.py:115} INFO - {'_index': 'milestone3', '_type': '_doc', '_id': 'YlAcJJIB9Ge4CN5SFEAq', '_version': 1, 'result': 'created', '_shards': {'total': 2, 'successful': 1, 'failed': 0}, '_seq_no': 989, '_primary_term': 1}
[2024-09-24T12:57:52.940+0000] {base.py:271} INFO - POST http://elasticsearch:9200/milestone3/_doc [status:201 request:0.001s]
[2024-09-24T12:57:52.941+0000] {logging_mixin.py:115} INFO - {'_index': 'milestone3', '_type': '_doc', '_id': 'Y1AcJJIB9Ge4CN5SFEAs', '_version': 1, 'result': 'created', '_shards': {'total': 2, 'successful': 1, 'failed': 0}, '_seq_no': 990, '_primary_term': 1}
[2024-09-24T12:57:52.944+0000] {base.py:271} INFO - POST http://elasticsearch:9200/milestone3/_doc [status:201 request:0.003s]
[2024-09-24T12:57:52.944+0000] {logging_mixin.py:115} INFO - {'_index': 'milestone3', '_type': '_doc', '_id': 'ZFAcJJIB9Ge4CN5SFEAt', '_version': 1, 'result': 'created', '_shards': {'total': 2, 'successful': 1, 'failed': 0}, '_seq_no': 991, '_primary_term': 1}
[2024-09-24T12:57:52.946+0000] {base.py:271} INFO - POST http://elasticsearch:9200/milestone3/_doc [status:201 request:0.002s]
[2024-09-24T12:57:52.946+0000] {logging_mixin.py:115} INFO - {'_index': 'milestone3', '_type': '_doc', '_id': 'ZVAcJJIB9Ge4CN5SFEAx', '_version': 1, 'result': 'created', '_shards': {'total': 2, 'successful': 1, 'failed': 0}, '_seq_no': 992, '_primary_term': 1}
[2024-09-24T12:57:52.948+0000] {base.py:271} INFO - POST http://elasticsearch:9200/milestone3/_doc [status:201 request:0.001s]
[2024-09-24T12:57:52.948+0000] {logging_mixin.py:115} INFO - {'_index': 'milestone3', '_type': '_doc', '_id': 'ZlAcJJIB9Ge4CN5SFEAz', '_version': 1, 'result': 'created', '_shards': {'total': 2, 'successful': 1, 'failed': 0}, '_seq_no': 993, '_primary_term': 1}
[2024-09-24T12:57:52.950+0000] {base.py:271} INFO - POST http://elasticsearch:9200/milestone3/_doc [status:201 request:0.002s]
[2024-09-24T12:57:52.950+0000] {logging_mixin.py:115} INFO - {'_index': 'milestone3', '_type': '_doc', '_id': 'Z1AcJJIB9Ge4CN5SFEA0', '_version': 1, 'result': 'created', '_shards': {'total': 2, 'successful': 1, 'failed': 0}, '_seq_no': 994, '_primary_term': 1}
[2024-09-24T12:57:52.951+0000] {base.py:271} INFO - POST http://elasticsearch:9200/milestone3/_doc [status:201 request:0.001s]
[2024-09-24T12:57:52.952+0000] {logging_mixin.py:115} INFO - {'_index': 'milestone3', '_type': '_doc', '_id': 'aFAcJJIB9Ge4CN5SFEA2', '_version': 1, 'result': 'created', '_shards': {'total': 2, 'successful': 1, 'failed': 0}, '_seq_no': 995, '_primary_term': 1}
[2024-09-24T12:57:52.953+0000] {base.py:271} INFO - POST http://elasticsearch:9200/milestone3/_doc [status:201 request:0.001s]
[2024-09-24T12:57:52.953+0000] {logging_mixin.py:115} INFO - {'_index': 'milestone3', '_type': '_doc', '_id': 'aVAcJJIB9Ge4CN5SFEA4', '_version': 1, 'result': 'created', '_shards': {'total': 2, 'successful': 1, 'failed': 0}, '_seq_no': 996, '_primary_term': 1}
[2024-09-24T12:57:52.955+0000] {base.py:271} INFO - POST http://elasticsearch:9200/milestone3/_doc [status:201 request:0.001s]
[2024-09-24T12:57:52.955+0000] {logging_mixin.py:115} INFO - {'_index': 'milestone3', '_type': '_doc', '_id': 'alAcJJIB9Ge4CN5SFEA6', '_version': 1, 'result': 'created', '_shards': {'total': 2, 'successful': 1, 'failed': 0}, '_seq_no': 997, '_primary_term': 1}
[2024-09-24T12:57:52.956+0000] {base.py:271} INFO - POST http://elasticsearch:9200/milestone3/_doc [status:201 request:0.001s]
[2024-09-24T12:57:52.957+0000] {logging_mixin.py:115} INFO - {'_index': 'milestone3', '_type': '_doc', '_id': 'a1AcJJIB9Ge4CN5SFEA7', '_version': 1, 'result': 'created', '_shards': {'total': 2, 'successful': 1, 'failed': 0}, '_seq_no': 998, '_primary_term': 1}
[2024-09-24T12:57:52.958+0000] {base.py:271} INFO - POST http://elasticsearch:9200/milestone3/_doc [status:201 request:0.001s]
[2024-09-24T12:57:52.958+0000] {logging_mixin.py:115} INFO - {'_index': 'milestone3', '_type': '_doc', '_id': 'bFAcJJIB9Ge4CN5SFEA9', '_version': 1, 'result': 'created', '_shards': {'total': 2, 'successful': 1, 'failed': 0}, '_seq_no': 999, '_primary_term': 1}
[2024-09-24T12:57:52.959+0000] {python.py:173} INFO - Done. Returned value was: None
[2024-09-24T12:57:53.000+0000] {taskinstance.py:1412} INFO - Marking task as SUCCESS. dag_id=final_projects, task_id=InsertDataElasticsearch, execution_date=20240924T125747, start_date=20240924T125750, end_date=20240924T125753
[2024-09-24T12:57:53.073+0000] {local_task_job.py:156} INFO - Task exited with return code 0
[2024-09-24T12:57:53.121+0000] {local_task_job.py:279} INFO - 0 downstream tasks scheduled from follow-on schedule check
