[2024-09-24T13:01:24.722+0000] {taskinstance.py:1171} INFO - Dependencies all met for <TaskInstance: final_projects.InsertDataElasticsearch manual__2024-09-24T13:01:21.714890+00:00 [queued]>
[2024-09-24T13:01:24.729+0000] {taskinstance.py:1171} INFO - Dependencies all met for <TaskInstance: final_projects.InsertDataElasticsearch manual__2024-09-24T13:01:21.714890+00:00 [queued]>
[2024-09-24T13:01:24.729+0000] {taskinstance.py:1368} INFO - 
--------------------------------------------------------------------------------
[2024-09-24T13:01:24.729+0000] {taskinstance.py:1369} INFO - Starting attempt 1 of 1
[2024-09-24T13:01:24.729+0000] {taskinstance.py:1370} INFO - 
--------------------------------------------------------------------------------
[2024-09-24T13:01:24.738+0000] {taskinstance.py:1389} INFO - Executing <Task(PythonOperator): InsertDataElasticsearch> on 2024-09-24 13:01:21.714890+00:00
[2024-09-24T13:01:24.744+0000] {standard_task_runner.py:52} INFO - Started process 381 to run task
[2024-09-24T13:01:24.746+0000] {standard_task_runner.py:79} INFO - Running: ['***', 'tasks', 'run', 'final_projects', 'InsertDataElasticsearch', 'manual__2024-09-24T13:01:21.714890+00:00', '--job-id', '19', '--raw', '--subdir', 'DAGS_FOLDER/final_projects_DAGS.py', '--cfg-path', '/tmp/tmp0p2fv9yb', '--error-file', '/tmp/tmpufupevoj']
[2024-09-24T13:01:24.748+0000] {standard_task_runner.py:80} INFO - Job 19: Subtask InsertDataElasticsearch
[2024-09-24T13:01:24.800+0000] {task_command.py:371} INFO - Running <TaskInstance: final_projects.InsertDataElasticsearch manual__2024-09-24T13:01:21.714890+00:00 [running]> on host a08a8d3729b5
[2024-09-24T13:01:24.860+0000] {taskinstance.py:1583} INFO - Exporting the following env vars:
AIRFLOW_CTX_DAG_OWNER=***
AIRFLOW_CTX_DAG_ID=final_projects
AIRFLOW_CTX_TASK_ID=InsertDataElasticsearch
AIRFLOW_CTX_EXECUTION_DATE=2024-09-24T13:01:21.714890+00:00
AIRFLOW_CTX_TRY_NUMBER=1
AIRFLOW_CTX_DAG_RUN_ID=manual__2024-09-24T13:01:21.714890+00:00
[2024-09-24T13:01:25.029+0000] {base.py:271} INFO - POST http://elasticsearch:9200/final_projects/_doc [status:201 request:0.155s]
[2024-09-24T13:01:25.030+0000] {logging_mixin.py:115} INFO - {'_index': 'final_projects', '_type': '_doc', '_id': 'bVAfJJIB9Ge4CN5SUECA', '_version': 1, 'result': 'created', '_shards': {'total': 2, 'successful': 1, 'failed': 0}, '_seq_no': 0, '_primary_term': 1}
[2024-09-24T13:01:25.033+0000] {base.py:271} INFO - POST http://elasticsearch:9200/final_projects/_doc [status:201 request:0.003s]
[2024-09-24T13:01:25.033+0000] {logging_mixin.py:115} INFO - {'_index': 'final_projects', '_type': '_doc', '_id': 'blAfJJIB9Ge4CN5SUECn', '_version': 1, 'result': 'created', '_shards': {'total': 2, 'successful': 1, 'failed': 0}, '_seq_no': 1, '_primary_term': 1}
[2024-09-24T13:01:25.035+0000] {base.py:271} INFO - POST http://elasticsearch:9200/final_projects/_doc [status:201 request:0.002s]
[2024-09-24T13:01:25.035+0000] {logging_mixin.py:115} INFO - {'_index': 'final_projects', '_type': '_doc', '_id': 'b1AfJJIB9Ge4CN5SUECq', '_version': 1, 'result': 'created', '_shards': {'total': 2, 'successful': 1, 'failed': 0}, '_seq_no': 2, '_primary_term': 1}
[2024-09-24T13:01:25.038+0000] {base.py:271} INFO - POST http://elasticsearch:9200/final_projects/_doc [status:201 request:0.002s]
[2024-09-24T13:01:25.038+0000] {logging_mixin.py:115} INFO - {'_index': 'final_projects', '_type': '_doc', '_id': 'cFAfJJIB9Ge4CN5SUECs', '_version': 1, 'result': 'created', '_shards': {'total': 2, 'successful': 1, 'failed': 0}, '_seq_no': 3, '_primary_term': 1}
[2024-09-24T13:01:25.040+0000] {base.py:271} INFO - POST http://elasticsearch:9200/final_projects/_doc [status:201 request:0.002s]
[2024-09-24T13:01:25.040+0000] {logging_mixin.py:115} INFO - {'_index': 'final_projects', '_type': '_doc', '_id': 'cVAfJJIB9Ge4CN5SUECu', '_version': 1, 'result': 'created', '_shards': {'total': 2, 'successful': 1, 'failed': 0}, '_seq_no': 4, '_primary_term': 1}
[2024-09-24T13:01:25.042+0000] {base.py:271} INFO - POST http://elasticsearch:9200/final_projects/_doc [status:201 request:0.002s]
[2024-09-24T13:01:25.042+0000] {logging_mixin.py:115} INFO - {'_index': 'final_projects', '_type': '_doc', '_id': 'clAfJJIB9Ge4CN5SUECx', '_version': 1, 'result': 'created', '_shards': {'total': 2, 'successful': 1, 'failed': 0}, '_seq_no': 5, '_primary_term': 1}
[2024-09-24T13:01:25.044+0000] {base.py:271} INFO - POST http://elasticsearch:9200/final_projects/_doc [status:201 request:0.002s]
[2024-09-24T13:01:25.047+0000] {logging_mixin.py:115} INFO - {'_index': 'final_projects', '_type': '_doc', '_id': 'c1AfJJIB9Ge4CN5SUECz', '_version': 1, 'result': 'created', '_shards': {'total': 2, 'successful': 1, 'failed': 0}, '_seq_no': 6, '_primary_term': 1}
[2024-09-24T13:01:25.049+0000] {base.py:271} INFO - POST http://elasticsearch:9200/final_projects/_doc [status:201 request:0.002s]
[2024-09-24T13:01:25.049+0000] {logging_mixin.py:115} INFO - {'_index': 'final_projects', '_type': '_doc', '_id': 'dFAfJJIB9Ge4CN5SUEC3', '_version': 1, 'result': 'created', '_shards': {'total': 2, 'successful': 1, 'failed': 0}, '_seq_no': 7, '_primary_term': 1}
[2024-09-24T13:01:25.050+0000] {base.py:271} INFO - POST http://elasticsearch:9200/final_projects/_doc [status:201 request:0.001s]
[2024-09-24T13:01:25.050+0000] {logging_mixin.py:115} INFO - {'_index': 'final_projects', '_type': '_doc', '_id': 'dVAfJJIB9Ge4CN5SUEC5', '_version': 1, 'result': 'created', '_shards': {'total': 2, 'successful': 1, 'failed': 0}, '_seq_no': 8, '_primary_term': 1}
[2024-09-24T13:01:25.052+0000] {base.py:271} INFO - POST http://elasticsearch:9200/final_projects/_doc [status:201 request:0.001s]
[2024-09-24T13:01:25.052+0000] {logging_mixin.py:115} INFO - {'_index': 'final_projects', '_type': '_doc', '_id': 'dlAfJJIB9Ge4CN5SUEC7', '_version': 1, 'result': 'created', '_shards': {'total': 2, 'successful': 1, 'failed': 0}, '_seq_no': 9, '_primary_term': 1}
[2024-09-24T13:01:25.054+0000] {base.py:271} INFO - POST http://elasticsearch:9200/final_projects/_doc [status:201 request:0.002s]
[2024-09-24T13:01:25.054+0000] {logging_mixin.py:115} INFO - {'_index': 'final_projects', '_type': '_doc', '_id': 'd1AfJJIB9Ge4CN5SUEC9', '_version': 1, 'result': 'created', '_shards': {'total': 2, 'successful': 1, 'failed': 0}, '_seq_no': 10, '_primary_term': 1}
[2024-09-24T13:01:25.056+0000] {base.py:271} INFO - POST http://elasticsearch:9200/final_projects/_doc [status:201 request:0.002s]
[2024-09-24T13:01:25.056+0000] {logging_mixin.py:115} INFO - {'_index': 'final_projects', '_type': '_doc', '_id': 'eFAfJJIB9Ge4CN5SUEC_', '_version': 1, 'result': 'created', '_shards': {'total': 2, 'successful': 1, 'failed': 0}, '_seq_no': 11, '_primary_term': 1}
[2024-09-24T13:01:25.059+0000] {base.py:271} INFO - POST http://elasticsearch:9200/final_projects/_doc [status:201 request:0.002s]
[2024-09-24T13:01:25.059+0000] {logging_mixin.py:115} INFO - {'_index': 'final_projects', '_type': '_doc', '_id': 'eVAfJJIB9Ge4CN5SUEDB', '_version': 1, 'result': 'created', '_shards': {'total': 2, 'successful': 1, 'failed': 0}, '_seq_no': 12, '_primary_term': 1}
[2024-09-24T13:01:25.061+0000] {base.py:271} INFO - POST http://elasticsearch:9200/final_projects/_doc [status:201 request:0.002s]
[2024-09-24T13:01:25.061+0000] {logging_mixin.py:115} INFO - {'_index': 'final_projects', '_type': '_doc', '_id': 'elAfJJIB9Ge4CN5SUEDD', '_version': 1, 'result': 'created', '_shards': {'total': 2, 'successful': 1, 'failed': 0}, '_seq_no': 13, '_primary_term': 1}
[2024-09-24T13:01:25.063+0000] {base.py:271} INFO - POST http://elasticsearch:9200/final_projects/_doc [status:201 request:0.002s]
[2024-09-24T13:01:25.063+0000] {logging_mixin.py:115} INFO - {'_index': 'final_projects', '_type': '_doc', '_id': 'e1AfJJIB9Ge4CN5SUEDG', '_version': 1, 'result': 'created', '_shards': {'total': 2, 'successful': 1, 'failed': 0}, '_seq_no': 14, '_primary_term': 1}
[2024-09-24T13:01:25.065+0000] {base.py:271} INFO - POST http://elasticsearch:9200/final_projects/_doc [status:201 request:0.001s]
[2024-09-24T13:01:25.065+0000] {logging_mixin.py:115} INFO - {'_index': 'final_projects', '_type': '_doc', '_id': 'fFAfJJIB9Ge4CN5SUEDI', '_version': 1, 'result': 'created', '_shards': {'total': 2, 'successful': 1, 'failed': 0}, '_seq_no': 15, '_primary_term': 1}
[2024-09-24T13:01:25.067+0000] {base.py:271} INFO - POST http://elasticsearch:9200/final_projects/_doc [status:201 request:0.001s]
[2024-09-24T13:01:25.067+0000] {logging_mixin.py:115} INFO - {'_index': 'final_projects', '_type': '_doc', '_id': 'fVAfJJIB9Ge4CN5SUEDJ', '_version': 1, 'result': 'created', '_shards': {'total': 2, 'successful': 1, 'failed': 0}, '_seq_no': 16, '_primary_term': 1}
[2024-09-24T13:01:25.068+0000] {base.py:271} INFO - POST http://elasticsearch:9200/final_projects/_doc [status:201 request:0.001s]
[2024-09-24T13:01:25.068+0000] {logging_mixin.py:115} INFO - {'_index': 'final_projects', '_type': '_doc', '_id': 'flAfJJIB9Ge4CN5SUEDL', '_version': 1, 'result': 'created', '_shards': {'total': 2, 'successful': 1, 'failed': 0}, '_seq_no': 17, '_primary_term': 1}
[2024-09-24T13:01:25.070+0000] {base.py:271} INFO - POST http://elasticsearch:9200/final_projects/_doc [status:201 request:0.001s]
[2024-09-24T13:01:25.070+0000] {logging_mixin.py:115} INFO - {'_index': 'final_projects', '_type': '_doc', '_id': 'f1AfJJIB9Ge4CN5SUEDN', '_version': 1, 'result': 'created', '_shards': {'total': 2, 'successful': 1, 'failed': 0}, '_seq_no': 18, '_primary_term': 1}
[2024-09-24T13:01:25.072+0000] {base.py:271} INFO - POST http://elasticsearch:9200/final_projects/_doc [status:201 request:0.001s]
[2024-09-24T13:01:25.072+0000] {logging_mixin.py:115} INFO - {'_index': 'final_projects', '_type': '_doc', '_id': 'gFAfJJIB9Ge4CN5SUEDP', '_version': 1, 'result': 'created', '_shards': {'total': 2, 'successful': 1, 'failed': 0}, '_seq_no': 19, '_primary_term': 1}
[2024-09-24T13:01:25.074+0000] {base.py:271} INFO - POST http://elasticsearch:9200/final_projects/_doc [status:201 request:0.002s]
[2024-09-24T13:01:25.074+0000] {logging_mixin.py:115} INFO - {'_index': 'final_projects', '_type': '_doc', '_id': 'gVAfJJIB9Ge4CN5SUEDQ', '_version': 1, 'result': 'created', '_shards': {'total': 2, 'successful': 1, 'failed': 0}, '_seq_no': 20, '_primary_term': 1}
[2024-09-24T13:01:25.075+0000] {base.py:271} INFO - POST http://elasticsearch:9200/final_projects/_doc [status:201 request:0.002s]
[2024-09-24T13:01:25.076+0000] {logging_mixin.py:115} INFO - {'_index': 'final_projects', '_type': '_doc', '_id': 'glAfJJIB9Ge4CN5SUEDS', '_version': 1, 'result': 'created', '_shards': {'total': 2, 'successful': 1, 'failed': 0}, '_seq_no': 21, '_primary_term': 1}
[2024-09-24T13:01:25.077+0000] {base.py:271} INFO - POST http://elasticsearch:9200/final_projects/_doc [status:201 request:0.001s]
[2024-09-24T13:01:25.077+0000] {logging_mixin.py:115} INFO - {'_index': 'final_projects', '_type': '_doc', '_id': 'g1AfJJIB9Ge4CN5SUEDU', '_version': 1, 'result': 'created', '_shards': {'total': 2, 'successful': 1, 'failed': 0}, '_seq_no': 22, '_primary_term': 1}
[2024-09-24T13:01:25.079+0000] {base.py:271} INFO - POST http://elasticsearch:9200/final_projects/_doc [status:201 request:0.001s]
[2024-09-24T13:01:25.079+0000] {logging_mixin.py:115} INFO - {'_index': 'final_projects', '_type': '_doc', '_id': 'hFAfJJIB9Ge4CN5SUEDW', '_version': 1, 'result': 'created', '_shards': {'total': 2, 'successful': 1, 'failed': 0}, '_seq_no': 23, '_primary_term': 1}
[2024-09-24T13:01:25.081+0000] {base.py:271} INFO - POST http://elasticsearch:9200/final_projects/_doc [status:201 request:0.001s]
[2024-09-24T13:01:25.081+0000] {logging_mixin.py:115} INFO - {'_index': 'final_projects', '_type': '_doc', '_id': 'hVAfJJIB9Ge4CN5SUEDY', '_version': 1, 'result': 'created', '_shards': {'total': 2, 'successful': 1, 'failed': 0}, '_seq_no': 24, '_primary_term': 1}
[2024-09-24T13:01:25.083+0000] {base.py:271} INFO - POST http://elasticsearch:9200/final_projects/_doc [status:201 request:0.002s]
[2024-09-24T13:01:25.083+0000] {logging_mixin.py:115} INFO - {'_index': 'final_projects', '_type': '_doc', '_id': 'hlAfJJIB9Ge4CN5SUEDZ', '_version': 1, 'result': 'created', '_shards': {'total': 2, 'successful': 1, 'failed': 0}, '_seq_no': 25, '_primary_term': 1}
[2024-09-24T13:01:25.084+0000] {base.py:271} INFO - POST http://elasticsearch:9200/final_projects/_doc [status:201 request:0.001s]
[2024-09-24T13:01:25.085+0000] {logging_mixin.py:115} INFO - {'_index': 'final_projects', '_type': '_doc', '_id': 'h1AfJJIB9Ge4CN5SUEDb', '_version': 1, 'result': 'created', '_shards': {'total': 2, 'successful': 1, 'failed': 0}, '_seq_no': 26, '_primary_term': 1}
[2024-09-24T13:01:25.086+0000] {base.py:271} INFO - POST http://elasticsearch:9200/final_projects/_doc [status:201 request:0.001s]
[2024-09-24T13:01:25.086+0000] {logging_mixin.py:115} INFO - {'_index': 'final_projects', '_type': '_doc', '_id': 'iFAfJJIB9Ge4CN5SUEDd', '_version': 1, 'result': 'created', '_shards': {'total': 2, 'successful': 1, 'failed': 0}, '_seq_no': 27, '_primary_term': 1}
[2024-09-24T13:01:25.088+0000] {base.py:271} INFO - POST http://elasticsearch:9200/final_projects/_doc [status:201 request:0.001s]
[2024-09-24T13:01:25.088+0000] {logging_mixin.py:115} INFO - {'_index': 'final_projects', '_type': '_doc', '_id': 'iVAfJJIB9Ge4CN5SUEDf', '_version': 1, 'result': 'created', '_shards': {'total': 2, 'successful': 1, 'failed': 0}, '_seq_no': 28, '_primary_term': 1}
[2024-09-24T13:01:25.090+0000] {base.py:271} INFO - POST http://elasticsearch:9200/final_projects/_doc [status:201 request:0.002s]
[2024-09-24T13:01:25.090+0000] {logging_mixin.py:115} INFO - {'_index': 'final_projects', '_type': '_doc', '_id': 'ilAfJJIB9Ge4CN5SUEDg', '_version': 1, 'result': 'created', '_shards': {'total': 2, 'successful': 1, 'failed': 0}, '_seq_no': 29, '_primary_term': 1}
[2024-09-24T13:01:25.092+0000] {base.py:271} INFO - POST http://elasticsearch:9200/final_projects/_doc [status:201 request:0.001s]
[2024-09-24T13:01:25.092+0000] {logging_mixin.py:115} INFO - {'_index': 'final_projects', '_type': '_doc', '_id': 'i1AfJJIB9Ge4CN5SUEDj', '_version': 1, 'result': 'created', '_shards': {'total': 2, 'successful': 1, 'failed': 0}, '_seq_no': 30, '_primary_term': 1}
[2024-09-24T13:01:25.093+0000] {base.py:271} INFO - POST http://elasticsearch:9200/final_projects/_doc [status:201 request:0.001s]
[2024-09-24T13:01:25.093+0000] {logging_mixin.py:115} INFO - {'_index': 'final_projects', '_type': '_doc', '_id': 'jFAfJJIB9Ge4CN5SUEDk', '_version': 1, 'result': 'created', '_shards': {'total': 2, 'successful': 1, 'failed': 0}, '_seq_no': 31, '_primary_term': 1}
[2024-09-24T13:01:25.095+0000] {base.py:271} INFO - POST http://elasticsearch:9200/final_projects/_doc [status:201 request:0.001s]
[2024-09-24T13:01:25.095+0000] {logging_mixin.py:115} INFO - {'_index': 'final_projects', '_type': '_doc', '_id': 'jVAfJJIB9Ge4CN5SUEDm', '_version': 1, 'result': 'created', '_shards': {'total': 2, 'successful': 1, 'failed': 0}, '_seq_no': 32, '_primary_term': 1}
[2024-09-24T13:01:25.097+0000] {base.py:271} INFO - POST http://elasticsearch:9200/final_projects/_doc [status:201 request:0.001s]
[2024-09-24T13:01:25.097+0000] {logging_mixin.py:115} INFO - {'_index': 'final_projects', '_type': '_doc', '_id': 'jlAfJJIB9Ge4CN5SUEDn', '_version': 1, 'result': 'created', '_shards': {'total': 2, 'successful': 1, 'failed': 0}, '_seq_no': 33, '_primary_term': 1}
[2024-09-24T13:01:25.098+0000] {base.py:271} INFO - POST http://elasticsearch:9200/final_projects/_doc [status:201 request:0.001s]
[2024-09-24T13:01:25.098+0000] {logging_mixin.py:115} INFO - {'_index': 'final_projects', '_type': '_doc', '_id': 'j1AfJJIB9Ge4CN5SUEDp', '_version': 1, 'result': 'created', '_shards': {'total': 2, 'successful': 1, 'failed': 0}, '_seq_no': 34, '_primary_term': 1}
[2024-09-24T13:01:25.100+0000] {base.py:271} INFO - POST http://elasticsearch:9200/final_projects/_doc [status:201 request:0.001s]
[2024-09-24T13:01:25.100+0000] {logging_mixin.py:115} INFO - {'_index': 'final_projects', '_type': '_doc', '_id': 'kFAfJJIB9Ge4CN5SUEDr', '_version': 1, 'result': 'created', '_shards': {'total': 2, 'successful': 1, 'failed': 0}, '_seq_no': 35, '_primary_term': 1}
[2024-09-24T13:01:25.102+0000] {base.py:271} INFO - POST http://elasticsearch:9200/final_projects/_doc [status:201 request:0.001s]
[2024-09-24T13:01:25.102+0000] {logging_mixin.py:115} INFO - {'_index': 'final_projects', '_type': '_doc', '_id': 'kVAfJJIB9Ge4CN5SUEDt', '_version': 1, 'result': 'created', '_shards': {'total': 2, 'successful': 1, 'failed': 0}, '_seq_no': 36, '_primary_term': 1}
[2024-09-24T13:01:25.104+0000] {base.py:271} INFO - POST http://elasticsearch:9200/final_projects/_doc [status:201 request:0.002s]
[2024-09-24T13:01:25.104+0000] {logging_mixin.py:115} INFO - {'_index': 'final_projects', '_type': '_doc', '_id': 'klAfJJIB9Ge4CN5SUEDu', '_version': 1, 'result': 'created', '_shards': {'total': 2, 'successful': 1, 'failed': 0}, '_seq_no': 37, '_primary_term': 1}
[2024-09-24T13:01:25.106+0000] {base.py:271} INFO - POST http://elasticsearch:9200/final_projects/_doc [status:201 request:0.001s]
[2024-09-24T13:01:25.106+0000] {logging_mixin.py:115} INFO - {'_index': 'final_projects', '_type': '_doc', '_id': 'k1AfJJIB9Ge4CN5SUEDw', '_version': 1, 'result': 'created', '_shards': {'total': 2, 'successful': 1, 'failed': 0}, '_seq_no': 38, '_primary_term': 1}
[2024-09-24T13:01:25.108+0000] {base.py:271} INFO - POST http://elasticsearch:9200/final_projects/_doc [status:201 request:0.001s]
[2024-09-24T13:01:25.108+0000] {logging_mixin.py:115} INFO - {'_index': 'final_projects', '_type': '_doc', '_id': 'lFAfJJIB9Ge4CN5SUEDz', '_version': 1, 'result': 'created', '_shards': {'total': 2, 'successful': 1, 'failed': 0}, '_seq_no': 39, '_primary_term': 1}
[2024-09-24T13:01:25.110+0000] {base.py:271} INFO - POST http://elasticsearch:9200/final_projects/_doc [status:201 request:0.002s]
[2024-09-24T13:01:25.110+0000] {logging_mixin.py:115} INFO - {'_index': 'final_projects', '_type': '_doc', '_id': 'lVAfJJIB9Ge4CN5SUED0', '_version': 1, 'result': 'created', '_shards': {'total': 2, 'successful': 1, 'failed': 0}, '_seq_no': 40, '_primary_term': 1}
[2024-09-24T13:01:25.111+0000] {base.py:271} INFO - POST http://elasticsearch:9200/final_projects/_doc [status:201 request:0.001s]
[2024-09-24T13:01:25.111+0000] {logging_mixin.py:115} INFO - {'_index': 'final_projects', '_type': '_doc', '_id': 'llAfJJIB9Ge4CN5SUED2', '_version': 1, 'result': 'created', '_shards': {'total': 2, 'successful': 1, 'failed': 0}, '_seq_no': 41, '_primary_term': 1}
[2024-09-24T13:01:25.113+0000] {base.py:271} INFO - POST http://elasticsearch:9200/final_projects/_doc [status:201 request:0.001s]
[2024-09-24T13:01:25.113+0000] {logging_mixin.py:115} INFO - {'_index': 'final_projects', '_type': '_doc', '_id': 'l1AfJJIB9Ge4CN5SUED4', '_version': 1, 'result': 'created', '_shards': {'total': 2, 'successful': 1, 'failed': 0}, '_seq_no': 42, '_primary_term': 1}
[2024-09-24T13:01:25.114+0000] {base.py:271} INFO - POST http://elasticsearch:9200/final_projects/_doc [status:201 request:0.001s]
[2024-09-24T13:01:25.115+0000] {logging_mixin.py:115} INFO - {'_index': 'final_projects', '_type': '_doc', '_id': 'mFAfJJIB9Ge4CN5SUED5', '_version': 1, 'result': 'created', '_shards': {'total': 2, 'successful': 1, 'failed': 0}, '_seq_no': 43, '_primary_term': 1}
[2024-09-24T13:01:25.116+0000] {base.py:271} INFO - POST http://elasticsearch:9200/final_projects/_doc [status:201 request:0.001s]
[2024-09-24T13:01:25.116+0000] {logging_mixin.py:115} INFO - {'_index': 'final_projects', '_type': '_doc', '_id': 'mVAfJJIB9Ge4CN5SUED7', '_version': 1, 'result': 'created', '_shards': {'total': 2, 'successful': 1, 'failed': 0}, '_seq_no': 44, '_primary_term': 1}
[2024-09-24T13:01:25.118+0000] {base.py:271} INFO - POST http://elasticsearch:9200/final_projects/_doc [status:201 request:0.001s]
[2024-09-24T13:01:25.118+0000] {logging_mixin.py:115} INFO - {'_index': 'final_projects', '_type': '_doc', '_id': 'mlAfJJIB9Ge4CN5SUED9', '_version': 1, 'result': 'created', '_shards': {'total': 2, 'successful': 1, 'failed': 0}, '_seq_no': 45, '_primary_term': 1}
[2024-09-24T13:01:25.119+0000] {base.py:271} INFO - POST http://elasticsearch:9200/final_projects/_doc [status:201 request:0.001s]
[2024-09-24T13:01:25.119+0000] {logging_mixin.py:115} INFO - {'_index': 'final_projects', '_type': '_doc', '_id': 'm1AfJJIB9Ge4CN5SUED-', '_version': 1, 'result': 'created', '_shards': {'total': 2, 'successful': 1, 'failed': 0}, '_seq_no': 46, '_primary_term': 1}
[2024-09-24T13:01:25.121+0000] {base.py:271} INFO - POST http://elasticsearch:9200/final_projects/_doc [status:201 request:0.001s]
[2024-09-24T13:01:25.121+0000] {logging_mixin.py:115} INFO - {'_index': 'final_projects', '_type': '_doc', '_id': 'nFAfJJIB9Ge4CN5SUUAA', '_version': 1, 'result': 'created', '_shards': {'total': 2, 'successful': 1, 'failed': 0}, '_seq_no': 47, '_primary_term': 1}
[2024-09-24T13:01:25.122+0000] {base.py:271} INFO - POST http://elasticsearch:9200/final_projects/_doc [status:201 request:0.001s]
[2024-09-24T13:01:25.123+0000] {logging_mixin.py:115} INFO - {'_index': 'final_projects', '_type': '_doc', '_id': 'nVAfJJIB9Ge4CN5SUUAB', '_version': 1, 'result': 'created', '_shards': {'total': 2, 'successful': 1, 'failed': 0}, '_seq_no': 48, '_primary_term': 1}
[2024-09-24T13:01:25.124+0000] {base.py:271} INFO - POST http://elasticsearch:9200/final_projects/_doc [status:201 request:0.001s]
[2024-09-24T13:01:25.124+0000] {logging_mixin.py:115} INFO - {'_index': 'final_projects', '_type': '_doc', '_id': 'nlAfJJIB9Ge4CN5SUUAD', '_version': 1, 'result': 'created', '_shards': {'total': 2, 'successful': 1, 'failed': 0}, '_seq_no': 49, '_primary_term': 1}
[2024-09-24T13:01:25.126+0000] {base.py:271} INFO - POST http://elasticsearch:9200/final_projects/_doc [status:201 request:0.002s]
[2024-09-24T13:01:25.126+0000] {logging_mixin.py:115} INFO - {'_index': 'final_projects', '_type': '_doc', '_id': 'n1AfJJIB9Ge4CN5SUUAF', '_version': 1, 'result': 'created', '_shards': {'total': 2, 'successful': 1, 'failed': 0}, '_seq_no': 50, '_primary_term': 1}
[2024-09-24T13:01:25.128+0000] {base.py:271} INFO - POST http://elasticsearch:9200/final_projects/_doc [status:201 request:0.001s]
[2024-09-24T13:01:25.128+0000] {logging_mixin.py:115} INFO - {'_index': 'final_projects', '_type': '_doc', '_id': 'oFAfJJIB9Ge4CN5SUUAH', '_version': 1, 'result': 'created', '_shards': {'total': 2, 'successful': 1, 'failed': 0}, '_seq_no': 51, '_primary_term': 1}
[2024-09-24T13:01:25.130+0000] {base.py:271} INFO - POST http://elasticsearch:9200/final_projects/_doc [status:201 request:0.001s]
[2024-09-24T13:01:25.130+0000] {logging_mixin.py:115} INFO - {'_index': 'final_projects', '_type': '_doc', '_id': 'oVAfJJIB9Ge4CN5SUUAJ', '_version': 1, 'result': 'created', '_shards': {'total': 2, 'successful': 1, 'failed': 0}, '_seq_no': 52, '_primary_term': 1}
[2024-09-24T13:01:25.131+0000] {base.py:271} INFO - POST http://elasticsearch:9200/final_projects/_doc [status:201 request:0.001s]
[2024-09-24T13:01:25.131+0000] {logging_mixin.py:115} INFO - {'_index': 'final_projects', '_type': '_doc', '_id': 'olAfJJIB9Ge4CN5SUUAK', '_version': 1, 'result': 'created', '_shards': {'total': 2, 'successful': 1, 'failed': 0}, '_seq_no': 53, '_primary_term': 1}
[2024-09-24T13:01:25.133+0000] {base.py:271} INFO - POST http://elasticsearch:9200/final_projects/_doc [status:201 request:0.002s]
[2024-09-24T13:01:25.133+0000] {logging_mixin.py:115} INFO - {'_index': 'final_projects', '_type': '_doc', '_id': 'o1AfJJIB9Ge4CN5SUUAM', '_version': 1, 'result': 'created', '_shards': {'total': 2, 'successful': 1, 'failed': 0}, '_seq_no': 54, '_primary_term': 1}
[2024-09-24T13:01:25.135+0000] {base.py:271} INFO - POST http://elasticsearch:9200/final_projects/_doc [status:201 request:0.002s]
[2024-09-24T13:01:25.136+0000] {logging_mixin.py:115} INFO - {'_index': 'final_projects', '_type': '_doc', '_id': 'pFAfJJIB9Ge4CN5SUUAO', '_version': 1, 'result': 'created', '_shards': {'total': 2, 'successful': 1, 'failed': 0}, '_seq_no': 55, '_primary_term': 1}
[2024-09-24T13:01:25.139+0000] {base.py:271} INFO - POST http://elasticsearch:9200/final_projects/_doc [status:201 request:0.002s]
[2024-09-24T13:01:25.139+0000] {logging_mixin.py:115} INFO - {'_index': 'final_projects', '_type': '_doc', '_id': 'pVAfJJIB9Ge4CN5SUUAR', '_version': 1, 'result': 'created', '_shards': {'total': 2, 'successful': 1, 'failed': 0}, '_seq_no': 56, '_primary_term': 1}
[2024-09-24T13:01:25.142+0000] {base.py:271} INFO - POST http://elasticsearch:9200/final_projects/_doc [status:201 request:0.003s]
[2024-09-24T13:01:25.143+0000] {logging_mixin.py:115} INFO - {'_index': 'final_projects', '_type': '_doc', '_id': 'plAfJJIB9Ge4CN5SUUAU', '_version': 1, 'result': 'created', '_shards': {'total': 2, 'successful': 1, 'failed': 0}, '_seq_no': 57, '_primary_term': 1}
[2024-09-24T13:01:25.145+0000] {base.py:271} INFO - POST http://elasticsearch:9200/final_projects/_doc [status:201 request:0.002s]
[2024-09-24T13:01:25.145+0000] {logging_mixin.py:115} INFO - {'_index': 'final_projects', '_type': '_doc', '_id': 'p1AfJJIB9Ge4CN5SUUAX', '_version': 1, 'result': 'created', '_shards': {'total': 2, 'successful': 1, 'failed': 0}, '_seq_no': 58, '_primary_term': 1}
[2024-09-24T13:01:25.147+0000] {base.py:271} INFO - POST http://elasticsearch:9200/final_projects/_doc [status:201 request:0.002s]
[2024-09-24T13:01:25.148+0000] {logging_mixin.py:115} INFO - {'_index': 'final_projects', '_type': '_doc', '_id': 'qFAfJJIB9Ge4CN5SUUAa', '_version': 1, 'result': 'created', '_shards': {'total': 2, 'successful': 1, 'failed': 0}, '_seq_no': 59, '_primary_term': 1}
[2024-09-24T13:01:25.151+0000] {base.py:271} INFO - POST http://elasticsearch:9200/final_projects/_doc [status:201 request:0.003s]
[2024-09-24T13:01:25.152+0000] {logging_mixin.py:115} INFO - {'_index': 'final_projects', '_type': '_doc', '_id': 'qVAfJJIB9Ge4CN5SUUAe', '_version': 1, 'result': 'created', '_shards': {'total': 2, 'successful': 1, 'failed': 0}, '_seq_no': 60, '_primary_term': 1}
[2024-09-24T13:01:25.154+0000] {base.py:271} INFO - POST http://elasticsearch:9200/final_projects/_doc [status:201 request:0.002s]
[2024-09-24T13:01:25.154+0000] {logging_mixin.py:115} INFO - {'_index': 'final_projects', '_type': '_doc', '_id': 'qlAfJJIB9Ge4CN5SUUAg', '_version': 1, 'result': 'created', '_shards': {'total': 2, 'successful': 1, 'failed': 0}, '_seq_no': 61, '_primary_term': 1}
[2024-09-24T13:01:25.157+0000] {base.py:271} INFO - POST http://elasticsearch:9200/final_projects/_doc [status:201 request:0.002s]
[2024-09-24T13:01:25.157+0000] {logging_mixin.py:115} INFO - {'_index': 'final_projects', '_type': '_doc', '_id': 'q1AfJJIB9Ge4CN5SUUAj', '_version': 1, 'result': 'created', '_shards': {'total': 2, 'successful': 1, 'failed': 0}, '_seq_no': 62, '_primary_term': 1}
[2024-09-24T13:01:25.163+0000] {base.py:271} INFO - POST http://elasticsearch:9200/final_projects/_doc [status:201 request:0.004s]
[2024-09-24T13:01:25.163+0000] {logging_mixin.py:115} INFO - {'_index': 'final_projects', '_type': '_doc', '_id': 'rFAfJJIB9Ge4CN5SUUAo', '_version': 1, 'result': 'created', '_shards': {'total': 2, 'successful': 1, 'failed': 0}, '_seq_no': 63, '_primary_term': 1}
[2024-09-24T13:01:25.166+0000] {base.py:271} INFO - POST http://elasticsearch:9200/final_projects/_doc [status:201 request:0.003s]
[2024-09-24T13:01:25.166+0000] {logging_mixin.py:115} INFO - {'_index': 'final_projects', '_type': '_doc', '_id': 'rVAfJJIB9Ge4CN5SUUAs', '_version': 1, 'result': 'created', '_shards': {'total': 2, 'successful': 1, 'failed': 0}, '_seq_no': 64, '_primary_term': 1}
[2024-09-24T13:01:25.169+0000] {base.py:271} INFO - POST http://elasticsearch:9200/final_projects/_doc [status:201 request:0.002s]
[2024-09-24T13:01:25.169+0000] {logging_mixin.py:115} INFO - {'_index': 'final_projects', '_type': '_doc', '_id': 'rlAfJJIB9Ge4CN5SUUAv', '_version': 1, 'result': 'created', '_shards': {'total': 2, 'successful': 1, 'failed': 0}, '_seq_no': 65, '_primary_term': 1}
[2024-09-24T13:01:25.174+0000] {base.py:271} INFO - POST http://elasticsearch:9200/final_projects/_doc [status:201 request:0.004s]
[2024-09-24T13:01:25.174+0000] {logging_mixin.py:115} INFO - {'_index': 'final_projects', '_type': '_doc', '_id': 'r1AfJJIB9Ge4CN5SUUAz', '_version': 1, 'result': 'created', '_shards': {'total': 2, 'successful': 1, 'failed': 0}, '_seq_no': 66, '_primary_term': 1}
[2024-09-24T13:01:25.179+0000] {base.py:271} INFO - POST http://elasticsearch:9200/final_projects/_doc [status:201 request:0.004s]
[2024-09-24T13:01:25.179+0000] {logging_mixin.py:115} INFO - {'_index': 'final_projects', '_type': '_doc', '_id': 'sFAfJJIB9Ge4CN5SUUA4', '_version': 1, 'result': 'created', '_shards': {'total': 2, 'successful': 1, 'failed': 0}, '_seq_no': 67, '_primary_term': 1}
[2024-09-24T13:01:25.182+0000] {base.py:271} INFO - POST http://elasticsearch:9200/final_projects/_doc [status:201 request:0.003s]
[2024-09-24T13:01:25.183+0000] {logging_mixin.py:115} INFO - {'_index': 'final_projects', '_type': '_doc', '_id': 'sVAfJJIB9Ge4CN5SUUA8', '_version': 1, 'result': 'created', '_shards': {'total': 2, 'successful': 1, 'failed': 0}, '_seq_no': 68, '_primary_term': 1}
[2024-09-24T13:01:25.185+0000] {base.py:271} INFO - POST http://elasticsearch:9200/final_projects/_doc [status:201 request:0.003s]
[2024-09-24T13:01:25.186+0000] {logging_mixin.py:115} INFO - {'_index': 'final_projects', '_type': '_doc', '_id': 'slAfJJIB9Ge4CN5SUUA_', '_version': 1, 'result': 'created', '_shards': {'total': 2, 'successful': 1, 'failed': 0}, '_seq_no': 69, '_primary_term': 1}
[2024-09-24T13:01:25.189+0000] {base.py:271} INFO - POST http://elasticsearch:9200/final_projects/_doc [status:201 request:0.003s]
[2024-09-24T13:01:25.189+0000] {logging_mixin.py:115} INFO - {'_index': 'final_projects', '_type': '_doc', '_id': 's1AfJJIB9Ge4CN5SUUBD', '_version': 1, 'result': 'created', '_shards': {'total': 2, 'successful': 1, 'failed': 0}, '_seq_no': 70, '_primary_term': 1}
[2024-09-24T13:01:25.191+0000] {base.py:271} INFO - POST http://elasticsearch:9200/final_projects/_doc [status:201 request:0.002s]
[2024-09-24T13:01:25.192+0000] {logging_mixin.py:115} INFO - {'_index': 'final_projects', '_type': '_doc', '_id': 'tFAfJJIB9Ge4CN5SUUBG', '_version': 1, 'result': 'created', '_shards': {'total': 2, 'successful': 1, 'failed': 0}, '_seq_no': 71, '_primary_term': 1}
[2024-09-24T13:01:25.194+0000] {base.py:271} INFO - POST http://elasticsearch:9200/final_projects/_doc [status:201 request:0.002s]
[2024-09-24T13:01:25.194+0000] {logging_mixin.py:115} INFO - {'_index': 'final_projects', '_type': '_doc', '_id': 'tVAfJJIB9Ge4CN5SUUBI', '_version': 1, 'result': 'created', '_shards': {'total': 2, 'successful': 1, 'failed': 0}, '_seq_no': 72, '_primary_term': 1}
[2024-09-24T13:01:25.196+0000] {base.py:271} INFO - POST http://elasticsearch:9200/final_projects/_doc [status:201 request:0.002s]
[2024-09-24T13:01:25.196+0000] {logging_mixin.py:115} INFO - {'_index': 'final_projects', '_type': '_doc', '_id': 'tlAfJJIB9Ge4CN5SUUBK', '_version': 1, 'result': 'created', '_shards': {'total': 2, 'successful': 1, 'failed': 0}, '_seq_no': 73, '_primary_term': 1}
[2024-09-24T13:01:25.198+0000] {base.py:271} INFO - POST http://elasticsearch:9200/final_projects/_doc [status:201 request:0.002s]
[2024-09-24T13:01:25.198+0000] {logging_mixin.py:115} INFO - {'_index': 'final_projects', '_type': '_doc', '_id': 't1AfJJIB9Ge4CN5SUUBM', '_version': 1, 'result': 'created', '_shards': {'total': 2, 'successful': 1, 'failed': 0}, '_seq_no': 74, '_primary_term': 1}
[2024-09-24T13:01:25.200+0000] {base.py:271} INFO - POST http://elasticsearch:9200/final_projects/_doc [status:201 request:0.002s]
[2024-09-24T13:01:25.200+0000] {logging_mixin.py:115} INFO - {'_index': 'final_projects', '_type': '_doc', '_id': 'uFAfJJIB9Ge4CN5SUUBP', '_version': 1, 'result': 'created', '_shards': {'total': 2, 'successful': 1, 'failed': 0}, '_seq_no': 75, '_primary_term': 1}
[2024-09-24T13:01:25.202+0000] {base.py:271} INFO - POST http://elasticsearch:9200/final_projects/_doc [status:201 request:0.002s]
[2024-09-24T13:01:25.202+0000] {logging_mixin.py:115} INFO - {'_index': 'final_projects', '_type': '_doc', '_id': 'uVAfJJIB9Ge4CN5SUUBR', '_version': 1, 'result': 'created', '_shards': {'total': 2, 'successful': 1, 'failed': 0}, '_seq_no': 76, '_primary_term': 1}
[2024-09-24T13:01:25.204+0000] {base.py:271} INFO - POST http://elasticsearch:9200/final_projects/_doc [status:201 request:0.002s]
[2024-09-24T13:01:25.204+0000] {logging_mixin.py:115} INFO - {'_index': 'final_projects', '_type': '_doc', '_id': 'ulAfJJIB9Ge4CN5SUUBT', '_version': 1, 'result': 'created', '_shards': {'total': 2, 'successful': 1, 'failed': 0}, '_seq_no': 77, '_primary_term': 1}
[2024-09-24T13:01:25.206+0000] {base.py:271} INFO - POST http://elasticsearch:9200/final_projects/_doc [status:201 request:0.002s]
[2024-09-24T13:01:25.207+0000] {logging_mixin.py:115} INFO - {'_index': 'final_projects', '_type': '_doc', '_id': 'u1AfJJIB9Ge4CN5SUUBV', '_version': 1, 'result': 'created', '_shards': {'total': 2, 'successful': 1, 'failed': 0}, '_seq_no': 78, '_primary_term': 1}
[2024-09-24T13:01:25.208+0000] {base.py:271} INFO - POST http://elasticsearch:9200/final_projects/_doc [status:201 request:0.002s]
[2024-09-24T13:01:25.209+0000] {logging_mixin.py:115} INFO - {'_index': 'final_projects', '_type': '_doc', '_id': 'vFAfJJIB9Ge4CN5SUUBX', '_version': 1, 'result': 'created', '_shards': {'total': 2, 'successful': 1, 'failed': 0}, '_seq_no': 79, '_primary_term': 1}
[2024-09-24T13:01:25.210+0000] {base.py:271} INFO - POST http://elasticsearch:9200/final_projects/_doc [status:201 request:0.001s]
[2024-09-24T13:01:25.210+0000] {logging_mixin.py:115} INFO - {'_index': 'final_projects', '_type': '_doc', '_id': 'vVAfJJIB9Ge4CN5SUUBZ', '_version': 1, 'result': 'created', '_shards': {'total': 2, 'successful': 1, 'failed': 0}, '_seq_no': 80, '_primary_term': 1}
[2024-09-24T13:01:25.212+0000] {base.py:271} INFO - POST http://elasticsearch:9200/final_projects/_doc [status:201 request:0.002s]
[2024-09-24T13:01:25.213+0000] {logging_mixin.py:115} INFO - {'_index': 'final_projects', '_type': '_doc', '_id': 'vlAfJJIB9Ge4CN5SUUBb', '_version': 1, 'result': 'created', '_shards': {'total': 2, 'successful': 1, 'failed': 0}, '_seq_no': 81, '_primary_term': 1}
[2024-09-24T13:01:25.215+0000] {base.py:271} INFO - POST http://elasticsearch:9200/final_projects/_doc [status:201 request:0.002s]
[2024-09-24T13:01:25.215+0000] {logging_mixin.py:115} INFO - {'_index': 'final_projects', '_type': '_doc', '_id': 'v1AfJJIB9Ge4CN5SUUBd', '_version': 1, 'result': 'created', '_shards': {'total': 2, 'successful': 1, 'failed': 0}, '_seq_no': 82, '_primary_term': 1}
[2024-09-24T13:01:25.217+0000] {base.py:271} INFO - POST http://elasticsearch:9200/final_projects/_doc [status:201 request:0.002s]
[2024-09-24T13:01:25.217+0000] {logging_mixin.py:115} INFO - {'_index': 'final_projects', '_type': '_doc', '_id': 'wFAfJJIB9Ge4CN5SUUBf', '_version': 1, 'result': 'created', '_shards': {'total': 2, 'successful': 1, 'failed': 0}, '_seq_no': 83, '_primary_term': 1}
[2024-09-24T13:01:25.219+0000] {base.py:271} INFO - POST http://elasticsearch:9200/final_projects/_doc [status:201 request:0.002s]
[2024-09-24T13:01:25.219+0000] {logging_mixin.py:115} INFO - {'_index': 'final_projects', '_type': '_doc', '_id': 'wVAfJJIB9Ge4CN5SUUBh', '_version': 1, 'result': 'created', '_shards': {'total': 2, 'successful': 1, 'failed': 0}, '_seq_no': 84, '_primary_term': 1}
[2024-09-24T13:01:25.221+0000] {base.py:271} INFO - POST http://elasticsearch:9200/final_projects/_doc [status:201 request:0.001s]
[2024-09-24T13:01:25.221+0000] {logging_mixin.py:115} INFO - {'_index': 'final_projects', '_type': '_doc', '_id': 'wlAfJJIB9Ge4CN5SUUBk', '_version': 1, 'result': 'created', '_shards': {'total': 2, 'successful': 1, 'failed': 0}, '_seq_no': 85, '_primary_term': 1}
[2024-09-24T13:01:25.222+0000] {base.py:271} INFO - POST http://elasticsearch:9200/final_projects/_doc [status:201 request:0.001s]
[2024-09-24T13:01:25.223+0000] {logging_mixin.py:115} INFO - {'_index': 'final_projects', '_type': '_doc', '_id': 'w1AfJJIB9Ge4CN5SUUBl', '_version': 1, 'result': 'created', '_shards': {'total': 2, 'successful': 1, 'failed': 0}, '_seq_no': 86, '_primary_term': 1}
[2024-09-24T13:01:25.224+0000] {base.py:271} INFO - POST http://elasticsearch:9200/final_projects/_doc [status:201 request:0.002s]
[2024-09-24T13:01:25.225+0000] {logging_mixin.py:115} INFO - {'_index': 'final_projects', '_type': '_doc', '_id': 'xFAfJJIB9Ge4CN5SUUBn', '_version': 1, 'result': 'created', '_shards': {'total': 2, 'successful': 1, 'failed': 0}, '_seq_no': 87, '_primary_term': 1}
[2024-09-24T13:01:25.227+0000] {base.py:271} INFO - POST http://elasticsearch:9200/final_projects/_doc [status:201 request:0.002s]
[2024-09-24T13:01:25.227+0000] {logging_mixin.py:115} INFO - {'_index': 'final_projects', '_type': '_doc', '_id': 'xVAfJJIB9Ge4CN5SUUBp', '_version': 1, 'result': 'created', '_shards': {'total': 2, 'successful': 1, 'failed': 0}, '_seq_no': 88, '_primary_term': 1}
[2024-09-24T13:01:25.230+0000] {base.py:271} INFO - POST http://elasticsearch:9200/final_projects/_doc [status:201 request:0.003s]
[2024-09-24T13:01:25.230+0000] {logging_mixin.py:115} INFO - {'_index': 'final_projects', '_type': '_doc', '_id': 'xlAfJJIB9Ge4CN5SUUBs', '_version': 1, 'result': 'created', '_shards': {'total': 2, 'successful': 1, 'failed': 0}, '_seq_no': 89, '_primary_term': 1}
[2024-09-24T13:01:25.233+0000] {base.py:271} INFO - POST http://elasticsearch:9200/final_projects/_doc [status:201 request:0.003s]
[2024-09-24T13:01:25.234+0000] {logging_mixin.py:115} INFO - {'_index': 'final_projects', '_type': '_doc', '_id': 'x1AfJJIB9Ge4CN5SUUBv', '_version': 1, 'result': 'created', '_shards': {'total': 2, 'successful': 1, 'failed': 0}, '_seq_no': 90, '_primary_term': 1}
[2024-09-24T13:01:25.237+0000] {base.py:271} INFO - POST http://elasticsearch:9200/final_projects/_doc [status:201 request:0.003s]
[2024-09-24T13:01:25.237+0000] {logging_mixin.py:115} INFO - {'_index': 'final_projects', '_type': '_doc', '_id': 'yFAfJJIB9Ge4CN5SUUBy', '_version': 1, 'result': 'created', '_shards': {'total': 2, 'successful': 1, 'failed': 0}, '_seq_no': 91, '_primary_term': 1}
[2024-09-24T13:01:25.240+0000] {base.py:271} INFO - POST http://elasticsearch:9200/final_projects/_doc [status:201 request:0.002s]
[2024-09-24T13:01:25.240+0000] {logging_mixin.py:115} INFO - {'_index': 'final_projects', '_type': '_doc', '_id': 'yVAfJJIB9Ge4CN5SUUB2', '_version': 1, 'result': 'created', '_shards': {'total': 2, 'successful': 1, 'failed': 0}, '_seq_no': 92, '_primary_term': 1}
[2024-09-24T13:01:25.242+0000] {base.py:271} INFO - POST http://elasticsearch:9200/final_projects/_doc [status:201 request:0.002s]
[2024-09-24T13:01:25.242+0000] {logging_mixin.py:115} INFO - {'_index': 'final_projects', '_type': '_doc', '_id': 'ylAfJJIB9Ge4CN5SUUB5', '_version': 1, 'result': 'created', '_shards': {'total': 2, 'successful': 1, 'failed': 0}, '_seq_no': 93, '_primary_term': 1}
[2024-09-24T13:01:25.245+0000] {base.py:271} INFO - POST http://elasticsearch:9200/final_projects/_doc [status:201 request:0.002s]
[2024-09-24T13:01:25.245+0000] {logging_mixin.py:115} INFO - {'_index': 'final_projects', '_type': '_doc', '_id': 'y1AfJJIB9Ge4CN5SUUB7', '_version': 1, 'result': 'created', '_shards': {'total': 2, 'successful': 1, 'failed': 0}, '_seq_no': 94, '_primary_term': 1}
[2024-09-24T13:01:25.247+0000] {base.py:271} INFO - POST http://elasticsearch:9200/final_projects/_doc [status:201 request:0.002s]
[2024-09-24T13:01:25.247+0000] {logging_mixin.py:115} INFO - {'_index': 'final_projects', '_type': '_doc', '_id': 'zFAfJJIB9Ge4CN5SUUB-', '_version': 1, 'result': 'created', '_shards': {'total': 2, 'successful': 1, 'failed': 0}, '_seq_no': 95, '_primary_term': 1}
[2024-09-24T13:01:25.249+0000] {base.py:271} INFO - POST http://elasticsearch:9200/final_projects/_doc [status:201 request:0.002s]
[2024-09-24T13:01:25.250+0000] {logging_mixin.py:115} INFO - {'_index': 'final_projects', '_type': '_doc', '_id': 'zVAfJJIB9Ge4CN5SUUCA', '_version': 1, 'result': 'created', '_shards': {'total': 2, 'successful': 1, 'failed': 0}, '_seq_no': 96, '_primary_term': 1}
[2024-09-24T13:01:25.252+0000] {base.py:271} INFO - POST http://elasticsearch:9200/final_projects/_doc [status:201 request:0.002s]
[2024-09-24T13:01:25.252+0000] {logging_mixin.py:115} INFO - {'_index': 'final_projects', '_type': '_doc', '_id': 'zlAfJJIB9Ge4CN5SUUCC', '_version': 1, 'result': 'created', '_shards': {'total': 2, 'successful': 1, 'failed': 0}, '_seq_no': 97, '_primary_term': 1}
[2024-09-24T13:01:25.254+0000] {base.py:271} INFO - POST http://elasticsearch:9200/final_projects/_doc [status:201 request:0.002s]
[2024-09-24T13:01:25.255+0000] {logging_mixin.py:115} INFO - {'_index': 'final_projects', '_type': '_doc', '_id': 'z1AfJJIB9Ge4CN5SUUCF', '_version': 1, 'result': 'created', '_shards': {'total': 2, 'successful': 1, 'failed': 0}, '_seq_no': 98, '_primary_term': 1}
[2024-09-24T13:01:25.260+0000] {base.py:271} INFO - POST http://elasticsearch:9200/final_projects/_doc [status:201 request:0.004s]
[2024-09-24T13:01:25.261+0000] {logging_mixin.py:115} INFO - {'_index': 'final_projects', '_type': '_doc', '_id': '0FAfJJIB9Ge4CN5SUUCJ', '_version': 1, 'result': 'created', '_shards': {'total': 2, 'successful': 1, 'failed': 0}, '_seq_no': 99, '_primary_term': 1}
[2024-09-24T13:01:25.265+0000] {base.py:271} INFO - POST http://elasticsearch:9200/final_projects/_doc [status:201 request:0.003s]
[2024-09-24T13:01:25.265+0000] {logging_mixin.py:115} INFO - {'_index': 'final_projects', '_type': '_doc', '_id': '0VAfJJIB9Ge4CN5SUUCO', '_version': 1, 'result': 'created', '_shards': {'total': 2, 'successful': 1, 'failed': 0}, '_seq_no': 100, '_primary_term': 1}
[2024-09-24T13:01:25.269+0000] {base.py:271} INFO - POST http://elasticsearch:9200/final_projects/_doc [status:201 request:0.004s]
[2024-09-24T13:01:25.270+0000] {logging_mixin.py:115} INFO - {'_index': 'final_projects', '_type': '_doc', '_id': '0lAfJJIB9Ge4CN5SUUCT', '_version': 1, 'result': 'created', '_shards': {'total': 2, 'successful': 1, 'failed': 0}, '_seq_no': 101, '_primary_term': 1}
[2024-09-24T13:01:25.274+0000] {base.py:271} INFO - POST http://elasticsearch:9200/final_projects/_doc [status:201 request:0.003s]
[2024-09-24T13:01:25.274+0000] {logging_mixin.py:115} INFO - {'_index': 'final_projects', '_type': '_doc', '_id': '01AfJJIB9Ge4CN5SUUCX', '_version': 1, 'result': 'created', '_shards': {'total': 2, 'successful': 1, 'failed': 0}, '_seq_no': 102, '_primary_term': 1}
[2024-09-24T13:01:25.279+0000] {base.py:271} INFO - POST http://elasticsearch:9200/final_projects/_doc [status:201 request:0.004s]
[2024-09-24T13:01:25.279+0000] {logging_mixin.py:115} INFO - {'_index': 'final_projects', '_type': '_doc', '_id': '1FAfJJIB9Ge4CN5SUUCb', '_version': 1, 'result': 'created', '_shards': {'total': 2, 'successful': 1, 'failed': 0}, '_seq_no': 103, '_primary_term': 1}
[2024-09-24T13:01:25.284+0000] {base.py:271} INFO - POST http://elasticsearch:9200/final_projects/_doc [status:201 request:0.004s]
[2024-09-24T13:01:25.284+0000] {logging_mixin.py:115} INFO - {'_index': 'final_projects', '_type': '_doc', '_id': '1VAfJJIB9Ge4CN5SUUCh', '_version': 1, 'result': 'created', '_shards': {'total': 2, 'successful': 1, 'failed': 0}, '_seq_no': 104, '_primary_term': 1}
[2024-09-24T13:01:25.287+0000] {base.py:271} INFO - POST http://elasticsearch:9200/final_projects/_doc [status:201 request:0.002s]
[2024-09-24T13:01:25.287+0000] {logging_mixin.py:115} INFO - {'_index': 'final_projects', '_type': '_doc', '_id': '1lAfJJIB9Ge4CN5SUUCl', '_version': 1, 'result': 'created', '_shards': {'total': 2, 'successful': 1, 'failed': 0}, '_seq_no': 105, '_primary_term': 1}
[2024-09-24T13:01:25.289+0000] {base.py:271} INFO - POST http://elasticsearch:9200/final_projects/_doc [status:201 request:0.002s]
[2024-09-24T13:01:25.289+0000] {logging_mixin.py:115} INFO - {'_index': 'final_projects', '_type': '_doc', '_id': '11AfJJIB9Ge4CN5SUUCo', '_version': 1, 'result': 'created', '_shards': {'total': 2, 'successful': 1, 'failed': 0}, '_seq_no': 106, '_primary_term': 1}
[2024-09-24T13:01:25.291+0000] {base.py:271} INFO - POST http://elasticsearch:9200/final_projects/_doc [status:201 request:0.002s]
[2024-09-24T13:01:25.291+0000] {logging_mixin.py:115} INFO - {'_index': 'final_projects', '_type': '_doc', '_id': '2FAfJJIB9Ge4CN5SUUCq', '_version': 1, 'result': 'created', '_shards': {'total': 2, 'successful': 1, 'failed': 0}, '_seq_no': 107, '_primary_term': 1}
[2024-09-24T13:01:25.293+0000] {base.py:271} INFO - POST http://elasticsearch:9200/final_projects/_doc [status:201 request:0.002s]
[2024-09-24T13:01:25.293+0000] {logging_mixin.py:115} INFO - {'_index': 'final_projects', '_type': '_doc', '_id': '2VAfJJIB9Ge4CN5SUUCs', '_version': 1, 'result': 'created', '_shards': {'total': 2, 'successful': 1, 'failed': 0}, '_seq_no': 108, '_primary_term': 1}
[2024-09-24T13:01:25.295+0000] {base.py:271} INFO - POST http://elasticsearch:9200/final_projects/_doc [status:201 request:0.002s]
[2024-09-24T13:01:25.296+0000] {logging_mixin.py:115} INFO - {'_index': 'final_projects', '_type': '_doc', '_id': '2lAfJJIB9Ge4CN5SUUCu', '_version': 1, 'result': 'created', '_shards': {'total': 2, 'successful': 1, 'failed': 0}, '_seq_no': 109, '_primary_term': 1}
[2024-09-24T13:01:25.297+0000] {base.py:271} INFO - POST http://elasticsearch:9200/final_projects/_doc [status:201 request:0.002s]
[2024-09-24T13:01:25.298+0000] {logging_mixin.py:115} INFO - {'_index': 'final_projects', '_type': '_doc', '_id': '21AfJJIB9Ge4CN5SUUCw', '_version': 1, 'result': 'created', '_shards': {'total': 2, 'successful': 1, 'failed': 0}, '_seq_no': 110, '_primary_term': 1}
[2024-09-24T13:01:25.299+0000] {base.py:271} INFO - POST http://elasticsearch:9200/final_projects/_doc [status:201 request:0.001s]
[2024-09-24T13:01:25.299+0000] {logging_mixin.py:115} INFO - {'_index': 'final_projects', '_type': '_doc', '_id': '3FAfJJIB9Ge4CN5SUUCy', '_version': 1, 'result': 'created', '_shards': {'total': 2, 'successful': 1, 'failed': 0}, '_seq_no': 111, '_primary_term': 1}
[2024-09-24T13:01:25.301+0000] {base.py:271} INFO - POST http://elasticsearch:9200/final_projects/_doc [status:201 request:0.002s]
[2024-09-24T13:01:25.301+0000] {logging_mixin.py:115} INFO - {'_index': 'final_projects', '_type': '_doc', '_id': '3VAfJJIB9Ge4CN5SUUC0', '_version': 1, 'result': 'created', '_shards': {'total': 2, 'successful': 1, 'failed': 0}, '_seq_no': 112, '_primary_term': 1}
[2024-09-24T13:01:25.303+0000] {base.py:271} INFO - POST http://elasticsearch:9200/final_projects/_doc [status:201 request:0.001s]
[2024-09-24T13:01:25.303+0000] {logging_mixin.py:115} INFO - {'_index': 'final_projects', '_type': '_doc', '_id': '3lAfJJIB9Ge4CN5SUUC2', '_version': 1, 'result': 'created', '_shards': {'total': 2, 'successful': 1, 'failed': 0}, '_seq_no': 113, '_primary_term': 1}
[2024-09-24T13:01:25.305+0000] {base.py:271} INFO - POST http://elasticsearch:9200/final_projects/_doc [status:201 request:0.001s]
[2024-09-24T13:01:25.305+0000] {logging_mixin.py:115} INFO - {'_index': 'final_projects', '_type': '_doc', '_id': '31AfJJIB9Ge4CN5SUUC3', '_version': 1, 'result': 'created', '_shards': {'total': 2, 'successful': 1, 'failed': 0}, '_seq_no': 114, '_primary_term': 1}
[2024-09-24T13:01:25.306+0000] {base.py:271} INFO - POST http://elasticsearch:9200/final_projects/_doc [status:201 request:0.001s]
[2024-09-24T13:01:25.307+0000] {logging_mixin.py:115} INFO - {'_index': 'final_projects', '_type': '_doc', '_id': '4FAfJJIB9Ge4CN5SUUC5', '_version': 1, 'result': 'created', '_shards': {'total': 2, 'successful': 1, 'failed': 0}, '_seq_no': 115, '_primary_term': 1}
[2024-09-24T13:01:25.308+0000] {base.py:271} INFO - POST http://elasticsearch:9200/final_projects/_doc [status:201 request:0.001s]
[2024-09-24T13:01:25.308+0000] {logging_mixin.py:115} INFO - {'_index': 'final_projects', '_type': '_doc', '_id': '4VAfJJIB9Ge4CN5SUUC7', '_version': 1, 'result': 'created', '_shards': {'total': 2, 'successful': 1, 'failed': 0}, '_seq_no': 116, '_primary_term': 1}
[2024-09-24T13:01:25.310+0000] {base.py:271} INFO - POST http://elasticsearch:9200/final_projects/_doc [status:201 request:0.001s]
[2024-09-24T13:01:25.310+0000] {logging_mixin.py:115} INFO - {'_index': 'final_projects', '_type': '_doc', '_id': '4lAfJJIB9Ge4CN5SUUC9', '_version': 1, 'result': 'created', '_shards': {'total': 2, 'successful': 1, 'failed': 0}, '_seq_no': 117, '_primary_term': 1}
[2024-09-24T13:01:25.312+0000] {base.py:271} INFO - POST http://elasticsearch:9200/final_projects/_doc [status:201 request:0.001s]
[2024-09-24T13:01:25.312+0000] {logging_mixin.py:115} INFO - {'_index': 'final_projects', '_type': '_doc', '_id': '41AfJJIB9Ge4CN5SUUC_', '_version': 1, 'result': 'created', '_shards': {'total': 2, 'successful': 1, 'failed': 0}, '_seq_no': 118, '_primary_term': 1}
[2024-09-24T13:01:25.314+0000] {base.py:271} INFO - POST http://elasticsearch:9200/final_projects/_doc [status:201 request:0.001s]
[2024-09-24T13:01:25.314+0000] {logging_mixin.py:115} INFO - {'_index': 'final_projects', '_type': '_doc', '_id': '5FAfJJIB9Ge4CN5SUUDA', '_version': 1, 'result': 'created', '_shards': {'total': 2, 'successful': 1, 'failed': 0}, '_seq_no': 119, '_primary_term': 1}
[2024-09-24T13:01:25.315+0000] {base.py:271} INFO - POST http://elasticsearch:9200/final_projects/_doc [status:201 request:0.001s]
[2024-09-24T13:01:25.315+0000] {logging_mixin.py:115} INFO - {'_index': 'final_projects', '_type': '_doc', '_id': '5VAfJJIB9Ge4CN5SUUDC', '_version': 1, 'result': 'created', '_shards': {'total': 2, 'successful': 1, 'failed': 0}, '_seq_no': 120, '_primary_term': 1}
[2024-09-24T13:01:25.317+0000] {base.py:271} INFO - POST http://elasticsearch:9200/final_projects/_doc [status:201 request:0.001s]
[2024-09-24T13:01:25.317+0000] {logging_mixin.py:115} INFO - {'_index': 'final_projects', '_type': '_doc', '_id': '5lAfJJIB9Ge4CN5SUUDE', '_version': 1, 'result': 'created', '_shards': {'total': 2, 'successful': 1, 'failed': 0}, '_seq_no': 121, '_primary_term': 1}
[2024-09-24T13:01:25.318+0000] {base.py:271} INFO - POST http://elasticsearch:9200/final_projects/_doc [status:201 request:0.001s]
[2024-09-24T13:01:25.319+0000] {logging_mixin.py:115} INFO - {'_index': 'final_projects', '_type': '_doc', '_id': '51AfJJIB9Ge4CN5SUUDF', '_version': 1, 'result': 'created', '_shards': {'total': 2, 'successful': 1, 'failed': 0}, '_seq_no': 122, '_primary_term': 1}
[2024-09-24T13:01:25.320+0000] {base.py:271} INFO - POST http://elasticsearch:9200/final_projects/_doc [status:201 request:0.001s]
[2024-09-24T13:01:25.320+0000] {logging_mixin.py:115} INFO - {'_index': 'final_projects', '_type': '_doc', '_id': '6FAfJJIB9Ge4CN5SUUDH', '_version': 1, 'result': 'created', '_shards': {'total': 2, 'successful': 1, 'failed': 0}, '_seq_no': 123, '_primary_term': 1}
[2024-09-24T13:01:25.322+0000] {base.py:271} INFO - POST http://elasticsearch:9200/final_projects/_doc [status:201 request:0.002s]
[2024-09-24T13:01:25.322+0000] {logging_mixin.py:115} INFO - {'_index': 'final_projects', '_type': '_doc', '_id': '6VAfJJIB9Ge4CN5SUUDJ', '_version': 1, 'result': 'created', '_shards': {'total': 2, 'successful': 1, 'failed': 0}, '_seq_no': 124, '_primary_term': 1}
[2024-09-24T13:01:25.324+0000] {base.py:271} INFO - POST http://elasticsearch:9200/final_projects/_doc [status:201 request:0.001s]
[2024-09-24T13:01:25.324+0000] {logging_mixin.py:115} INFO - {'_index': 'final_projects', '_type': '_doc', '_id': '6lAfJJIB9Ge4CN5SUUDK', '_version': 1, 'result': 'created', '_shards': {'total': 2, 'successful': 1, 'failed': 0}, '_seq_no': 125, '_primary_term': 1}
[2024-09-24T13:01:25.325+0000] {base.py:271} INFO - POST http://elasticsearch:9200/final_projects/_doc [status:201 request:0.001s]
[2024-09-24T13:01:25.325+0000] {logging_mixin.py:115} INFO - {'_index': 'final_projects', '_type': '_doc', '_id': '61AfJJIB9Ge4CN5SUUDM', '_version': 1, 'result': 'created', '_shards': {'total': 2, 'successful': 1, 'failed': 0}, '_seq_no': 126, '_primary_term': 1}
[2024-09-24T13:01:25.327+0000] {base.py:271} INFO - POST http://elasticsearch:9200/final_projects/_doc [status:201 request:0.001s]
[2024-09-24T13:01:25.327+0000] {logging_mixin.py:115} INFO - {'_index': 'final_projects', '_type': '_doc', '_id': '7FAfJJIB9Ge4CN5SUUDO', '_version': 1, 'result': 'created', '_shards': {'total': 2, 'successful': 1, 'failed': 0}, '_seq_no': 127, '_primary_term': 1}
[2024-09-24T13:01:25.329+0000] {base.py:271} INFO - POST http://elasticsearch:9200/final_projects/_doc [status:201 request:0.002s]
[2024-09-24T13:01:25.330+0000] {logging_mixin.py:115} INFO - {'_index': 'final_projects', '_type': '_doc', '_id': '7VAfJJIB9Ge4CN5SUUDQ', '_version': 1, 'result': 'created', '_shards': {'total': 2, 'successful': 1, 'failed': 0}, '_seq_no': 128, '_primary_term': 1}
[2024-09-24T13:01:25.332+0000] {base.py:271} INFO - POST http://elasticsearch:9200/final_projects/_doc [status:201 request:0.002s]
[2024-09-24T13:01:25.332+0000] {logging_mixin.py:115} INFO - {'_index': 'final_projects', '_type': '_doc', '_id': '7lAfJJIB9Ge4CN5SUUDS', '_version': 1, 'result': 'created', '_shards': {'total': 2, 'successful': 1, 'failed': 0}, '_seq_no': 129, '_primary_term': 1}
[2024-09-24T13:01:25.334+0000] {base.py:271} INFO - POST http://elasticsearch:9200/final_projects/_doc [status:201 request:0.002s]
[2024-09-24T13:01:25.334+0000] {logging_mixin.py:115} INFO - {'_index': 'final_projects', '_type': '_doc', '_id': '71AfJJIB9Ge4CN5SUUDU', '_version': 1, 'result': 'created', '_shards': {'total': 2, 'successful': 1, 'failed': 0}, '_seq_no': 130, '_primary_term': 1}
[2024-09-24T13:01:25.336+0000] {base.py:271} INFO - POST http://elasticsearch:9200/final_projects/_doc [status:201 request:0.002s]
[2024-09-24T13:01:25.336+0000] {logging_mixin.py:115} INFO - {'_index': 'final_projects', '_type': '_doc', '_id': '8FAfJJIB9Ge4CN5SUUDX', '_version': 1, 'result': 'created', '_shards': {'total': 2, 'successful': 1, 'failed': 0}, '_seq_no': 131, '_primary_term': 1}
[2024-09-24T13:01:25.340+0000] {base.py:271} INFO - POST http://elasticsearch:9200/final_projects/_doc [status:201 request:0.004s]
[2024-09-24T13:01:25.341+0000] {logging_mixin.py:115} INFO - {'_index': 'final_projects', '_type': '_doc', '_id': '8VAfJJIB9Ge4CN5SUUDZ', '_version': 1, 'result': 'created', '_shards': {'total': 2, 'successful': 1, 'failed': 0}, '_seq_no': 132, '_primary_term': 1}
[2024-09-24T13:01:25.343+0000] {base.py:271} INFO - POST http://elasticsearch:9200/final_projects/_doc [status:201 request:0.002s]
[2024-09-24T13:01:25.343+0000] {logging_mixin.py:115} INFO - {'_index': 'final_projects', '_type': '_doc', '_id': '8lAfJJIB9Ge4CN5SUUDd', '_version': 1, 'result': 'created', '_shards': {'total': 2, 'successful': 1, 'failed': 0}, '_seq_no': 133, '_primary_term': 1}
[2024-09-24T13:01:25.345+0000] {base.py:271} INFO - POST http://elasticsearch:9200/final_projects/_doc [status:201 request:0.002s]
[2024-09-24T13:01:25.345+0000] {logging_mixin.py:115} INFO - {'_index': 'final_projects', '_type': '_doc', '_id': '81AfJJIB9Ge4CN5SUUDf', '_version': 1, 'result': 'created', '_shards': {'total': 2, 'successful': 1, 'failed': 0}, '_seq_no': 134, '_primary_term': 1}
[2024-09-24T13:01:25.347+0000] {base.py:271} INFO - POST http://elasticsearch:9200/final_projects/_doc [status:201 request:0.002s]
[2024-09-24T13:01:25.347+0000] {logging_mixin.py:115} INFO - {'_index': 'final_projects', '_type': '_doc', '_id': '9FAfJJIB9Ge4CN5SUUDi', '_version': 1, 'result': 'created', '_shards': {'total': 2, 'successful': 1, 'failed': 0}, '_seq_no': 135, '_primary_term': 1}
[2024-09-24T13:01:25.350+0000] {base.py:271} INFO - POST http://elasticsearch:9200/final_projects/_doc [status:201 request:0.002s]
[2024-09-24T13:01:25.350+0000] {logging_mixin.py:115} INFO - {'_index': 'final_projects', '_type': '_doc', '_id': '9VAfJJIB9Ge4CN5SUUDk', '_version': 1, 'result': 'created', '_shards': {'total': 2, 'successful': 1, 'failed': 0}, '_seq_no': 136, '_primary_term': 1}
[2024-09-24T13:01:25.352+0000] {base.py:271} INFO - POST http://elasticsearch:9200/final_projects/_doc [status:201 request:0.002s]
[2024-09-24T13:01:25.352+0000] {logging_mixin.py:115} INFO - {'_index': 'final_projects', '_type': '_doc', '_id': '9lAfJJIB9Ge4CN5SUUDm', '_version': 1, 'result': 'created', '_shards': {'total': 2, 'successful': 1, 'failed': 0}, '_seq_no': 137, '_primary_term': 1}
[2024-09-24T13:01:25.354+0000] {base.py:271} INFO - POST http://elasticsearch:9200/final_projects/_doc [status:201 request:0.002s]
[2024-09-24T13:01:25.354+0000] {logging_mixin.py:115} INFO - {'_index': 'final_projects', '_type': '_doc', '_id': '91AfJJIB9Ge4CN5SUUDo', '_version': 1, 'result': 'created', '_shards': {'total': 2, 'successful': 1, 'failed': 0}, '_seq_no': 138, '_primary_term': 1}
[2024-09-24T13:01:25.356+0000] {base.py:271} INFO - POST http://elasticsearch:9200/final_projects/_doc [status:201 request:0.001s]
[2024-09-24T13:01:25.356+0000] {logging_mixin.py:115} INFO - {'_index': 'final_projects', '_type': '_doc', '_id': '-FAfJJIB9Ge4CN5SUUDr', '_version': 1, 'result': 'created', '_shards': {'total': 2, 'successful': 1, 'failed': 0}, '_seq_no': 139, '_primary_term': 1}
[2024-09-24T13:01:25.357+0000] {base.py:271} INFO - POST http://elasticsearch:9200/final_projects/_doc [status:201 request:0.001s]
[2024-09-24T13:01:25.358+0000] {logging_mixin.py:115} INFO - {'_index': 'final_projects', '_type': '_doc', '_id': '-VAfJJIB9Ge4CN5SUUDs', '_version': 1, 'result': 'created', '_shards': {'total': 2, 'successful': 1, 'failed': 0}, '_seq_no': 140, '_primary_term': 1}
[2024-09-24T13:01:25.359+0000] {base.py:271} INFO - POST http://elasticsearch:9200/final_projects/_doc [status:201 request:0.001s]
[2024-09-24T13:01:25.359+0000] {logging_mixin.py:115} INFO - {'_index': 'final_projects', '_type': '_doc', '_id': '-lAfJJIB9Ge4CN5SUUDu', '_version': 1, 'result': 'created', '_shards': {'total': 2, 'successful': 1, 'failed': 0}, '_seq_no': 141, '_primary_term': 1}
[2024-09-24T13:01:25.361+0000] {base.py:271} INFO - POST http://elasticsearch:9200/final_projects/_doc [status:201 request:0.001s]
[2024-09-24T13:01:25.361+0000] {logging_mixin.py:115} INFO - {'_index': 'final_projects', '_type': '_doc', '_id': '-1AfJJIB9Ge4CN5SUUDw', '_version': 1, 'result': 'created', '_shards': {'total': 2, 'successful': 1, 'failed': 0}, '_seq_no': 142, '_primary_term': 1}
[2024-09-24T13:01:25.362+0000] {base.py:271} INFO - POST http://elasticsearch:9200/final_projects/_doc [status:201 request:0.001s]
[2024-09-24T13:01:25.362+0000] {logging_mixin.py:115} INFO - {'_index': 'final_projects', '_type': '_doc', '_id': '_FAfJJIB9Ge4CN5SUUDx', '_version': 1, 'result': 'created', '_shards': {'total': 2, 'successful': 1, 'failed': 0}, '_seq_no': 143, '_primary_term': 1}
[2024-09-24T13:01:25.364+0000] {base.py:271} INFO - POST http://elasticsearch:9200/final_projects/_doc [status:201 request:0.001s]
[2024-09-24T13:01:25.364+0000] {logging_mixin.py:115} INFO - {'_index': 'final_projects', '_type': '_doc', '_id': '_VAfJJIB9Ge4CN5SUUDz', '_version': 1, 'result': 'created', '_shards': {'total': 2, 'successful': 1, 'failed': 0}, '_seq_no': 144, '_primary_term': 1}
[2024-09-24T13:01:25.365+0000] {base.py:271} INFO - POST http://elasticsearch:9200/final_projects/_doc [status:201 request:0.001s]
[2024-09-24T13:01:25.366+0000] {logging_mixin.py:115} INFO - {'_index': 'final_projects', '_type': '_doc', '_id': '_lAfJJIB9Ge4CN5SUUD0', '_version': 1, 'result': 'created', '_shards': {'total': 2, 'successful': 1, 'failed': 0}, '_seq_no': 145, '_primary_term': 1}
[2024-09-24T13:01:25.367+0000] {base.py:271} INFO - POST http://elasticsearch:9200/final_projects/_doc [status:201 request:0.001s]
[2024-09-24T13:01:25.367+0000] {logging_mixin.py:115} INFO - {'_index': 'final_projects', '_type': '_doc', '_id': '_1AfJJIB9Ge4CN5SUUD2', '_version': 1, 'result': 'created', '_shards': {'total': 2, 'successful': 1, 'failed': 0}, '_seq_no': 146, '_primary_term': 1}
[2024-09-24T13:01:25.369+0000] {base.py:271} INFO - POST http://elasticsearch:9200/final_projects/_doc [status:201 request:0.001s]
[2024-09-24T13:01:25.369+0000] {logging_mixin.py:115} INFO - {'_index': 'final_projects', '_type': '_doc', '_id': 'AFAfJJIB9Ge4CN5SUUH4', '_version': 1, 'result': 'created', '_shards': {'total': 2, 'successful': 1, 'failed': 0}, '_seq_no': 147, '_primary_term': 1}
[2024-09-24T13:01:25.370+0000] {base.py:271} INFO - POST http://elasticsearch:9200/final_projects/_doc [status:201 request:0.001s]
[2024-09-24T13:01:25.370+0000] {logging_mixin.py:115} INFO - {'_index': 'final_projects', '_type': '_doc', '_id': 'AVAfJJIB9Ge4CN5SUUH5', '_version': 1, 'result': 'created', '_shards': {'total': 2, 'successful': 1, 'failed': 0}, '_seq_no': 148, '_primary_term': 1}
[2024-09-24T13:01:25.372+0000] {base.py:271} INFO - POST http://elasticsearch:9200/final_projects/_doc [status:201 request:0.002s]
[2024-09-24T13:01:25.372+0000] {logging_mixin.py:115} INFO - {'_index': 'final_projects', '_type': '_doc', '_id': 'AlAfJJIB9Ge4CN5SUUH7', '_version': 1, 'result': 'created', '_shards': {'total': 2, 'successful': 1, 'failed': 0}, '_seq_no': 149, '_primary_term': 1}
[2024-09-24T13:01:25.374+0000] {base.py:271} INFO - POST http://elasticsearch:9200/final_projects/_doc [status:201 request:0.001s]
[2024-09-24T13:01:25.374+0000] {logging_mixin.py:115} INFO - {'_index': 'final_projects', '_type': '_doc', '_id': 'A1AfJJIB9Ge4CN5SUUH9', '_version': 1, 'result': 'created', '_shards': {'total': 2, 'successful': 1, 'failed': 0}, '_seq_no': 150, '_primary_term': 1}
[2024-09-24T13:01:25.375+0000] {base.py:271} INFO - POST http://elasticsearch:9200/final_projects/_doc [status:201 request:0.001s]
[2024-09-24T13:01:25.375+0000] {logging_mixin.py:115} INFO - {'_index': 'final_projects', '_type': '_doc', '_id': 'BFAfJJIB9Ge4CN5SUUH-', '_version': 1, 'result': 'created', '_shards': {'total': 2, 'successful': 1, 'failed': 0}, '_seq_no': 151, '_primary_term': 1}
[2024-09-24T13:01:25.377+0000] {base.py:271} INFO - POST http://elasticsearch:9200/final_projects/_doc [status:201 request:0.001s]
[2024-09-24T13:01:25.377+0000] {logging_mixin.py:115} INFO - {'_index': 'final_projects', '_type': '_doc', '_id': 'BVAfJJIB9Ge4CN5SUkEA', '_version': 1, 'result': 'created', '_shards': {'total': 2, 'successful': 1, 'failed': 0}, '_seq_no': 152, '_primary_term': 1}
[2024-09-24T13:01:25.379+0000] {base.py:271} INFO - POST http://elasticsearch:9200/final_projects/_doc [status:201 request:0.001s]
[2024-09-24T13:01:25.379+0000] {logging_mixin.py:115} INFO - {'_index': 'final_projects', '_type': '_doc', '_id': 'BlAfJJIB9Ge4CN5SUkEB', '_version': 1, 'result': 'created', '_shards': {'total': 2, 'successful': 1, 'failed': 0}, '_seq_no': 153, '_primary_term': 1}
[2024-09-24T13:01:25.380+0000] {base.py:271} INFO - POST http://elasticsearch:9200/final_projects/_doc [status:201 request:0.001s]
[2024-09-24T13:01:25.381+0000] {logging_mixin.py:115} INFO - {'_index': 'final_projects', '_type': '_doc', '_id': 'B1AfJJIB9Ge4CN5SUkED', '_version': 1, 'result': 'created', '_shards': {'total': 2, 'successful': 1, 'failed': 0}, '_seq_no': 154, '_primary_term': 1}
[2024-09-24T13:01:25.382+0000] {base.py:271} INFO - POST http://elasticsearch:9200/final_projects/_doc [status:201 request:0.001s]
[2024-09-24T13:01:25.382+0000] {logging_mixin.py:115} INFO - {'_index': 'final_projects', '_type': '_doc', '_id': 'CFAfJJIB9Ge4CN5SUkEF', '_version': 1, 'result': 'created', '_shards': {'total': 2, 'successful': 1, 'failed': 0}, '_seq_no': 155, '_primary_term': 1}
[2024-09-24T13:01:25.384+0000] {base.py:271} INFO - POST http://elasticsearch:9200/final_projects/_doc [status:201 request:0.001s]
[2024-09-24T13:01:25.384+0000] {logging_mixin.py:115} INFO - {'_index': 'final_projects', '_type': '_doc', '_id': 'CVAfJJIB9Ge4CN5SUkEG', '_version': 1, 'result': 'created', '_shards': {'total': 2, 'successful': 1, 'failed': 0}, '_seq_no': 156, '_primary_term': 1}
[2024-09-24T13:01:25.385+0000] {base.py:271} INFO - POST http://elasticsearch:9200/final_projects/_doc [status:201 request:0.001s]
[2024-09-24T13:01:25.385+0000] {logging_mixin.py:115} INFO - {'_index': 'final_projects', '_type': '_doc', '_id': 'ClAfJJIB9Ge4CN5SUkEI', '_version': 1, 'result': 'created', '_shards': {'total': 2, 'successful': 1, 'failed': 0}, '_seq_no': 157, '_primary_term': 1}
[2024-09-24T13:01:25.387+0000] {base.py:271} INFO - POST http://elasticsearch:9200/final_projects/_doc [status:201 request:0.001s]
[2024-09-24T13:01:25.387+0000] {logging_mixin.py:115} INFO - {'_index': 'final_projects', '_type': '_doc', '_id': 'C1AfJJIB9Ge4CN5SUkEK', '_version': 1, 'result': 'created', '_shards': {'total': 2, 'successful': 1, 'failed': 0}, '_seq_no': 158, '_primary_term': 1}
[2024-09-24T13:01:25.389+0000] {base.py:271} INFO - POST http://elasticsearch:9200/final_projects/_doc [status:201 request:0.001s]
[2024-09-24T13:01:25.389+0000] {logging_mixin.py:115} INFO - {'_index': 'final_projects', '_type': '_doc', '_id': 'DFAfJJIB9Ge4CN5SUkEL', '_version': 1, 'result': 'created', '_shards': {'total': 2, 'successful': 1, 'failed': 0}, '_seq_no': 159, '_primary_term': 1}
[2024-09-24T13:01:25.391+0000] {base.py:271} INFO - POST http://elasticsearch:9200/final_projects/_doc [status:201 request:0.002s]
[2024-09-24T13:01:25.391+0000] {logging_mixin.py:115} INFO - {'_index': 'final_projects', '_type': '_doc', '_id': 'DVAfJJIB9Ge4CN5SUkEN', '_version': 1, 'result': 'created', '_shards': {'total': 2, 'successful': 1, 'failed': 0}, '_seq_no': 160, '_primary_term': 1}
[2024-09-24T13:01:25.394+0000] {base.py:271} INFO - POST http://elasticsearch:9200/final_projects/_doc [status:201 request:0.002s]
[2024-09-24T13:01:25.394+0000] {logging_mixin.py:115} INFO - {'_index': 'final_projects', '_type': '_doc', '_id': 'DlAfJJIB9Ge4CN5SUkEQ', '_version': 1, 'result': 'created', '_shards': {'total': 2, 'successful': 1, 'failed': 0}, '_seq_no': 161, '_primary_term': 1}
[2024-09-24T13:01:25.397+0000] {base.py:271} INFO - POST http://elasticsearch:9200/final_projects/_doc [status:201 request:0.003s]
[2024-09-24T13:01:25.397+0000] {logging_mixin.py:115} INFO - {'_index': 'final_projects', '_type': '_doc', '_id': 'D1AfJJIB9Ge4CN5SUkET', '_version': 1, 'result': 'created', '_shards': {'total': 2, 'successful': 1, 'failed': 0}, '_seq_no': 162, '_primary_term': 1}
[2024-09-24T13:01:25.400+0000] {base.py:271} INFO - POST http://elasticsearch:9200/final_projects/_doc [status:201 request:0.003s]
[2024-09-24T13:01:25.400+0000] {logging_mixin.py:115} INFO - {'_index': 'final_projects', '_type': '_doc', '_id': 'EFAfJJIB9Ge4CN5SUkEW', '_version': 1, 'result': 'created', '_shards': {'total': 2, 'successful': 1, 'failed': 0}, '_seq_no': 163, '_primary_term': 1}
[2024-09-24T13:01:25.402+0000] {base.py:271} INFO - POST http://elasticsearch:9200/final_projects/_doc [status:201 request:0.001s]
[2024-09-24T13:01:25.402+0000] {logging_mixin.py:115} INFO - {'_index': 'final_projects', '_type': '_doc', '_id': 'EVAfJJIB9Ge4CN5SUkEZ', '_version': 1, 'result': 'created', '_shards': {'total': 2, 'successful': 1, 'failed': 0}, '_seq_no': 164, '_primary_term': 1}
[2024-09-24T13:01:25.404+0000] {base.py:271} INFO - POST http://elasticsearch:9200/final_projects/_doc [status:201 request:0.001s]
[2024-09-24T13:01:25.404+0000] {logging_mixin.py:115} INFO - {'_index': 'final_projects', '_type': '_doc', '_id': 'ElAfJJIB9Ge4CN5SUkEb', '_version': 1, 'result': 'created', '_shards': {'total': 2, 'successful': 1, 'failed': 0}, '_seq_no': 165, '_primary_term': 1}
[2024-09-24T13:01:25.406+0000] {base.py:271} INFO - POST http://elasticsearch:9200/final_projects/_doc [status:201 request:0.002s]
[2024-09-24T13:01:25.406+0000] {logging_mixin.py:115} INFO - {'_index': 'final_projects', '_type': '_doc', '_id': 'E1AfJJIB9Ge4CN5SUkEc', '_version': 1, 'result': 'created', '_shards': {'total': 2, 'successful': 1, 'failed': 0}, '_seq_no': 166, '_primary_term': 1}
[2024-09-24T13:01:25.407+0000] {base.py:271} INFO - POST http://elasticsearch:9200/final_projects/_doc [status:201 request:0.002s]
[2024-09-24T13:01:25.408+0000] {logging_mixin.py:115} INFO - {'_index': 'final_projects', '_type': '_doc', '_id': 'FFAfJJIB9Ge4CN5SUkEe', '_version': 1, 'result': 'created', '_shards': {'total': 2, 'successful': 1, 'failed': 0}, '_seq_no': 167, '_primary_term': 1}
[2024-09-24T13:01:25.409+0000] {base.py:271} INFO - POST http://elasticsearch:9200/final_projects/_doc [status:201 request:0.001s]
[2024-09-24T13:01:25.409+0000] {logging_mixin.py:115} INFO - {'_index': 'final_projects', '_type': '_doc', '_id': 'FVAfJJIB9Ge4CN5SUkEg', '_version': 1, 'result': 'created', '_shards': {'total': 2, 'successful': 1, 'failed': 0}, '_seq_no': 168, '_primary_term': 1}
[2024-09-24T13:01:25.411+0000] {base.py:271} INFO - POST http://elasticsearch:9200/final_projects/_doc [status:201 request:0.001s]
[2024-09-24T13:01:25.411+0000] {logging_mixin.py:115} INFO - {'_index': 'final_projects', '_type': '_doc', '_id': 'FlAfJJIB9Ge4CN5SUkEi', '_version': 1, 'result': 'created', '_shards': {'total': 2, 'successful': 1, 'failed': 0}, '_seq_no': 169, '_primary_term': 1}
[2024-09-24T13:01:25.413+0000] {base.py:271} INFO - POST http://elasticsearch:9200/final_projects/_doc [status:201 request:0.001s]
[2024-09-24T13:01:25.413+0000] {logging_mixin.py:115} INFO - {'_index': 'final_projects', '_type': '_doc', '_id': 'F1AfJJIB9Ge4CN5SUkEk', '_version': 1, 'result': 'created', '_shards': {'total': 2, 'successful': 1, 'failed': 0}, '_seq_no': 170, '_primary_term': 1}
[2024-09-24T13:01:25.415+0000] {base.py:271} INFO - POST http://elasticsearch:9200/final_projects/_doc [status:201 request:0.001s]
[2024-09-24T13:01:25.415+0000] {logging_mixin.py:115} INFO - {'_index': 'final_projects', '_type': '_doc', '_id': 'GFAfJJIB9Ge4CN5SUkEl', '_version': 1, 'result': 'created', '_shards': {'total': 2, 'successful': 1, 'failed': 0}, '_seq_no': 171, '_primary_term': 1}
[2024-09-24T13:01:25.416+0000] {base.py:271} INFO - POST http://elasticsearch:9200/final_projects/_doc [status:201 request:0.001s]
[2024-09-24T13:01:25.416+0000] {logging_mixin.py:115} INFO - {'_index': 'final_projects', '_type': '_doc', '_id': 'GVAfJJIB9Ge4CN5SUkEn', '_version': 1, 'result': 'created', '_shards': {'total': 2, 'successful': 1, 'failed': 0}, '_seq_no': 172, '_primary_term': 1}
[2024-09-24T13:01:25.418+0000] {base.py:271} INFO - POST http://elasticsearch:9200/final_projects/_doc [status:201 request:0.001s]
[2024-09-24T13:01:25.418+0000] {logging_mixin.py:115} INFO - {'_index': 'final_projects', '_type': '_doc', '_id': 'GlAfJJIB9Ge4CN5SUkEp', '_version': 1, 'result': 'created', '_shards': {'total': 2, 'successful': 1, 'failed': 0}, '_seq_no': 173, '_primary_term': 1}
[2024-09-24T13:01:25.420+0000] {base.py:271} INFO - POST http://elasticsearch:9200/final_projects/_doc [status:201 request:0.002s]
[2024-09-24T13:01:25.420+0000] {logging_mixin.py:115} INFO - {'_index': 'final_projects', '_type': '_doc', '_id': 'G1AfJJIB9Ge4CN5SUkEq', '_version': 1, 'result': 'created', '_shards': {'total': 2, 'successful': 1, 'failed': 0}, '_seq_no': 174, '_primary_term': 1}
[2024-09-24T13:01:25.421+0000] {base.py:271} INFO - POST http://elasticsearch:9200/final_projects/_doc [status:201 request:0.001s]
[2024-09-24T13:01:25.422+0000] {logging_mixin.py:115} INFO - {'_index': 'final_projects', '_type': '_doc', '_id': 'HFAfJJIB9Ge4CN5SUkEs', '_version': 1, 'result': 'created', '_shards': {'total': 2, 'successful': 1, 'failed': 0}, '_seq_no': 175, '_primary_term': 1}
[2024-09-24T13:01:25.423+0000] {base.py:271} INFO - POST http://elasticsearch:9200/final_projects/_doc [status:201 request:0.002s]
[2024-09-24T13:01:25.424+0000] {logging_mixin.py:115} INFO - {'_index': 'final_projects', '_type': '_doc', '_id': 'HVAfJJIB9Ge4CN5SUkEu', '_version': 1, 'result': 'created', '_shards': {'total': 2, 'successful': 1, 'failed': 0}, '_seq_no': 176, '_primary_term': 1}
[2024-09-24T13:01:25.425+0000] {base.py:271} INFO - POST http://elasticsearch:9200/final_projects/_doc [status:201 request:0.001s]
[2024-09-24T13:01:25.425+0000] {logging_mixin.py:115} INFO - {'_index': 'final_projects', '_type': '_doc', '_id': 'HlAfJJIB9Ge4CN5SUkEw', '_version': 1, 'result': 'created', '_shards': {'total': 2, 'successful': 1, 'failed': 0}, '_seq_no': 177, '_primary_term': 1}
[2024-09-24T13:01:25.427+0000] {base.py:271} INFO - POST http://elasticsearch:9200/final_projects/_doc [status:201 request:0.001s]
[2024-09-24T13:01:25.427+0000] {logging_mixin.py:115} INFO - {'_index': 'final_projects', '_type': '_doc', '_id': 'H1AfJJIB9Ge4CN5SUkEy', '_version': 1, 'result': 'created', '_shards': {'total': 2, 'successful': 1, 'failed': 0}, '_seq_no': 178, '_primary_term': 1}
[2024-09-24T13:01:25.428+0000] {base.py:271} INFO - POST http://elasticsearch:9200/final_projects/_doc [status:201 request:0.001s]
[2024-09-24T13:01:25.429+0000] {logging_mixin.py:115} INFO - {'_index': 'final_projects', '_type': '_doc', '_id': 'IFAfJJIB9Ge4CN5SUkEz', '_version': 1, 'result': 'created', '_shards': {'total': 2, 'successful': 1, 'failed': 0}, '_seq_no': 179, '_primary_term': 1}
[2024-09-24T13:01:25.430+0000] {base.py:271} INFO - POST http://elasticsearch:9200/final_projects/_doc [status:201 request:0.001s]
[2024-09-24T13:01:25.430+0000] {logging_mixin.py:115} INFO - {'_index': 'final_projects', '_type': '_doc', '_id': 'IVAfJJIB9Ge4CN5SUkE1', '_version': 1, 'result': 'created', '_shards': {'total': 2, 'successful': 1, 'failed': 0}, '_seq_no': 180, '_primary_term': 1}
[2024-09-24T13:01:25.432+0000] {base.py:271} INFO - POST http://elasticsearch:9200/final_projects/_doc [status:201 request:0.001s]
[2024-09-24T13:01:25.432+0000] {logging_mixin.py:115} INFO - {'_index': 'final_projects', '_type': '_doc', '_id': 'IlAfJJIB9Ge4CN5SUkE3', '_version': 1, 'result': 'created', '_shards': {'total': 2, 'successful': 1, 'failed': 0}, '_seq_no': 181, '_primary_term': 1}
[2024-09-24T13:01:25.433+0000] {base.py:271} INFO - POST http://elasticsearch:9200/final_projects/_doc [status:201 request:0.001s]
[2024-09-24T13:01:25.434+0000] {logging_mixin.py:115} INFO - {'_index': 'final_projects', '_type': '_doc', '_id': 'I1AfJJIB9Ge4CN5SUkE4', '_version': 1, 'result': 'created', '_shards': {'total': 2, 'successful': 1, 'failed': 0}, '_seq_no': 182, '_primary_term': 1}
[2024-09-24T13:01:25.435+0000] {base.py:271} INFO - POST http://elasticsearch:9200/final_projects/_doc [status:201 request:0.001s]
[2024-09-24T13:01:25.435+0000] {logging_mixin.py:115} INFO - {'_index': 'final_projects', '_type': '_doc', '_id': 'JFAfJJIB9Ge4CN5SUkE6', '_version': 1, 'result': 'created', '_shards': {'total': 2, 'successful': 1, 'failed': 0}, '_seq_no': 183, '_primary_term': 1}
[2024-09-24T13:01:25.437+0000] {base.py:271} INFO - POST http://elasticsearch:9200/final_projects/_doc [status:201 request:0.001s]
[2024-09-24T13:01:25.437+0000] {logging_mixin.py:115} INFO - {'_index': 'final_projects', '_type': '_doc', '_id': 'JVAfJJIB9Ge4CN5SUkE8', '_version': 1, 'result': 'created', '_shards': {'total': 2, 'successful': 1, 'failed': 0}, '_seq_no': 184, '_primary_term': 1}
[2024-09-24T13:01:25.439+0000] {base.py:271} INFO - POST http://elasticsearch:9200/final_projects/_doc [status:201 request:0.002s]
[2024-09-24T13:01:25.439+0000] {logging_mixin.py:115} INFO - {'_index': 'final_projects', '_type': '_doc', '_id': 'JlAfJJIB9Ge4CN5SUkE9', '_version': 1, 'result': 'created', '_shards': {'total': 2, 'successful': 1, 'failed': 0}, '_seq_no': 185, '_primary_term': 1}
[2024-09-24T13:01:25.440+0000] {base.py:271} INFO - POST http://elasticsearch:9200/final_projects/_doc [status:201 request:0.001s]
[2024-09-24T13:01:25.440+0000] {logging_mixin.py:115} INFO - {'_index': 'final_projects', '_type': '_doc', '_id': 'J1AfJJIB9Ge4CN5SUkE_', '_version': 1, 'result': 'created', '_shards': {'total': 2, 'successful': 1, 'failed': 0}, '_seq_no': 186, '_primary_term': 1}
[2024-09-24T13:01:25.442+0000] {base.py:271} INFO - POST http://elasticsearch:9200/final_projects/_doc [status:201 request:0.001s]
[2024-09-24T13:01:25.442+0000] {logging_mixin.py:115} INFO - {'_index': 'final_projects', '_type': '_doc', '_id': 'KFAfJJIB9Ge4CN5SUkFB', '_version': 1, 'result': 'created', '_shards': {'total': 2, 'successful': 1, 'failed': 0}, '_seq_no': 187, '_primary_term': 1}
[2024-09-24T13:01:25.444+0000] {base.py:271} INFO - POST http://elasticsearch:9200/final_projects/_doc [status:201 request:0.001s]
[2024-09-24T13:01:25.444+0000] {logging_mixin.py:115} INFO - {'_index': 'final_projects', '_type': '_doc', '_id': 'KVAfJJIB9Ge4CN5SUkFD', '_version': 1, 'result': 'created', '_shards': {'total': 2, 'successful': 1, 'failed': 0}, '_seq_no': 188, '_primary_term': 1}
[2024-09-24T13:01:25.445+0000] {base.py:271} INFO - POST http://elasticsearch:9200/final_projects/_doc [status:201 request:0.001s]
[2024-09-24T13:01:25.445+0000] {logging_mixin.py:115} INFO - {'_index': 'final_projects', '_type': '_doc', '_id': 'KlAfJJIB9Ge4CN5SUkFE', '_version': 1, 'result': 'created', '_shards': {'total': 2, 'successful': 1, 'failed': 0}, '_seq_no': 189, '_primary_term': 1}
[2024-09-24T13:01:25.447+0000] {base.py:271} INFO - POST http://elasticsearch:9200/final_projects/_doc [status:201 request:0.001s]
[2024-09-24T13:01:25.447+0000] {logging_mixin.py:115} INFO - {'_index': 'final_projects', '_type': '_doc', '_id': 'K1AfJJIB9Ge4CN5SUkFG', '_version': 1, 'result': 'created', '_shards': {'total': 2, 'successful': 1, 'failed': 0}, '_seq_no': 190, '_primary_term': 1}
[2024-09-24T13:01:25.449+0000] {base.py:271} INFO - POST http://elasticsearch:9200/final_projects/_doc [status:201 request:0.001s]
[2024-09-24T13:01:25.449+0000] {logging_mixin.py:115} INFO - {'_index': 'final_projects', '_type': '_doc', '_id': 'LFAfJJIB9Ge4CN5SUkFI', '_version': 1, 'result': 'created', '_shards': {'total': 2, 'successful': 1, 'failed': 0}, '_seq_no': 191, '_primary_term': 1}
[2024-09-24T13:01:25.450+0000] {base.py:271} INFO - POST http://elasticsearch:9200/final_projects/_doc [status:201 request:0.001s]
[2024-09-24T13:01:25.451+0000] {logging_mixin.py:115} INFO - {'_index': 'final_projects', '_type': '_doc', '_id': 'LVAfJJIB9Ge4CN5SUkFJ', '_version': 1, 'result': 'created', '_shards': {'total': 2, 'successful': 1, 'failed': 0}, '_seq_no': 192, '_primary_term': 1}
[2024-09-24T13:01:25.453+0000] {base.py:271} INFO - POST http://elasticsearch:9200/final_projects/_doc [status:201 request:0.002s]
[2024-09-24T13:01:25.453+0000] {logging_mixin.py:115} INFO - {'_index': 'final_projects', '_type': '_doc', '_id': 'LlAfJJIB9Ge4CN5SUkFL', '_version': 1, 'result': 'created', '_shards': {'total': 2, 'successful': 1, 'failed': 0}, '_seq_no': 193, '_primary_term': 1}
[2024-09-24T13:01:25.457+0000] {base.py:271} INFO - POST http://elasticsearch:9200/final_projects/_doc [status:201 request:0.004s]
[2024-09-24T13:01:25.457+0000] {logging_mixin.py:115} INFO - {'_index': 'final_projects', '_type': '_doc', '_id': 'L1AfJJIB9Ge4CN5SUkFN', '_version': 1, 'result': 'created', '_shards': {'total': 2, 'successful': 1, 'failed': 0}, '_seq_no': 194, '_primary_term': 1}
[2024-09-24T13:01:25.459+0000] {base.py:271} INFO - POST http://elasticsearch:9200/final_projects/_doc [status:201 request:0.002s]
[2024-09-24T13:01:25.460+0000] {logging_mixin.py:115} INFO - {'_index': 'final_projects', '_type': '_doc', '_id': 'MFAfJJIB9Ge4CN5SUkFS', '_version': 1, 'result': 'created', '_shards': {'total': 2, 'successful': 1, 'failed': 0}, '_seq_no': 195, '_primary_term': 1}
[2024-09-24T13:01:25.462+0000] {base.py:271} INFO - POST http://elasticsearch:9200/final_projects/_doc [status:201 request:0.002s]
[2024-09-24T13:01:25.462+0000] {logging_mixin.py:115} INFO - {'_index': 'final_projects', '_type': '_doc', '_id': 'MVAfJJIB9Ge4CN5SUkFU', '_version': 1, 'result': 'created', '_shards': {'total': 2, 'successful': 1, 'failed': 0}, '_seq_no': 196, '_primary_term': 1}
[2024-09-24T13:01:25.464+0000] {base.py:271} INFO - POST http://elasticsearch:9200/final_projects/_doc [status:201 request:0.002s]
[2024-09-24T13:01:25.465+0000] {logging_mixin.py:115} INFO - {'_index': 'final_projects', '_type': '_doc', '_id': 'MlAfJJIB9Ge4CN5SUkFX', '_version': 1, 'result': 'created', '_shards': {'total': 2, 'successful': 1, 'failed': 0}, '_seq_no': 197, '_primary_term': 1}
[2024-09-24T13:01:25.466+0000] {base.py:271} INFO - POST http://elasticsearch:9200/final_projects/_doc [status:201 request:0.001s]
[2024-09-24T13:01:25.466+0000] {logging_mixin.py:115} INFO - {'_index': 'final_projects', '_type': '_doc', '_id': 'M1AfJJIB9Ge4CN5SUkFZ', '_version': 1, 'result': 'created', '_shards': {'total': 2, 'successful': 1, 'failed': 0}, '_seq_no': 198, '_primary_term': 1}
[2024-09-24T13:01:25.468+0000] {base.py:271} INFO - POST http://elasticsearch:9200/final_projects/_doc [status:201 request:0.002s]
[2024-09-24T13:01:25.469+0000] {logging_mixin.py:115} INFO - {'_index': 'final_projects', '_type': '_doc', '_id': 'NFAfJJIB9Ge4CN5SUkFb', '_version': 1, 'result': 'created', '_shards': {'total': 2, 'successful': 1, 'failed': 0}, '_seq_no': 199, '_primary_term': 1}
[2024-09-24T13:01:25.470+0000] {base.py:271} INFO - POST http://elasticsearch:9200/final_projects/_doc [status:201 request:0.001s]
[2024-09-24T13:01:25.470+0000] {logging_mixin.py:115} INFO - {'_index': 'final_projects', '_type': '_doc', '_id': 'NVAfJJIB9Ge4CN5SUkFd', '_version': 1, 'result': 'created', '_shards': {'total': 2, 'successful': 1, 'failed': 0}, '_seq_no': 200, '_primary_term': 1}
[2024-09-24T13:01:25.472+0000] {base.py:271} INFO - POST http://elasticsearch:9200/final_projects/_doc [status:201 request:0.001s]
[2024-09-24T13:01:25.472+0000] {logging_mixin.py:115} INFO - {'_index': 'final_projects', '_type': '_doc', '_id': 'NlAfJJIB9Ge4CN5SUkFf', '_version': 1, 'result': 'created', '_shards': {'total': 2, 'successful': 1, 'failed': 0}, '_seq_no': 201, '_primary_term': 1}
[2024-09-24T13:01:25.474+0000] {base.py:271} INFO - POST http://elasticsearch:9200/final_projects/_doc [status:201 request:0.001s]
[2024-09-24T13:01:25.474+0000] {logging_mixin.py:115} INFO - {'_index': 'final_projects', '_type': '_doc', '_id': 'N1AfJJIB9Ge4CN5SUkFh', '_version': 1, 'result': 'created', '_shards': {'total': 2, 'successful': 1, 'failed': 0}, '_seq_no': 202, '_primary_term': 1}
[2024-09-24T13:01:25.475+0000] {base.py:271} INFO - POST http://elasticsearch:9200/final_projects/_doc [status:201 request:0.001s]
[2024-09-24T13:01:25.476+0000] {logging_mixin.py:115} INFO - {'_index': 'final_projects', '_type': '_doc', '_id': 'OFAfJJIB9Ge4CN5SUkFi', '_version': 1, 'result': 'created', '_shards': {'total': 2, 'successful': 1, 'failed': 0}, '_seq_no': 203, '_primary_term': 1}
[2024-09-24T13:01:25.477+0000] {base.py:271} INFO - POST http://elasticsearch:9200/final_projects/_doc [status:201 request:0.001s]
[2024-09-24T13:01:25.477+0000] {logging_mixin.py:115} INFO - {'_index': 'final_projects', '_type': '_doc', '_id': 'OVAfJJIB9Ge4CN5SUkFk', '_version': 1, 'result': 'created', '_shards': {'total': 2, 'successful': 1, 'failed': 0}, '_seq_no': 204, '_primary_term': 1}
[2024-09-24T13:01:25.479+0000] {base.py:271} INFO - POST http://elasticsearch:9200/final_projects/_doc [status:201 request:0.001s]
[2024-09-24T13:01:25.479+0000] {logging_mixin.py:115} INFO - {'_index': 'final_projects', '_type': '_doc', '_id': 'OlAfJJIB9Ge4CN5SUkFm', '_version': 1, 'result': 'created', '_shards': {'total': 2, 'successful': 1, 'failed': 0}, '_seq_no': 205, '_primary_term': 1}
[2024-09-24T13:01:25.481+0000] {base.py:271} INFO - POST http://elasticsearch:9200/final_projects/_doc [status:201 request:0.001s]
[2024-09-24T13:01:25.481+0000] {logging_mixin.py:115} INFO - {'_index': 'final_projects', '_type': '_doc', '_id': 'O1AfJJIB9Ge4CN5SUkFn', '_version': 1, 'result': 'created', '_shards': {'total': 2, 'successful': 1, 'failed': 0}, '_seq_no': 206, '_primary_term': 1}
[2024-09-24T13:01:25.482+0000] {base.py:271} INFO - POST http://elasticsearch:9200/final_projects/_doc [status:201 request:0.001s]
[2024-09-24T13:01:25.482+0000] {logging_mixin.py:115} INFO - {'_index': 'final_projects', '_type': '_doc', '_id': 'PFAfJJIB9Ge4CN5SUkFp', '_version': 1, 'result': 'created', '_shards': {'total': 2, 'successful': 1, 'failed': 0}, '_seq_no': 207, '_primary_term': 1}
[2024-09-24T13:01:25.484+0000] {base.py:271} INFO - POST http://elasticsearch:9200/final_projects/_doc [status:201 request:0.001s]
[2024-09-24T13:01:25.484+0000] {logging_mixin.py:115} INFO - {'_index': 'final_projects', '_type': '_doc', '_id': 'PVAfJJIB9Ge4CN5SUkFr', '_version': 1, 'result': 'created', '_shards': {'total': 2, 'successful': 1, 'failed': 0}, '_seq_no': 208, '_primary_term': 1}
[2024-09-24T13:01:25.485+0000] {base.py:271} INFO - POST http://elasticsearch:9200/final_projects/_doc [status:201 request:0.001s]
[2024-09-24T13:01:25.486+0000] {logging_mixin.py:115} INFO - {'_index': 'final_projects', '_type': '_doc', '_id': 'PlAfJJIB9Ge4CN5SUkFs', '_version': 1, 'result': 'created', '_shards': {'total': 2, 'successful': 1, 'failed': 0}, '_seq_no': 209, '_primary_term': 1}
[2024-09-24T13:01:25.487+0000] {base.py:271} INFO - POST http://elasticsearch:9200/final_projects/_doc [status:201 request:0.001s]
[2024-09-24T13:01:25.487+0000] {logging_mixin.py:115} INFO - {'_index': 'final_projects', '_type': '_doc', '_id': 'P1AfJJIB9Ge4CN5SUkFu', '_version': 1, 'result': 'created', '_shards': {'total': 2, 'successful': 1, 'failed': 0}, '_seq_no': 210, '_primary_term': 1}
[2024-09-24T13:01:25.489+0000] {base.py:271} INFO - POST http://elasticsearch:9200/final_projects/_doc [status:201 request:0.001s]
[2024-09-24T13:01:25.489+0000] {logging_mixin.py:115} INFO - {'_index': 'final_projects', '_type': '_doc', '_id': 'QFAfJJIB9Ge4CN5SUkFw', '_version': 1, 'result': 'created', '_shards': {'total': 2, 'successful': 1, 'failed': 0}, '_seq_no': 211, '_primary_term': 1}
[2024-09-24T13:01:25.490+0000] {base.py:271} INFO - POST http://elasticsearch:9200/final_projects/_doc [status:201 request:0.001s]
[2024-09-24T13:01:25.491+0000] {logging_mixin.py:115} INFO - {'_index': 'final_projects', '_type': '_doc', '_id': 'QVAfJJIB9Ge4CN5SUkFx', '_version': 1, 'result': 'created', '_shards': {'total': 2, 'successful': 1, 'failed': 0}, '_seq_no': 212, '_primary_term': 1}
[2024-09-24T13:01:25.492+0000] {base.py:271} INFO - POST http://elasticsearch:9200/final_projects/_doc [status:201 request:0.001s]
[2024-09-24T13:01:25.492+0000] {logging_mixin.py:115} INFO - {'_index': 'final_projects', '_type': '_doc', '_id': 'QlAfJJIB9Ge4CN5SUkFz', '_version': 1, 'result': 'created', '_shards': {'total': 2, 'successful': 1, 'failed': 0}, '_seq_no': 213, '_primary_term': 1}
[2024-09-24T13:01:25.494+0000] {base.py:271} INFO - POST http://elasticsearch:9200/final_projects/_doc [status:201 request:0.001s]
[2024-09-24T13:01:25.494+0000] {logging_mixin.py:115} INFO - {'_index': 'final_projects', '_type': '_doc', '_id': 'Q1AfJJIB9Ge4CN5SUkF1', '_version': 1, 'result': 'created', '_shards': {'total': 2, 'successful': 1, 'failed': 0}, '_seq_no': 214, '_primary_term': 1}
[2024-09-24T13:01:25.495+0000] {base.py:271} INFO - POST http://elasticsearch:9200/final_projects/_doc [status:201 request:0.001s]
[2024-09-24T13:01:25.496+0000] {logging_mixin.py:115} INFO - {'_index': 'final_projects', '_type': '_doc', '_id': 'RFAfJJIB9Ge4CN5SUkF2', '_version': 1, 'result': 'created', '_shards': {'total': 2, 'successful': 1, 'failed': 0}, '_seq_no': 215, '_primary_term': 1}
[2024-09-24T13:01:25.497+0000] {base.py:271} INFO - POST http://elasticsearch:9200/final_projects/_doc [status:201 request:0.001s]
[2024-09-24T13:01:25.497+0000] {logging_mixin.py:115} INFO - {'_index': 'final_projects', '_type': '_doc', '_id': 'RVAfJJIB9Ge4CN5SUkF4', '_version': 1, 'result': 'created', '_shards': {'total': 2, 'successful': 1, 'failed': 0}, '_seq_no': 216, '_primary_term': 1}
[2024-09-24T13:01:25.499+0000] {base.py:271} INFO - POST http://elasticsearch:9200/final_projects/_doc [status:201 request:0.001s]
[2024-09-24T13:01:25.499+0000] {logging_mixin.py:115} INFO - {'_index': 'final_projects', '_type': '_doc', '_id': 'RlAfJJIB9Ge4CN5SUkF6', '_version': 1, 'result': 'created', '_shards': {'total': 2, 'successful': 1, 'failed': 0}, '_seq_no': 217, '_primary_term': 1}
[2024-09-24T13:01:25.500+0000] {base.py:271} INFO - POST http://elasticsearch:9200/final_projects/_doc [status:201 request:0.001s]
[2024-09-24T13:01:25.501+0000] {logging_mixin.py:115} INFO - {'_index': 'final_projects', '_type': '_doc', '_id': 'R1AfJJIB9Ge4CN5SUkF7', '_version': 1, 'result': 'created', '_shards': {'total': 2, 'successful': 1, 'failed': 0}, '_seq_no': 218, '_primary_term': 1}
[2024-09-24T13:01:25.502+0000] {base.py:271} INFO - POST http://elasticsearch:9200/final_projects/_doc [status:201 request:0.001s]
[2024-09-24T13:01:25.502+0000] {logging_mixin.py:115} INFO - {'_index': 'final_projects', '_type': '_doc', '_id': 'SFAfJJIB9Ge4CN5SUkF9', '_version': 1, 'result': 'created', '_shards': {'total': 2, 'successful': 1, 'failed': 0}, '_seq_no': 219, '_primary_term': 1}
[2024-09-24T13:01:25.504+0000] {base.py:271} INFO - POST http://elasticsearch:9200/final_projects/_doc [status:201 request:0.001s]
[2024-09-24T13:01:25.504+0000] {logging_mixin.py:115} INFO - {'_index': 'final_projects', '_type': '_doc', '_id': 'SVAfJJIB9Ge4CN5SUkF_', '_version': 1, 'result': 'created', '_shards': {'total': 2, 'successful': 1, 'failed': 0}, '_seq_no': 220, '_primary_term': 1}
[2024-09-24T13:01:25.506+0000] {base.py:271} INFO - POST http://elasticsearch:9200/final_projects/_doc [status:201 request:0.002s]
[2024-09-24T13:01:25.506+0000] {logging_mixin.py:115} INFO - {'_index': 'final_projects', '_type': '_doc', '_id': 'SlAfJJIB9Ge4CN5SUkGB', '_version': 1, 'result': 'created', '_shards': {'total': 2, 'successful': 1, 'failed': 0}, '_seq_no': 221, '_primary_term': 1}
[2024-09-24T13:01:25.507+0000] {base.py:271} INFO - POST http://elasticsearch:9200/final_projects/_doc [status:201 request:0.001s]
[2024-09-24T13:01:25.508+0000] {logging_mixin.py:115} INFO - {'_index': 'final_projects', '_type': '_doc', '_id': 'S1AfJJIB9Ge4CN5SUkGC', '_version': 1, 'result': 'created', '_shards': {'total': 2, 'successful': 1, 'failed': 0}, '_seq_no': 222, '_primary_term': 1}
[2024-09-24T13:01:25.509+0000] {base.py:271} INFO - POST http://elasticsearch:9200/final_projects/_doc [status:201 request:0.001s]
[2024-09-24T13:01:25.509+0000] {logging_mixin.py:115} INFO - {'_index': 'final_projects', '_type': '_doc', '_id': 'TFAfJJIB9Ge4CN5SUkGE', '_version': 1, 'result': 'created', '_shards': {'total': 2, 'successful': 1, 'failed': 0}, '_seq_no': 223, '_primary_term': 1}
[2024-09-24T13:01:25.511+0000] {base.py:271} INFO - POST http://elasticsearch:9200/final_projects/_doc [status:201 request:0.001s]
[2024-09-24T13:01:25.511+0000] {logging_mixin.py:115} INFO - {'_index': 'final_projects', '_type': '_doc', '_id': 'TVAfJJIB9Ge4CN5SUkGG', '_version': 1, 'result': 'created', '_shards': {'total': 2, 'successful': 1, 'failed': 0}, '_seq_no': 224, '_primary_term': 1}
[2024-09-24T13:01:25.513+0000] {base.py:271} INFO - POST http://elasticsearch:9200/final_projects/_doc [status:201 request:0.001s]
[2024-09-24T13:01:25.513+0000] {logging_mixin.py:115} INFO - {'_index': 'final_projects', '_type': '_doc', '_id': 'TlAfJJIB9Ge4CN5SUkGH', '_version': 1, 'result': 'created', '_shards': {'total': 2, 'successful': 1, 'failed': 0}, '_seq_no': 225, '_primary_term': 1}
[2024-09-24T13:01:25.514+0000] {base.py:271} INFO - POST http://elasticsearch:9200/final_projects/_doc [status:201 request:0.001s]
[2024-09-24T13:01:25.514+0000] {logging_mixin.py:115} INFO - {'_index': 'final_projects', '_type': '_doc', '_id': 'T1AfJJIB9Ge4CN5SUkGJ', '_version': 1, 'result': 'created', '_shards': {'total': 2, 'successful': 1, 'failed': 0}, '_seq_no': 226, '_primary_term': 1}
[2024-09-24T13:01:25.516+0000] {base.py:271} INFO - POST http://elasticsearch:9200/final_projects/_doc [status:201 request:0.001s]
[2024-09-24T13:01:25.516+0000] {logging_mixin.py:115} INFO - {'_index': 'final_projects', '_type': '_doc', '_id': 'UFAfJJIB9Ge4CN5SUkGL', '_version': 1, 'result': 'created', '_shards': {'total': 2, 'successful': 1, 'failed': 0}, '_seq_no': 227, '_primary_term': 1}
[2024-09-24T13:01:25.517+0000] {base.py:271} INFO - POST http://elasticsearch:9200/final_projects/_doc [status:201 request:0.001s]
[2024-09-24T13:01:25.518+0000] {logging_mixin.py:115} INFO - {'_index': 'final_projects', '_type': '_doc', '_id': 'UVAfJJIB9Ge4CN5SUkGM', '_version': 1, 'result': 'created', '_shards': {'total': 2, 'successful': 1, 'failed': 0}, '_seq_no': 228, '_primary_term': 1}
[2024-09-24T13:01:25.519+0000] {base.py:271} INFO - POST http://elasticsearch:9200/final_projects/_doc [status:201 request:0.001s]
[2024-09-24T13:01:25.519+0000] {logging_mixin.py:115} INFO - {'_index': 'final_projects', '_type': '_doc', '_id': 'UlAfJJIB9Ge4CN5SUkGO', '_version': 1, 'result': 'created', '_shards': {'total': 2, 'successful': 1, 'failed': 0}, '_seq_no': 229, '_primary_term': 1}
[2024-09-24T13:01:25.521+0000] {base.py:271} INFO - POST http://elasticsearch:9200/final_projects/_doc [status:201 request:0.001s]
[2024-09-24T13:01:25.521+0000] {logging_mixin.py:115} INFO - {'_index': 'final_projects', '_type': '_doc', '_id': 'U1AfJJIB9Ge4CN5SUkGP', '_version': 1, 'result': 'created', '_shards': {'total': 2, 'successful': 1, 'failed': 0}, '_seq_no': 230, '_primary_term': 1}
[2024-09-24T13:01:25.522+0000] {base.py:271} INFO - POST http://elasticsearch:9200/final_projects/_doc [status:201 request:0.001s]
[2024-09-24T13:01:25.522+0000] {logging_mixin.py:115} INFO - {'_index': 'final_projects', '_type': '_doc', '_id': 'VFAfJJIB9Ge4CN5SUkGR', '_version': 1, 'result': 'created', '_shards': {'total': 2, 'successful': 1, 'failed': 0}, '_seq_no': 231, '_primary_term': 1}
[2024-09-24T13:01:25.524+0000] {base.py:271} INFO - POST http://elasticsearch:9200/final_projects/_doc [status:201 request:0.001s]
[2024-09-24T13:01:25.524+0000] {logging_mixin.py:115} INFO - {'_index': 'final_projects', '_type': '_doc', '_id': 'VVAfJJIB9Ge4CN5SUkGT', '_version': 1, 'result': 'created', '_shards': {'total': 2, 'successful': 1, 'failed': 0}, '_seq_no': 232, '_primary_term': 1}
[2024-09-24T13:01:25.525+0000] {base.py:271} INFO - POST http://elasticsearch:9200/final_projects/_doc [status:201 request:0.001s]
[2024-09-24T13:01:25.526+0000] {logging_mixin.py:115} INFO - {'_index': 'final_projects', '_type': '_doc', '_id': 'VlAfJJIB9Ge4CN5SUkGU', '_version': 1, 'result': 'created', '_shards': {'total': 2, 'successful': 1, 'failed': 0}, '_seq_no': 233, '_primary_term': 1}
[2024-09-24T13:01:25.527+0000] {base.py:271} INFO - POST http://elasticsearch:9200/final_projects/_doc [status:201 request:0.001s]
[2024-09-24T13:01:25.527+0000] {logging_mixin.py:115} INFO - {'_index': 'final_projects', '_type': '_doc', '_id': 'V1AfJJIB9Ge4CN5SUkGW', '_version': 1, 'result': 'created', '_shards': {'total': 2, 'successful': 1, 'failed': 0}, '_seq_no': 234, '_primary_term': 1}
[2024-09-24T13:01:25.529+0000] {base.py:271} INFO - POST http://elasticsearch:9200/final_projects/_doc [status:201 request:0.001s]
[2024-09-24T13:01:25.529+0000] {logging_mixin.py:115} INFO - {'_index': 'final_projects', '_type': '_doc', '_id': 'WFAfJJIB9Ge4CN5SUkGY', '_version': 1, 'result': 'created', '_shards': {'total': 2, 'successful': 1, 'failed': 0}, '_seq_no': 235, '_primary_term': 1}
[2024-09-24T13:01:25.530+0000] {base.py:271} INFO - POST http://elasticsearch:9200/final_projects/_doc [status:201 request:0.001s]
[2024-09-24T13:01:25.530+0000] {logging_mixin.py:115} INFO - {'_index': 'final_projects', '_type': '_doc', '_id': 'WVAfJJIB9Ge4CN5SUkGZ', '_version': 1, 'result': 'created', '_shards': {'total': 2, 'successful': 1, 'failed': 0}, '_seq_no': 236, '_primary_term': 1}
[2024-09-24T13:01:25.532+0000] {base.py:271} INFO - POST http://elasticsearch:9200/final_projects/_doc [status:201 request:0.001s]
[2024-09-24T13:01:25.532+0000] {logging_mixin.py:115} INFO - {'_index': 'final_projects', '_type': '_doc', '_id': 'WlAfJJIB9Ge4CN5SUkGb', '_version': 1, 'result': 'created', '_shards': {'total': 2, 'successful': 1, 'failed': 0}, '_seq_no': 237, '_primary_term': 1}
[2024-09-24T13:01:25.533+0000] {base.py:271} INFO - POST http://elasticsearch:9200/final_projects/_doc [status:201 request:0.001s]
[2024-09-24T13:01:25.533+0000] {logging_mixin.py:115} INFO - {'_index': 'final_projects', '_type': '_doc', '_id': 'W1AfJJIB9Ge4CN5SUkGc', '_version': 1, 'result': 'created', '_shards': {'total': 2, 'successful': 1, 'failed': 0}, '_seq_no': 238, '_primary_term': 1}
[2024-09-24T13:01:25.535+0000] {base.py:271} INFO - POST http://elasticsearch:9200/final_projects/_doc [status:201 request:0.001s]
[2024-09-24T13:01:25.535+0000] {logging_mixin.py:115} INFO - {'_index': 'final_projects', '_type': '_doc', '_id': 'XFAfJJIB9Ge4CN5SUkGe', '_version': 1, 'result': 'created', '_shards': {'total': 2, 'successful': 1, 'failed': 0}, '_seq_no': 239, '_primary_term': 1}
[2024-09-24T13:01:25.537+0000] {base.py:271} INFO - POST http://elasticsearch:9200/final_projects/_doc [status:201 request:0.001s]
[2024-09-24T13:01:25.537+0000] {logging_mixin.py:115} INFO - {'_index': 'final_projects', '_type': '_doc', '_id': 'XVAfJJIB9Ge4CN5SUkGg', '_version': 1, 'result': 'created', '_shards': {'total': 2, 'successful': 1, 'failed': 0}, '_seq_no': 240, '_primary_term': 1}
[2024-09-24T13:01:25.538+0000] {base.py:271} INFO - POST http://elasticsearch:9200/final_projects/_doc [status:201 request:0.001s]
[2024-09-24T13:01:25.539+0000] {logging_mixin.py:115} INFO - {'_index': 'final_projects', '_type': '_doc', '_id': 'XlAfJJIB9Ge4CN5SUkGh', '_version': 1, 'result': 'created', '_shards': {'total': 2, 'successful': 1, 'failed': 0}, '_seq_no': 241, '_primary_term': 1}
[2024-09-24T13:01:25.540+0000] {base.py:271} INFO - POST http://elasticsearch:9200/final_projects/_doc [status:201 request:0.001s]
[2024-09-24T13:01:25.540+0000] {logging_mixin.py:115} INFO - {'_index': 'final_projects', '_type': '_doc', '_id': 'X1AfJJIB9Ge4CN5SUkGj', '_version': 1, 'result': 'created', '_shards': {'total': 2, 'successful': 1, 'failed': 0}, '_seq_no': 242, '_primary_term': 1}
[2024-09-24T13:01:25.542+0000] {base.py:271} INFO - POST http://elasticsearch:9200/final_projects/_doc [status:201 request:0.001s]
[2024-09-24T13:01:25.542+0000] {logging_mixin.py:115} INFO - {'_index': 'final_projects', '_type': '_doc', '_id': 'YFAfJJIB9Ge4CN5SUkGl', '_version': 1, 'result': 'created', '_shards': {'total': 2, 'successful': 1, 'failed': 0}, '_seq_no': 243, '_primary_term': 1}
[2024-09-24T13:01:25.543+0000] {base.py:271} INFO - POST http://elasticsearch:9200/final_projects/_doc [status:201 request:0.001s]
[2024-09-24T13:01:25.544+0000] {logging_mixin.py:115} INFO - {'_index': 'final_projects', '_type': '_doc', '_id': 'YVAfJJIB9Ge4CN5SUkGm', '_version': 1, 'result': 'created', '_shards': {'total': 2, 'successful': 1, 'failed': 0}, '_seq_no': 244, '_primary_term': 1}
[2024-09-24T13:01:25.545+0000] {base.py:271} INFO - POST http://elasticsearch:9200/final_projects/_doc [status:201 request:0.001s]
[2024-09-24T13:01:25.545+0000] {logging_mixin.py:115} INFO - {'_index': 'final_projects', '_type': '_doc', '_id': 'YlAfJJIB9Ge4CN5SUkGo', '_version': 1, 'result': 'created', '_shards': {'total': 2, 'successful': 1, 'failed': 0}, '_seq_no': 245, '_primary_term': 1}
[2024-09-24T13:01:25.547+0000] {base.py:271} INFO - POST http://elasticsearch:9200/final_projects/_doc [status:201 request:0.001s]
[2024-09-24T13:01:25.547+0000] {logging_mixin.py:115} INFO - {'_index': 'final_projects', '_type': '_doc', '_id': 'Y1AfJJIB9Ge4CN5SUkGq', '_version': 1, 'result': 'created', '_shards': {'total': 2, 'successful': 1, 'failed': 0}, '_seq_no': 246, '_primary_term': 1}
[2024-09-24T13:01:25.548+0000] {base.py:271} INFO - POST http://elasticsearch:9200/final_projects/_doc [status:201 request:0.001s]
[2024-09-24T13:01:25.549+0000] {logging_mixin.py:115} INFO - {'_index': 'final_projects', '_type': '_doc', '_id': 'ZFAfJJIB9Ge4CN5SUkGr', '_version': 1, 'result': 'created', '_shards': {'total': 2, 'successful': 1, 'failed': 0}, '_seq_no': 247, '_primary_term': 1}
[2024-09-24T13:01:25.550+0000] {base.py:271} INFO - POST http://elasticsearch:9200/final_projects/_doc [status:201 request:0.001s]
[2024-09-24T13:01:25.550+0000] {logging_mixin.py:115} INFO - {'_index': 'final_projects', '_type': '_doc', '_id': 'ZVAfJJIB9Ge4CN5SUkGt', '_version': 1, 'result': 'created', '_shards': {'total': 2, 'successful': 1, 'failed': 0}, '_seq_no': 248, '_primary_term': 1}
[2024-09-24T13:01:25.552+0000] {base.py:271} INFO - POST http://elasticsearch:9200/final_projects/_doc [status:201 request:0.001s]
[2024-09-24T13:01:25.552+0000] {logging_mixin.py:115} INFO - {'_index': 'final_projects', '_type': '_doc', '_id': 'ZlAfJJIB9Ge4CN5SUkGv', '_version': 1, 'result': 'created', '_shards': {'total': 2, 'successful': 1, 'failed': 0}, '_seq_no': 249, '_primary_term': 1}
[2024-09-24T13:01:25.554+0000] {base.py:271} INFO - POST http://elasticsearch:9200/final_projects/_doc [status:201 request:0.001s]
[2024-09-24T13:01:25.554+0000] {logging_mixin.py:115} INFO - {'_index': 'final_projects', '_type': '_doc', '_id': 'Z1AfJJIB9Ge4CN5SUkGw', '_version': 1, 'result': 'created', '_shards': {'total': 2, 'successful': 1, 'failed': 0}, '_seq_no': 250, '_primary_term': 1}
[2024-09-24T13:01:25.555+0000] {base.py:271} INFO - POST http://elasticsearch:9200/final_projects/_doc [status:201 request:0.001s]
[2024-09-24T13:01:25.555+0000] {logging_mixin.py:115} INFO - {'_index': 'final_projects', '_type': '_doc', '_id': 'aFAfJJIB9Ge4CN5SUkGy', '_version': 1, 'result': 'created', '_shards': {'total': 2, 'successful': 1, 'failed': 0}, '_seq_no': 251, '_primary_term': 1}
[2024-09-24T13:01:25.557+0000] {base.py:271} INFO - POST http://elasticsearch:9200/final_projects/_doc [status:201 request:0.001s]
[2024-09-24T13:01:25.557+0000] {logging_mixin.py:115} INFO - {'_index': 'final_projects', '_type': '_doc', '_id': 'aVAfJJIB9Ge4CN5SUkG0', '_version': 1, 'result': 'created', '_shards': {'total': 2, 'successful': 1, 'failed': 0}, '_seq_no': 252, '_primary_term': 1}
[2024-09-24T13:01:25.559+0000] {base.py:271} INFO - POST http://elasticsearch:9200/final_projects/_doc [status:201 request:0.002s]
[2024-09-24T13:01:25.559+0000] {logging_mixin.py:115} INFO - {'_index': 'final_projects', '_type': '_doc', '_id': 'alAfJJIB9Ge4CN5SUkG1', '_version': 1, 'result': 'created', '_shards': {'total': 2, 'successful': 1, 'failed': 0}, '_seq_no': 253, '_primary_term': 1}
[2024-09-24T13:01:25.560+0000] {base.py:271} INFO - POST http://elasticsearch:9200/final_projects/_doc [status:201 request:0.001s]
[2024-09-24T13:01:25.561+0000] {logging_mixin.py:115} INFO - {'_index': 'final_projects', '_type': '_doc', '_id': 'a1AfJJIB9Ge4CN5SUkG3', '_version': 1, 'result': 'created', '_shards': {'total': 2, 'successful': 1, 'failed': 0}, '_seq_no': 254, '_primary_term': 1}
[2024-09-24T13:01:25.562+0000] {base.py:271} INFO - POST http://elasticsearch:9200/final_projects/_doc [status:201 request:0.002s]
[2024-09-24T13:01:25.563+0000] {logging_mixin.py:115} INFO - {'_index': 'final_projects', '_type': '_doc', '_id': 'bFAfJJIB9Ge4CN5SUkG5', '_version': 1, 'result': 'created', '_shards': {'total': 2, 'successful': 1, 'failed': 0}, '_seq_no': 255, '_primary_term': 1}
[2024-09-24T13:01:25.565+0000] {base.py:271} INFO - POST http://elasticsearch:9200/final_projects/_doc [status:201 request:0.002s]
[2024-09-24T13:01:25.566+0000] {logging_mixin.py:115} INFO - {'_index': 'final_projects', '_type': '_doc', '_id': 'bVAfJJIB9Ge4CN5SUkG8', '_version': 1, 'result': 'created', '_shards': {'total': 2, 'successful': 1, 'failed': 0}, '_seq_no': 256, '_primary_term': 1}
[2024-09-24T13:01:25.568+0000] {base.py:271} INFO - POST http://elasticsearch:9200/final_projects/_doc [status:201 request:0.002s]
[2024-09-24T13:01:25.568+0000] {logging_mixin.py:115} INFO - {'_index': 'final_projects', '_type': '_doc', '_id': 'blAfJJIB9Ge4CN5SUkG-', '_version': 1, 'result': 'created', '_shards': {'total': 2, 'successful': 1, 'failed': 0}, '_seq_no': 257, '_primary_term': 1}
[2024-09-24T13:01:25.571+0000] {base.py:271} INFO - POST http://elasticsearch:9200/final_projects/_doc [status:201 request:0.002s]
[2024-09-24T13:01:25.571+0000] {logging_mixin.py:115} INFO - {'_index': 'final_projects', '_type': '_doc', '_id': 'b1AfJJIB9Ge4CN5SUkHB', '_version': 1, 'result': 'created', '_shards': {'total': 2, 'successful': 1, 'failed': 0}, '_seq_no': 258, '_primary_term': 1}
[2024-09-24T13:01:25.573+0000] {base.py:271} INFO - POST http://elasticsearch:9200/final_projects/_doc [status:201 request:0.002s]
[2024-09-24T13:01:25.574+0000] {logging_mixin.py:115} INFO - {'_index': 'final_projects', '_type': '_doc', '_id': 'cFAfJJIB9Ge4CN5SUkHE', '_version': 1, 'result': 'created', '_shards': {'total': 2, 'successful': 1, 'failed': 0}, '_seq_no': 259, '_primary_term': 1}
[2024-09-24T13:01:25.576+0000] {base.py:271} INFO - POST http://elasticsearch:9200/final_projects/_doc [status:201 request:0.002s]
[2024-09-24T13:01:25.576+0000] {logging_mixin.py:115} INFO - {'_index': 'final_projects', '_type': '_doc', '_id': 'cVAfJJIB9Ge4CN5SUkHG', '_version': 1, 'result': 'created', '_shards': {'total': 2, 'successful': 1, 'failed': 0}, '_seq_no': 260, '_primary_term': 1}
[2024-09-24T13:01:25.579+0000] {base.py:271} INFO - POST http://elasticsearch:9200/final_projects/_doc [status:201 request:0.003s]
[2024-09-24T13:01:25.580+0000] {logging_mixin.py:115} INFO - {'_index': 'final_projects', '_type': '_doc', '_id': 'clAfJJIB9Ge4CN5SUkHJ', '_version': 1, 'result': 'created', '_shards': {'total': 2, 'successful': 1, 'failed': 0}, '_seq_no': 261, '_primary_term': 1}
[2024-09-24T13:01:25.583+0000] {base.py:271} INFO - POST http://elasticsearch:9200/final_projects/_doc [status:201 request:0.003s]
[2024-09-24T13:01:25.583+0000] {logging_mixin.py:115} INFO - {'_index': 'final_projects', '_type': '_doc', '_id': 'c1AfJJIB9Ge4CN5SUkHN', '_version': 1, 'result': 'created', '_shards': {'total': 2, 'successful': 1, 'failed': 0}, '_seq_no': 262, '_primary_term': 1}
[2024-09-24T13:01:25.586+0000] {base.py:271} INFO - POST http://elasticsearch:9200/final_projects/_doc [status:201 request:0.002s]
[2024-09-24T13:01:25.586+0000] {logging_mixin.py:115} INFO - {'_index': 'final_projects', '_type': '_doc', '_id': 'dFAfJJIB9Ge4CN5SUkHQ', '_version': 1, 'result': 'created', '_shards': {'total': 2, 'successful': 1, 'failed': 0}, '_seq_no': 263, '_primary_term': 1}
[2024-09-24T13:01:25.590+0000] {base.py:271} INFO - POST http://elasticsearch:9200/final_projects/_doc [status:201 request:0.003s]
[2024-09-24T13:01:25.591+0000] {logging_mixin.py:115} INFO - {'_index': 'final_projects', '_type': '_doc', '_id': 'dVAfJJIB9Ge4CN5SUkHT', '_version': 1, 'result': 'created', '_shards': {'total': 2, 'successful': 1, 'failed': 0}, '_seq_no': 264, '_primary_term': 1}
[2024-09-24T13:01:25.594+0000] {base.py:271} INFO - POST http://elasticsearch:9200/final_projects/_doc [status:201 request:0.002s]
[2024-09-24T13:01:25.594+0000] {logging_mixin.py:115} INFO - {'_index': 'final_projects', '_type': '_doc', '_id': 'dlAfJJIB9Ge4CN5SUkHX', '_version': 1, 'result': 'created', '_shards': {'total': 2, 'successful': 1, 'failed': 0}, '_seq_no': 265, '_primary_term': 1}
[2024-09-24T13:01:25.597+0000] {base.py:271} INFO - POST http://elasticsearch:9200/final_projects/_doc [status:201 request:0.002s]
[2024-09-24T13:01:25.597+0000] {logging_mixin.py:115} INFO - {'_index': 'final_projects', '_type': '_doc', '_id': 'd1AfJJIB9Ge4CN5SUkHb', '_version': 1, 'result': 'created', '_shards': {'total': 2, 'successful': 1, 'failed': 0}, '_seq_no': 266, '_primary_term': 1}
[2024-09-24T13:01:25.600+0000] {base.py:271} INFO - POST http://elasticsearch:9200/final_projects/_doc [status:201 request:0.003s]
[2024-09-24T13:01:25.601+0000] {logging_mixin.py:115} INFO - {'_index': 'final_projects', '_type': '_doc', '_id': 'eFAfJJIB9Ge4CN5SUkHe', '_version': 1, 'result': 'created', '_shards': {'total': 2, 'successful': 1, 'failed': 0}, '_seq_no': 267, '_primary_term': 1}
[2024-09-24T13:01:25.603+0000] {base.py:271} INFO - POST http://elasticsearch:9200/final_projects/_doc [status:201 request:0.002s]
[2024-09-24T13:01:25.603+0000] {logging_mixin.py:115} INFO - {'_index': 'final_projects', '_type': '_doc', '_id': 'eVAfJJIB9Ge4CN5SUkHh', '_version': 1, 'result': 'created', '_shards': {'total': 2, 'successful': 1, 'failed': 0}, '_seq_no': 268, '_primary_term': 1}
[2024-09-24T13:01:25.606+0000] {base.py:271} INFO - POST http://elasticsearch:9200/final_projects/_doc [status:201 request:0.002s]
[2024-09-24T13:01:25.606+0000] {logging_mixin.py:115} INFO - {'_index': 'final_projects', '_type': '_doc', '_id': 'elAfJJIB9Ge4CN5SUkHk', '_version': 1, 'result': 'created', '_shards': {'total': 2, 'successful': 1, 'failed': 0}, '_seq_no': 269, '_primary_term': 1}
[2024-09-24T13:01:25.609+0000] {base.py:271} INFO - POST http://elasticsearch:9200/final_projects/_doc [status:201 request:0.002s]
[2024-09-24T13:01:25.609+0000] {logging_mixin.py:115} INFO - {'_index': 'final_projects', '_type': '_doc', '_id': 'e1AfJJIB9Ge4CN5SUkHn', '_version': 1, 'result': 'created', '_shards': {'total': 2, 'successful': 1, 'failed': 0}, '_seq_no': 270, '_primary_term': 1}
[2024-09-24T13:01:25.611+0000] {base.py:271} INFO - POST http://elasticsearch:9200/final_projects/_doc [status:201 request:0.002s]
[2024-09-24T13:01:25.612+0000] {logging_mixin.py:115} INFO - {'_index': 'final_projects', '_type': '_doc', '_id': 'fFAfJJIB9Ge4CN5SUkHq', '_version': 1, 'result': 'created', '_shards': {'total': 2, 'successful': 1, 'failed': 0}, '_seq_no': 271, '_primary_term': 1}
[2024-09-24T13:01:25.614+0000] {base.py:271} INFO - POST http://elasticsearch:9200/final_projects/_doc [status:201 request:0.002s]
[2024-09-24T13:01:25.614+0000] {logging_mixin.py:115} INFO - {'_index': 'final_projects', '_type': '_doc', '_id': 'fVAfJJIB9Ge4CN5SUkHs', '_version': 1, 'result': 'created', '_shards': {'total': 2, 'successful': 1, 'failed': 0}, '_seq_no': 272, '_primary_term': 1}
[2024-09-24T13:01:25.616+0000] {base.py:271} INFO - POST http://elasticsearch:9200/final_projects/_doc [status:201 request:0.002s]
[2024-09-24T13:01:25.617+0000] {logging_mixin.py:115} INFO - {'_index': 'final_projects', '_type': '_doc', '_id': 'flAfJJIB9Ge4CN5SUkHv', '_version': 1, 'result': 'created', '_shards': {'total': 2, 'successful': 1, 'failed': 0}, '_seq_no': 273, '_primary_term': 1}
[2024-09-24T13:01:25.619+0000] {base.py:271} INFO - POST http://elasticsearch:9200/final_projects/_doc [status:201 request:0.002s]
[2024-09-24T13:01:25.619+0000] {logging_mixin.py:115} INFO - {'_index': 'final_projects', '_type': '_doc', '_id': 'f1AfJJIB9Ge4CN5SUkHx', '_version': 1, 'result': 'created', '_shards': {'total': 2, 'successful': 1, 'failed': 0}, '_seq_no': 274, '_primary_term': 1}
[2024-09-24T13:01:25.622+0000] {base.py:271} INFO - POST http://elasticsearch:9200/final_projects/_doc [status:201 request:0.002s]
[2024-09-24T13:01:25.622+0000] {logging_mixin.py:115} INFO - {'_index': 'final_projects', '_type': '_doc', '_id': 'gFAfJJIB9Ge4CN5SUkH0', '_version': 1, 'result': 'created', '_shards': {'total': 2, 'successful': 1, 'failed': 0}, '_seq_no': 275, '_primary_term': 1}
[2024-09-24T13:01:25.624+0000] {base.py:271} INFO - POST http://elasticsearch:9200/final_projects/_doc [status:201 request:0.002s]
[2024-09-24T13:01:25.624+0000] {logging_mixin.py:115} INFO - {'_index': 'final_projects', '_type': '_doc', '_id': 'gVAfJJIB9Ge4CN5SUkH3', '_version': 1, 'result': 'created', '_shards': {'total': 2, 'successful': 1, 'failed': 0}, '_seq_no': 276, '_primary_term': 1}
[2024-09-24T13:01:25.626+0000] {base.py:271} INFO - POST http://elasticsearch:9200/final_projects/_doc [status:201 request:0.002s]
[2024-09-24T13:01:25.626+0000] {logging_mixin.py:115} INFO - {'_index': 'final_projects', '_type': '_doc', '_id': 'glAfJJIB9Ge4CN5SUkH5', '_version': 1, 'result': 'created', '_shards': {'total': 2, 'successful': 1, 'failed': 0}, '_seq_no': 277, '_primary_term': 1}
[2024-09-24T13:01:25.628+0000] {base.py:271} INFO - POST http://elasticsearch:9200/final_projects/_doc [status:201 request:0.002s]
[2024-09-24T13:01:25.628+0000] {logging_mixin.py:115} INFO - {'_index': 'final_projects', '_type': '_doc', '_id': 'g1AfJJIB9Ge4CN5SUkH7', '_version': 1, 'result': 'created', '_shards': {'total': 2, 'successful': 1, 'failed': 0}, '_seq_no': 278, '_primary_term': 1}
[2024-09-24T13:01:25.630+0000] {base.py:271} INFO - POST http://elasticsearch:9200/final_projects/_doc [status:201 request:0.001s]
[2024-09-24T13:01:25.630+0000] {logging_mixin.py:115} INFO - {'_index': 'final_projects', '_type': '_doc', '_id': 'hFAfJJIB9Ge4CN5SUkH9', '_version': 1, 'result': 'created', '_shards': {'total': 2, 'successful': 1, 'failed': 0}, '_seq_no': 279, '_primary_term': 1}
[2024-09-24T13:01:25.632+0000] {base.py:271} INFO - POST http://elasticsearch:9200/final_projects/_doc [status:201 request:0.002s]
[2024-09-24T13:01:25.632+0000] {logging_mixin.py:115} INFO - {'_index': 'final_projects', '_type': '_doc', '_id': 'hVAfJJIB9Ge4CN5SUkH_', '_version': 1, 'result': 'created', '_shards': {'total': 2, 'successful': 1, 'failed': 0}, '_seq_no': 280, '_primary_term': 1}
[2024-09-24T13:01:25.634+0000] {base.py:271} INFO - POST http://elasticsearch:9200/final_projects/_doc [status:201 request:0.001s]
[2024-09-24T13:01:25.634+0000] {logging_mixin.py:115} INFO - {'_index': 'final_projects', '_type': '_doc', '_id': 'hlAfJJIB9Ge4CN5SU0EB', '_version': 1, 'result': 'created', '_shards': {'total': 2, 'successful': 1, 'failed': 0}, '_seq_no': 281, '_primary_term': 1}
[2024-09-24T13:01:25.636+0000] {base.py:271} INFO - POST http://elasticsearch:9200/final_projects/_doc [status:201 request:0.002s]
[2024-09-24T13:01:25.636+0000] {logging_mixin.py:115} INFO - {'_index': 'final_projects', '_type': '_doc', '_id': 'h1AfJJIB9Ge4CN5SU0EC', '_version': 1, 'result': 'created', '_shards': {'total': 2, 'successful': 1, 'failed': 0}, '_seq_no': 282, '_primary_term': 1}
[2024-09-24T13:01:25.638+0000] {base.py:271} INFO - POST http://elasticsearch:9200/final_projects/_doc [status:201 request:0.002s]
[2024-09-24T13:01:25.638+0000] {logging_mixin.py:115} INFO - {'_index': 'final_projects', '_type': '_doc', '_id': 'iFAfJJIB9Ge4CN5SU0EE', '_version': 1, 'result': 'created', '_shards': {'total': 2, 'successful': 1, 'failed': 0}, '_seq_no': 283, '_primary_term': 1}
[2024-09-24T13:01:25.641+0000] {base.py:271} INFO - POST http://elasticsearch:9200/final_projects/_doc [status:201 request:0.003s]
[2024-09-24T13:01:25.641+0000] {logging_mixin.py:115} INFO - {'_index': 'final_projects', '_type': '_doc', '_id': 'iVAfJJIB9Ge4CN5SU0EG', '_version': 1, 'result': 'created', '_shards': {'total': 2, 'successful': 1, 'failed': 0}, '_seq_no': 284, '_primary_term': 1}
[2024-09-24T13:01:25.643+0000] {base.py:271} INFO - POST http://elasticsearch:9200/final_projects/_doc [status:201 request:0.001s]
[2024-09-24T13:01:25.643+0000] {logging_mixin.py:115} INFO - {'_index': 'final_projects', '_type': '_doc', '_id': 'ilAfJJIB9Ge4CN5SU0EJ', '_version': 1, 'result': 'created', '_shards': {'total': 2, 'successful': 1, 'failed': 0}, '_seq_no': 285, '_primary_term': 1}
[2024-09-24T13:01:25.644+0000] {base.py:271} INFO - POST http://elasticsearch:9200/final_projects/_doc [status:201 request:0.001s]
[2024-09-24T13:01:25.644+0000] {logging_mixin.py:115} INFO - {'_index': 'final_projects', '_type': '_doc', '_id': 'i1AfJJIB9Ge4CN5SU0EL', '_version': 1, 'result': 'created', '_shards': {'total': 2, 'successful': 1, 'failed': 0}, '_seq_no': 286, '_primary_term': 1}
[2024-09-24T13:01:25.646+0000] {base.py:271} INFO - POST http://elasticsearch:9200/final_projects/_doc [status:201 request:0.001s]
[2024-09-24T13:01:25.646+0000] {logging_mixin.py:115} INFO - {'_index': 'final_projects', '_type': '_doc', '_id': 'jFAfJJIB9Ge4CN5SU0EN', '_version': 1, 'result': 'created', '_shards': {'total': 2, 'successful': 1, 'failed': 0}, '_seq_no': 287, '_primary_term': 1}
[2024-09-24T13:01:25.648+0000] {base.py:271} INFO - POST http://elasticsearch:9200/final_projects/_doc [status:201 request:0.001s]
[2024-09-24T13:01:25.648+0000] {logging_mixin.py:115} INFO - {'_index': 'final_projects', '_type': '_doc', '_id': 'jVAfJJIB9Ge4CN5SU0EP', '_version': 1, 'result': 'created', '_shards': {'total': 2, 'successful': 1, 'failed': 0}, '_seq_no': 288, '_primary_term': 1}
[2024-09-24T13:01:25.649+0000] {base.py:271} INFO - POST http://elasticsearch:9200/final_projects/_doc [status:201 request:0.001s]
[2024-09-24T13:01:25.649+0000] {logging_mixin.py:115} INFO - {'_index': 'final_projects', '_type': '_doc', '_id': 'jlAfJJIB9Ge4CN5SU0EQ', '_version': 1, 'result': 'created', '_shards': {'total': 2, 'successful': 1, 'failed': 0}, '_seq_no': 289, '_primary_term': 1}
[2024-09-24T13:01:25.651+0000] {base.py:271} INFO - POST http://elasticsearch:9200/final_projects/_doc [status:201 request:0.001s]
[2024-09-24T13:01:25.651+0000] {logging_mixin.py:115} INFO - {'_index': 'final_projects', '_type': '_doc', '_id': 'j1AfJJIB9Ge4CN5SU0ES', '_version': 1, 'result': 'created', '_shards': {'total': 2, 'successful': 1, 'failed': 0}, '_seq_no': 290, '_primary_term': 1}
[2024-09-24T13:01:25.652+0000] {base.py:271} INFO - POST http://elasticsearch:9200/final_projects/_doc [status:201 request:0.001s]
[2024-09-24T13:01:25.653+0000] {logging_mixin.py:115} INFO - {'_index': 'final_projects', '_type': '_doc', '_id': 'kFAfJJIB9Ge4CN5SU0ET', '_version': 1, 'result': 'created', '_shards': {'total': 2, 'successful': 1, 'failed': 0}, '_seq_no': 291, '_primary_term': 1}
[2024-09-24T13:01:25.654+0000] {base.py:271} INFO - POST http://elasticsearch:9200/final_projects/_doc [status:201 request:0.002s]
[2024-09-24T13:01:25.654+0000] {logging_mixin.py:115} INFO - {'_index': 'final_projects', '_type': '_doc', '_id': 'kVAfJJIB9Ge4CN5SU0EV', '_version': 1, 'result': 'created', '_shards': {'total': 2, 'successful': 1, 'failed': 0}, '_seq_no': 292, '_primary_term': 1}
[2024-09-24T13:01:25.656+0000] {base.py:271} INFO - POST http://elasticsearch:9200/final_projects/_doc [status:201 request:0.002s]
[2024-09-24T13:01:25.657+0000] {logging_mixin.py:115} INFO - {'_index': 'final_projects', '_type': '_doc', '_id': 'klAfJJIB9Ge4CN5SU0EX', '_version': 1, 'result': 'created', '_shards': {'total': 2, 'successful': 1, 'failed': 0}, '_seq_no': 293, '_primary_term': 1}
[2024-09-24T13:01:25.658+0000] {base.py:271} INFO - POST http://elasticsearch:9200/final_projects/_doc [status:201 request:0.001s]
[2024-09-24T13:01:25.658+0000] {logging_mixin.py:115} INFO - {'_index': 'final_projects', '_type': '_doc', '_id': 'k1AfJJIB9Ge4CN5SU0EZ', '_version': 1, 'result': 'created', '_shards': {'total': 2, 'successful': 1, 'failed': 0}, '_seq_no': 294, '_primary_term': 1}
[2024-09-24T13:01:25.660+0000] {base.py:271} INFO - POST http://elasticsearch:9200/final_projects/_doc [status:201 request:0.001s]
[2024-09-24T13:01:25.660+0000] {logging_mixin.py:115} INFO - {'_index': 'final_projects', '_type': '_doc', '_id': 'lFAfJJIB9Ge4CN5SU0Eb', '_version': 1, 'result': 'created', '_shards': {'total': 2, 'successful': 1, 'failed': 0}, '_seq_no': 295, '_primary_term': 1}
[2024-09-24T13:01:25.662+0000] {base.py:271} INFO - POST http://elasticsearch:9200/final_projects/_doc [status:201 request:0.001s]
[2024-09-24T13:01:25.662+0000] {logging_mixin.py:115} INFO - {'_index': 'final_projects', '_type': '_doc', '_id': 'lVAfJJIB9Ge4CN5SU0Ed', '_version': 1, 'result': 'created', '_shards': {'total': 2, 'successful': 1, 'failed': 0}, '_seq_no': 296, '_primary_term': 1}
[2024-09-24T13:01:25.663+0000] {base.py:271} INFO - POST http://elasticsearch:9200/final_projects/_doc [status:201 request:0.001s]
[2024-09-24T13:01:25.664+0000] {logging_mixin.py:115} INFO - {'_index': 'final_projects', '_type': '_doc', '_id': 'llAfJJIB9Ge4CN5SU0Ee', '_version': 1, 'result': 'created', '_shards': {'total': 2, 'successful': 1, 'failed': 0}, '_seq_no': 297, '_primary_term': 1}
[2024-09-24T13:01:25.665+0000] {base.py:271} INFO - POST http://elasticsearch:9200/final_projects/_doc [status:201 request:0.002s]
[2024-09-24T13:01:25.665+0000] {logging_mixin.py:115} INFO - {'_index': 'final_projects', '_type': '_doc', '_id': 'l1AfJJIB9Ge4CN5SU0Eg', '_version': 1, 'result': 'created', '_shards': {'total': 2, 'successful': 1, 'failed': 0}, '_seq_no': 298, '_primary_term': 1}
[2024-09-24T13:01:25.667+0000] {base.py:271} INFO - POST http://elasticsearch:9200/final_projects/_doc [status:201 request:0.002s]
[2024-09-24T13:01:25.667+0000] {logging_mixin.py:115} INFO - {'_index': 'final_projects', '_type': '_doc', '_id': 'mFAfJJIB9Ge4CN5SU0Ei', '_version': 1, 'result': 'created', '_shards': {'total': 2, 'successful': 1, 'failed': 0}, '_seq_no': 299, '_primary_term': 1}
[2024-09-24T13:01:25.669+0000] {base.py:271} INFO - POST http://elasticsearch:9200/final_projects/_doc [status:201 request:0.001s]
[2024-09-24T13:01:25.669+0000] {logging_mixin.py:115} INFO - {'_index': 'final_projects', '_type': '_doc', '_id': 'mVAfJJIB9Ge4CN5SU0Ek', '_version': 1, 'result': 'created', '_shards': {'total': 2, 'successful': 1, 'failed': 0}, '_seq_no': 300, '_primary_term': 1}
[2024-09-24T13:01:25.673+0000] {base.py:271} INFO - POST http://elasticsearch:9200/final_projects/_doc [status:201 request:0.003s]
[2024-09-24T13:01:25.673+0000] {logging_mixin.py:115} INFO - {'_index': 'final_projects', '_type': '_doc', '_id': 'mlAfJJIB9Ge4CN5SU0Em', '_version': 1, 'result': 'created', '_shards': {'total': 2, 'successful': 1, 'failed': 0}, '_seq_no': 301, '_primary_term': 1}
[2024-09-24T13:01:25.676+0000] {base.py:271} INFO - POST http://elasticsearch:9200/final_projects/_doc [status:201 request:0.003s]
[2024-09-24T13:01:25.677+0000] {logging_mixin.py:115} INFO - {'_index': 'final_projects', '_type': '_doc', '_id': 'm1AfJJIB9Ge4CN5SU0Eq', '_version': 1, 'result': 'created', '_shards': {'total': 2, 'successful': 1, 'failed': 0}, '_seq_no': 302, '_primary_term': 1}
[2024-09-24T13:01:25.679+0000] {base.py:271} INFO - POST http://elasticsearch:9200/final_projects/_doc [status:201 request:0.002s]
[2024-09-24T13:01:25.679+0000] {logging_mixin.py:115} INFO - {'_index': 'final_projects', '_type': '_doc', '_id': 'nFAfJJIB9Ge4CN5SU0Et', '_version': 1, 'result': 'created', '_shards': {'total': 2, 'successful': 1, 'failed': 0}, '_seq_no': 303, '_primary_term': 1}
[2024-09-24T13:01:25.682+0000] {base.py:271} INFO - POST http://elasticsearch:9200/final_projects/_doc [status:201 request:0.002s]
[2024-09-24T13:01:25.682+0000] {logging_mixin.py:115} INFO - {'_index': 'final_projects', '_type': '_doc', '_id': 'nVAfJJIB9Ge4CN5SU0Ew', '_version': 1, 'result': 'created', '_shards': {'total': 2, 'successful': 1, 'failed': 0}, '_seq_no': 304, '_primary_term': 1}
[2024-09-24T13:01:25.684+0000] {base.py:271} INFO - POST http://elasticsearch:9200/final_projects/_doc [status:201 request:0.002s]
[2024-09-24T13:01:25.685+0000] {logging_mixin.py:115} INFO - {'_index': 'final_projects', '_type': '_doc', '_id': 'nlAfJJIB9Ge4CN5SU0Ez', '_version': 1, 'result': 'created', '_shards': {'total': 2, 'successful': 1, 'failed': 0}, '_seq_no': 305, '_primary_term': 1}
[2024-09-24T13:01:25.687+0000] {base.py:271} INFO - POST http://elasticsearch:9200/final_projects/_doc [status:201 request:0.002s]
[2024-09-24T13:01:25.687+0000] {logging_mixin.py:115} INFO - {'_index': 'final_projects', '_type': '_doc', '_id': 'n1AfJJIB9Ge4CN5SU0E1', '_version': 1, 'result': 'created', '_shards': {'total': 2, 'successful': 1, 'failed': 0}, '_seq_no': 306, '_primary_term': 1}
[2024-09-24T13:01:25.689+0000] {base.py:271} INFO - POST http://elasticsearch:9200/final_projects/_doc [status:201 request:0.002s]
[2024-09-24T13:01:25.689+0000] {logging_mixin.py:115} INFO - {'_index': 'final_projects', '_type': '_doc', '_id': 'oFAfJJIB9Ge4CN5SU0E4', '_version': 1, 'result': 'created', '_shards': {'total': 2, 'successful': 1, 'failed': 0}, '_seq_no': 307, '_primary_term': 1}
[2024-09-24T13:01:25.692+0000] {base.py:271} INFO - POST http://elasticsearch:9200/final_projects/_doc [status:201 request:0.002s]
[2024-09-24T13:01:25.692+0000] {logging_mixin.py:115} INFO - {'_index': 'final_projects', '_type': '_doc', '_id': 'oVAfJJIB9Ge4CN5SU0E6', '_version': 1, 'result': 'created', '_shards': {'total': 2, 'successful': 1, 'failed': 0}, '_seq_no': 308, '_primary_term': 1}
[2024-09-24T13:01:25.694+0000] {base.py:271} INFO - POST http://elasticsearch:9200/final_projects/_doc [status:201 request:0.002s]
[2024-09-24T13:01:25.695+0000] {logging_mixin.py:115} INFO - {'_index': 'final_projects', '_type': '_doc', '_id': 'olAfJJIB9Ge4CN5SU0E9', '_version': 1, 'result': 'created', '_shards': {'total': 2, 'successful': 1, 'failed': 0}, '_seq_no': 309, '_primary_term': 1}
[2024-09-24T13:01:25.697+0000] {base.py:271} INFO - POST http://elasticsearch:9200/final_projects/_doc [status:201 request:0.002s]
[2024-09-24T13:01:25.697+0000] {logging_mixin.py:115} INFO - {'_index': 'final_projects', '_type': '_doc', '_id': 'o1AfJJIB9Ge4CN5SU0E_', '_version': 1, 'result': 'created', '_shards': {'total': 2, 'successful': 1, 'failed': 0}, '_seq_no': 310, '_primary_term': 1}
[2024-09-24T13:01:25.699+0000] {base.py:271} INFO - POST http://elasticsearch:9200/final_projects/_doc [status:201 request:0.002s]
[2024-09-24T13:01:25.699+0000] {logging_mixin.py:115} INFO - {'_index': 'final_projects', '_type': '_doc', '_id': 'pFAfJJIB9Ge4CN5SU0FB', '_version': 1, 'result': 'created', '_shards': {'total': 2, 'successful': 1, 'failed': 0}, '_seq_no': 311, '_primary_term': 1}
[2024-09-24T13:01:25.701+0000] {base.py:271} INFO - POST http://elasticsearch:9200/final_projects/_doc [status:201 request:0.002s]
[2024-09-24T13:01:25.701+0000] {logging_mixin.py:115} INFO - {'_index': 'final_projects', '_type': '_doc', '_id': 'pVAfJJIB9Ge4CN5SU0FD', '_version': 1, 'result': 'created', '_shards': {'total': 2, 'successful': 1, 'failed': 0}, '_seq_no': 312, '_primary_term': 1}
[2024-09-24T13:01:25.703+0000] {base.py:271} INFO - POST http://elasticsearch:9200/final_projects/_doc [status:201 request:0.002s]
[2024-09-24T13:01:25.703+0000] {logging_mixin.py:115} INFO - {'_index': 'final_projects', '_type': '_doc', '_id': 'plAfJJIB9Ge4CN5SU0FF', '_version': 1, 'result': 'created', '_shards': {'total': 2, 'successful': 1, 'failed': 0}, '_seq_no': 313, '_primary_term': 1}
[2024-09-24T13:01:25.704+0000] {base.py:271} INFO - POST http://elasticsearch:9200/final_projects/_doc [status:201 request:0.001s]
[2024-09-24T13:01:25.705+0000] {logging_mixin.py:115} INFO - {'_index': 'final_projects', '_type': '_doc', '_id': 'p1AfJJIB9Ge4CN5SU0FH', '_version': 1, 'result': 'created', '_shards': {'total': 2, 'successful': 1, 'failed': 0}, '_seq_no': 314, '_primary_term': 1}
[2024-09-24T13:01:25.707+0000] {base.py:271} INFO - POST http://elasticsearch:9200/final_projects/_doc [status:201 request:0.002s]
[2024-09-24T13:01:25.707+0000] {logging_mixin.py:115} INFO - {'_index': 'final_projects', '_type': '_doc', '_id': 'qFAfJJIB9Ge4CN5SU0FJ', '_version': 1, 'result': 'created', '_shards': {'total': 2, 'successful': 1, 'failed': 0}, '_seq_no': 315, '_primary_term': 1}
[2024-09-24T13:01:25.710+0000] {base.py:271} INFO - POST http://elasticsearch:9200/final_projects/_doc [status:201 request:0.003s]
[2024-09-24T13:01:25.710+0000] {logging_mixin.py:115} INFO - {'_index': 'final_projects', '_type': '_doc', '_id': 'qVAfJJIB9Ge4CN5SU0FM', '_version': 1, 'result': 'created', '_shards': {'total': 2, 'successful': 1, 'failed': 0}, '_seq_no': 316, '_primary_term': 1}
[2024-09-24T13:01:25.712+0000] {base.py:271} INFO - POST http://elasticsearch:9200/final_projects/_doc [status:201 request:0.002s]
[2024-09-24T13:01:25.712+0000] {logging_mixin.py:115} INFO - {'_index': 'final_projects', '_type': '_doc', '_id': 'qlAfJJIB9Ge4CN5SU0FP', '_version': 1, 'result': 'created', '_shards': {'total': 2, 'successful': 1, 'failed': 0}, '_seq_no': 317, '_primary_term': 1}
[2024-09-24T13:01:25.714+0000] {base.py:271} INFO - POST http://elasticsearch:9200/final_projects/_doc [status:201 request:0.002s]
[2024-09-24T13:01:25.715+0000] {logging_mixin.py:115} INFO - {'_index': 'final_projects', '_type': '_doc', '_id': 'q1AfJJIB9Ge4CN5SU0FR', '_version': 1, 'result': 'created', '_shards': {'total': 2, 'successful': 1, 'failed': 0}, '_seq_no': 318, '_primary_term': 1}
[2024-09-24T13:01:25.716+0000] {base.py:271} INFO - POST http://elasticsearch:9200/final_projects/_doc [status:201 request:0.001s]
[2024-09-24T13:01:25.716+0000] {logging_mixin.py:115} INFO - {'_index': 'final_projects', '_type': '_doc', '_id': 'rFAfJJIB9Ge4CN5SU0FT', '_version': 1, 'result': 'created', '_shards': {'total': 2, 'successful': 1, 'failed': 0}, '_seq_no': 319, '_primary_term': 1}
[2024-09-24T13:01:25.718+0000] {base.py:271} INFO - POST http://elasticsearch:9200/final_projects/_doc [status:201 request:0.001s]
[2024-09-24T13:01:25.718+0000] {logging_mixin.py:115} INFO - {'_index': 'final_projects', '_type': '_doc', '_id': 'rVAfJJIB9Ge4CN5SU0FV', '_version': 1, 'result': 'created', '_shards': {'total': 2, 'successful': 1, 'failed': 0}, '_seq_no': 320, '_primary_term': 1}
[2024-09-24T13:01:25.720+0000] {base.py:271} INFO - POST http://elasticsearch:9200/final_projects/_doc [status:201 request:0.001s]
[2024-09-24T13:01:25.720+0000] {logging_mixin.py:115} INFO - {'_index': 'final_projects', '_type': '_doc', '_id': 'rlAfJJIB9Ge4CN5SU0FX', '_version': 1, 'result': 'created', '_shards': {'total': 2, 'successful': 1, 'failed': 0}, '_seq_no': 321, '_primary_term': 1}
[2024-09-24T13:01:25.722+0000] {base.py:271} INFO - POST http://elasticsearch:9200/final_projects/_doc [status:201 request:0.001s]
[2024-09-24T13:01:25.722+0000] {logging_mixin.py:115} INFO - {'_index': 'final_projects', '_type': '_doc', '_id': 'r1AfJJIB9Ge4CN5SU0FY', '_version': 1, 'result': 'created', '_shards': {'total': 2, 'successful': 1, 'failed': 0}, '_seq_no': 322, '_primary_term': 1}
[2024-09-24T13:01:25.724+0000] {base.py:271} INFO - POST http://elasticsearch:9200/final_projects/_doc [status:201 request:0.002s]
[2024-09-24T13:01:25.724+0000] {logging_mixin.py:115} INFO - {'_index': 'final_projects', '_type': '_doc', '_id': 'sFAfJJIB9Ge4CN5SU0Fa', '_version': 1, 'result': 'created', '_shards': {'total': 2, 'successful': 1, 'failed': 0}, '_seq_no': 323, '_primary_term': 1}
[2024-09-24T13:01:25.725+0000] {base.py:271} INFO - POST http://elasticsearch:9200/final_projects/_doc [status:201 request:0.001s]
[2024-09-24T13:01:25.726+0000] {logging_mixin.py:115} INFO - {'_index': 'final_projects', '_type': '_doc', '_id': 'sVAfJJIB9Ge4CN5SU0Fc', '_version': 1, 'result': 'created', '_shards': {'total': 2, 'successful': 1, 'failed': 0}, '_seq_no': 324, '_primary_term': 1}
[2024-09-24T13:01:25.727+0000] {base.py:271} INFO - POST http://elasticsearch:9200/final_projects/_doc [status:201 request:0.001s]
[2024-09-24T13:01:25.727+0000] {logging_mixin.py:115} INFO - {'_index': 'final_projects', '_type': '_doc', '_id': 'slAfJJIB9Ge4CN5SU0Fe', '_version': 1, 'result': 'created', '_shards': {'total': 2, 'successful': 1, 'failed': 0}, '_seq_no': 325, '_primary_term': 1}
[2024-09-24T13:01:25.729+0000] {base.py:271} INFO - POST http://elasticsearch:9200/final_projects/_doc [status:201 request:0.001s]
[2024-09-24T13:01:25.729+0000] {logging_mixin.py:115} INFO - {'_index': 'final_projects', '_type': '_doc', '_id': 's1AfJJIB9Ge4CN5SU0Fg', '_version': 1, 'result': 'created', '_shards': {'total': 2, 'successful': 1, 'failed': 0}, '_seq_no': 326, '_primary_term': 1}
[2024-09-24T13:01:25.731+0000] {base.py:271} INFO - POST http://elasticsearch:9200/final_projects/_doc [status:201 request:0.001s]
[2024-09-24T13:01:25.731+0000] {logging_mixin.py:115} INFO - {'_index': 'final_projects', '_type': '_doc', '_id': 'tFAfJJIB9Ge4CN5SU0Fi', '_version': 1, 'result': 'created', '_shards': {'total': 2, 'successful': 1, 'failed': 0}, '_seq_no': 327, '_primary_term': 1}
[2024-09-24T13:01:25.733+0000] {base.py:271} INFO - POST http://elasticsearch:9200/final_projects/_doc [status:201 request:0.002s]
[2024-09-24T13:01:25.733+0000] {logging_mixin.py:115} INFO - {'_index': 'final_projects', '_type': '_doc', '_id': 'tVAfJJIB9Ge4CN5SU0Fk', '_version': 1, 'result': 'created', '_shards': {'total': 2, 'successful': 1, 'failed': 0}, '_seq_no': 328, '_primary_term': 1}
[2024-09-24T13:01:25.735+0000] {base.py:271} INFO - POST http://elasticsearch:9200/final_projects/_doc [status:201 request:0.002s]
[2024-09-24T13:01:25.736+0000] {logging_mixin.py:115} INFO - {'_index': 'final_projects', '_type': '_doc', '_id': 'tlAfJJIB9Ge4CN5SU0Fm', '_version': 1, 'result': 'created', '_shards': {'total': 2, 'successful': 1, 'failed': 0}, '_seq_no': 329, '_primary_term': 1}
[2024-09-24T13:01:25.738+0000] {base.py:271} INFO - POST http://elasticsearch:9200/final_projects/_doc [status:201 request:0.002s]
[2024-09-24T13:01:25.738+0000] {logging_mixin.py:115} INFO - {'_index': 'final_projects', '_type': '_doc', '_id': 't1AfJJIB9Ge4CN5SU0Fo', '_version': 1, 'result': 'created', '_shards': {'total': 2, 'successful': 1, 'failed': 0}, '_seq_no': 330, '_primary_term': 1}
[2024-09-24T13:01:25.740+0000] {base.py:271} INFO - POST http://elasticsearch:9200/final_projects/_doc [status:201 request:0.002s]
[2024-09-24T13:01:25.741+0000] {logging_mixin.py:115} INFO - {'_index': 'final_projects', '_type': '_doc', '_id': 'uFAfJJIB9Ge4CN5SU0Fr', '_version': 1, 'result': 'created', '_shards': {'total': 2, 'successful': 1, 'failed': 0}, '_seq_no': 331, '_primary_term': 1}
[2024-09-24T13:01:25.743+0000] {base.py:271} INFO - POST http://elasticsearch:9200/final_projects/_doc [status:201 request:0.002s]
[2024-09-24T13:01:25.744+0000] {logging_mixin.py:115} INFO - {'_index': 'final_projects', '_type': '_doc', '_id': 'uVAfJJIB9Ge4CN5SU0Ft', '_version': 1, 'result': 'created', '_shards': {'total': 2, 'successful': 1, 'failed': 0}, '_seq_no': 332, '_primary_term': 1}
[2024-09-24T13:01:25.747+0000] {base.py:271} INFO - POST http://elasticsearch:9200/final_projects/_doc [status:201 request:0.002s]
[2024-09-24T13:01:25.747+0000] {logging_mixin.py:115} INFO - {'_index': 'final_projects', '_type': '_doc', '_id': 'ulAfJJIB9Ge4CN5SU0Fx', '_version': 1, 'result': 'created', '_shards': {'total': 2, 'successful': 1, 'failed': 0}, '_seq_no': 333, '_primary_term': 1}
[2024-09-24T13:01:25.749+0000] {base.py:271} INFO - POST http://elasticsearch:9200/final_projects/_doc [status:201 request:0.002s]
[2024-09-24T13:01:25.749+0000] {logging_mixin.py:115} INFO - {'_index': 'final_projects', '_type': '_doc', '_id': 'u1AfJJIB9Ge4CN5SU0Fz', '_version': 1, 'result': 'created', '_shards': {'total': 2, 'successful': 1, 'failed': 0}, '_seq_no': 334, '_primary_term': 1}
[2024-09-24T13:01:25.751+0000] {base.py:271} INFO - POST http://elasticsearch:9200/final_projects/_doc [status:201 request:0.002s]
[2024-09-24T13:01:25.752+0000] {logging_mixin.py:115} INFO - {'_index': 'final_projects', '_type': '_doc', '_id': 'vFAfJJIB9Ge4CN5SU0F2', '_version': 1, 'result': 'created', '_shards': {'total': 2, 'successful': 1, 'failed': 0}, '_seq_no': 335, '_primary_term': 1}
[2024-09-24T13:01:25.753+0000] {base.py:271} INFO - POST http://elasticsearch:9200/final_projects/_doc [status:201 request:0.002s]
[2024-09-24T13:01:25.754+0000] {logging_mixin.py:115} INFO - {'_index': 'final_projects', '_type': '_doc', '_id': 'vVAfJJIB9Ge4CN5SU0F4', '_version': 1, 'result': 'created', '_shards': {'total': 2, 'successful': 1, 'failed': 0}, '_seq_no': 336, '_primary_term': 1}
[2024-09-24T13:01:25.755+0000] {base.py:271} INFO - POST http://elasticsearch:9200/final_projects/_doc [status:201 request:0.002s]
[2024-09-24T13:01:25.755+0000] {logging_mixin.py:115} INFO - {'_index': 'final_projects', '_type': '_doc', '_id': 'vlAfJJIB9Ge4CN5SU0F6', '_version': 1, 'result': 'created', '_shards': {'total': 2, 'successful': 1, 'failed': 0}, '_seq_no': 337, '_primary_term': 1}
[2024-09-24T13:01:25.757+0000] {base.py:271} INFO - POST http://elasticsearch:9200/final_projects/_doc [status:201 request:0.002s]
[2024-09-24T13:01:25.757+0000] {logging_mixin.py:115} INFO - {'_index': 'final_projects', '_type': '_doc', '_id': 'v1AfJJIB9Ge4CN5SU0F8', '_version': 1, 'result': 'created', '_shards': {'total': 2, 'successful': 1, 'failed': 0}, '_seq_no': 338, '_primary_term': 1}
[2024-09-24T13:01:25.759+0000] {base.py:271} INFO - POST http://elasticsearch:9200/final_projects/_doc [status:201 request:0.002s]
[2024-09-24T13:01:25.759+0000] {logging_mixin.py:115} INFO - {'_index': 'final_projects', '_type': '_doc', '_id': 'wFAfJJIB9Ge4CN5SU0F-', '_version': 1, 'result': 'created', '_shards': {'total': 2, 'successful': 1, 'failed': 0}, '_seq_no': 339, '_primary_term': 1}
[2024-09-24T13:01:25.761+0000] {base.py:271} INFO - POST http://elasticsearch:9200/final_projects/_doc [status:201 request:0.002s]
[2024-09-24T13:01:25.761+0000] {logging_mixin.py:115} INFO - {'_index': 'final_projects', '_type': '_doc', '_id': 'wVAfJJIB9Ge4CN5SU0GA', '_version': 1, 'result': 'created', '_shards': {'total': 2, 'successful': 1, 'failed': 0}, '_seq_no': 340, '_primary_term': 1}
[2024-09-24T13:01:25.763+0000] {base.py:271} INFO - POST http://elasticsearch:9200/final_projects/_doc [status:201 request:0.001s]
[2024-09-24T13:01:25.763+0000] {logging_mixin.py:115} INFO - {'_index': 'final_projects', '_type': '_doc', '_id': 'wlAfJJIB9Ge4CN5SU0GC', '_version': 1, 'result': 'created', '_shards': {'total': 2, 'successful': 1, 'failed': 0}, '_seq_no': 341, '_primary_term': 1}
[2024-09-24T13:01:25.765+0000] {base.py:271} INFO - POST http://elasticsearch:9200/final_projects/_doc [status:201 request:0.001s]
[2024-09-24T13:01:25.765+0000] {logging_mixin.py:115} INFO - {'_index': 'final_projects', '_type': '_doc', '_id': 'w1AfJJIB9Ge4CN5SU0GE', '_version': 1, 'result': 'created', '_shards': {'total': 2, 'successful': 1, 'failed': 0}, '_seq_no': 342, '_primary_term': 1}
[2024-09-24T13:01:25.766+0000] {base.py:271} INFO - POST http://elasticsearch:9200/final_projects/_doc [status:201 request:0.001s]
[2024-09-24T13:01:25.767+0000] {logging_mixin.py:115} INFO - {'_index': 'final_projects', '_type': '_doc', '_id': 'xFAfJJIB9Ge4CN5SU0GF', '_version': 1, 'result': 'created', '_shards': {'total': 2, 'successful': 1, 'failed': 0}, '_seq_no': 343, '_primary_term': 1}
[2024-09-24T13:01:25.768+0000] {base.py:271} INFO - POST http://elasticsearch:9200/final_projects/_doc [status:201 request:0.001s]
[2024-09-24T13:01:25.768+0000] {logging_mixin.py:115} INFO - {'_index': 'final_projects', '_type': '_doc', '_id': 'xVAfJJIB9Ge4CN5SU0GH', '_version': 1, 'result': 'created', '_shards': {'total': 2, 'successful': 1, 'failed': 0}, '_seq_no': 344, '_primary_term': 1}
[2024-09-24T13:01:25.770+0000] {base.py:271} INFO - POST http://elasticsearch:9200/final_projects/_doc [status:201 request:0.001s]
[2024-09-24T13:01:25.770+0000] {logging_mixin.py:115} INFO - {'_index': 'final_projects', '_type': '_doc', '_id': 'xlAfJJIB9Ge4CN5SU0GJ', '_version': 1, 'result': 'created', '_shards': {'total': 2, 'successful': 1, 'failed': 0}, '_seq_no': 345, '_primary_term': 1}
[2024-09-24T13:01:25.772+0000] {base.py:271} INFO - POST http://elasticsearch:9200/final_projects/_doc [status:201 request:0.001s]
[2024-09-24T13:01:25.772+0000] {logging_mixin.py:115} INFO - {'_index': 'final_projects', '_type': '_doc', '_id': 'x1AfJJIB9Ge4CN5SU0GK', '_version': 1, 'result': 'created', '_shards': {'total': 2, 'successful': 1, 'failed': 0}, '_seq_no': 346, '_primary_term': 1}
[2024-09-24T13:01:25.773+0000] {base.py:271} INFO - POST http://elasticsearch:9200/final_projects/_doc [status:201 request:0.001s]
[2024-09-24T13:01:25.773+0000] {logging_mixin.py:115} INFO - {'_index': 'final_projects', '_type': '_doc', '_id': 'yFAfJJIB9Ge4CN5SU0GM', '_version': 1, 'result': 'created', '_shards': {'total': 2, 'successful': 1, 'failed': 0}, '_seq_no': 347, '_primary_term': 1}
[2024-09-24T13:01:25.775+0000] {base.py:271} INFO - POST http://elasticsearch:9200/final_projects/_doc [status:201 request:0.002s]
[2024-09-24T13:01:25.775+0000] {logging_mixin.py:115} INFO - {'_index': 'final_projects', '_type': '_doc', '_id': 'yVAfJJIB9Ge4CN5SU0GO', '_version': 1, 'result': 'created', '_shards': {'total': 2, 'successful': 1, 'failed': 0}, '_seq_no': 348, '_primary_term': 1}
[2024-09-24T13:01:25.777+0000] {base.py:271} INFO - POST http://elasticsearch:9200/final_projects/_doc [status:201 request:0.001s]
[2024-09-24T13:01:25.777+0000] {logging_mixin.py:115} INFO - {'_index': 'final_projects', '_type': '_doc', '_id': 'ylAfJJIB9Ge4CN5SU0GQ', '_version': 1, 'result': 'created', '_shards': {'total': 2, 'successful': 1, 'failed': 0}, '_seq_no': 349, '_primary_term': 1}
[2024-09-24T13:01:25.779+0000] {base.py:271} INFO - POST http://elasticsearch:9200/final_projects/_doc [status:201 request:0.001s]
[2024-09-24T13:01:25.779+0000] {logging_mixin.py:115} INFO - {'_index': 'final_projects', '_type': '_doc', '_id': 'y1AfJJIB9Ge4CN5SU0GS', '_version': 1, 'result': 'created', '_shards': {'total': 2, 'successful': 1, 'failed': 0}, '_seq_no': 350, '_primary_term': 1}
[2024-09-24T13:01:25.780+0000] {base.py:271} INFO - POST http://elasticsearch:9200/final_projects/_doc [status:201 request:0.001s]
[2024-09-24T13:01:25.780+0000] {logging_mixin.py:115} INFO - {'_index': 'final_projects', '_type': '_doc', '_id': 'zFAfJJIB9Ge4CN5SU0GT', '_version': 1, 'result': 'created', '_shards': {'total': 2, 'successful': 1, 'failed': 0}, '_seq_no': 351, '_primary_term': 1}
[2024-09-24T13:01:25.782+0000] {base.py:271} INFO - POST http://elasticsearch:9200/final_projects/_doc [status:201 request:0.001s]
[2024-09-24T13:01:25.782+0000] {logging_mixin.py:115} INFO - {'_index': 'final_projects', '_type': '_doc', '_id': 'zVAfJJIB9Ge4CN5SU0GV', '_version': 1, 'result': 'created', '_shards': {'total': 2, 'successful': 1, 'failed': 0}, '_seq_no': 352, '_primary_term': 1}
[2024-09-24T13:01:25.784+0000] {base.py:271} INFO - POST http://elasticsearch:9200/final_projects/_doc [status:201 request:0.002s]
[2024-09-24T13:01:25.784+0000] {logging_mixin.py:115} INFO - {'_index': 'final_projects', '_type': '_doc', '_id': 'zlAfJJIB9Ge4CN5SU0GW', '_version': 1, 'result': 'created', '_shards': {'total': 2, 'successful': 1, 'failed': 0}, '_seq_no': 353, '_primary_term': 1}
[2024-09-24T13:01:25.787+0000] {base.py:271} INFO - POST http://elasticsearch:9200/final_projects/_doc [status:201 request:0.002s]
[2024-09-24T13:01:25.787+0000] {logging_mixin.py:115} INFO - {'_index': 'final_projects', '_type': '_doc', '_id': 'z1AfJJIB9Ge4CN5SU0GZ', '_version': 1, 'result': 'created', '_shards': {'total': 2, 'successful': 1, 'failed': 0}, '_seq_no': 354, '_primary_term': 1}
[2024-09-24T13:01:25.790+0000] {base.py:271} INFO - POST http://elasticsearch:9200/final_projects/_doc [status:201 request:0.002s]
[2024-09-24T13:01:25.790+0000] {logging_mixin.py:115} INFO - {'_index': 'final_projects', '_type': '_doc', '_id': '0FAfJJIB9Ge4CN5SU0Gc', '_version': 1, 'result': 'created', '_shards': {'total': 2, 'successful': 1, 'failed': 0}, '_seq_no': 355, '_primary_term': 1}
[2024-09-24T13:01:25.794+0000] {base.py:271} INFO - POST http://elasticsearch:9200/final_projects/_doc [status:201 request:0.003s]
[2024-09-24T13:01:25.794+0000] {logging_mixin.py:115} INFO - {'_index': 'final_projects', '_type': '_doc', '_id': '0VAfJJIB9Ge4CN5SU0Gf', '_version': 1, 'result': 'created', '_shards': {'total': 2, 'successful': 1, 'failed': 0}, '_seq_no': 356, '_primary_term': 1}
[2024-09-24T13:01:25.796+0000] {base.py:271} INFO - POST http://elasticsearch:9200/final_projects/_doc [status:201 request:0.002s]
[2024-09-24T13:01:25.796+0000] {logging_mixin.py:115} INFO - {'_index': 'final_projects', '_type': '_doc', '_id': '0lAfJJIB9Ge4CN5SU0Gj', '_version': 1, 'result': 'created', '_shards': {'total': 2, 'successful': 1, 'failed': 0}, '_seq_no': 357, '_primary_term': 1}
[2024-09-24T13:01:25.799+0000] {base.py:271} INFO - POST http://elasticsearch:9200/final_projects/_doc [status:201 request:0.002s]
[2024-09-24T13:01:25.799+0000] {logging_mixin.py:115} INFO - {'_index': 'final_projects', '_type': '_doc', '_id': '01AfJJIB9Ge4CN5SU0Gl', '_version': 1, 'result': 'created', '_shards': {'total': 2, 'successful': 1, 'failed': 0}, '_seq_no': 358, '_primary_term': 1}
[2024-09-24T13:01:25.801+0000] {base.py:271} INFO - POST http://elasticsearch:9200/final_projects/_doc [status:201 request:0.002s]
[2024-09-24T13:01:25.802+0000] {logging_mixin.py:115} INFO - {'_index': 'final_projects', '_type': '_doc', '_id': '1FAfJJIB9Ge4CN5SU0Go', '_version': 1, 'result': 'created', '_shards': {'total': 2, 'successful': 1, 'failed': 0}, '_seq_no': 359, '_primary_term': 1}
[2024-09-24T13:01:25.804+0000] {base.py:271} INFO - POST http://elasticsearch:9200/final_projects/_doc [status:201 request:0.001s]
[2024-09-24T13:01:25.804+0000] {logging_mixin.py:115} INFO - {'_index': 'final_projects', '_type': '_doc', '_id': '1VAfJJIB9Ge4CN5SU0Gr', '_version': 1, 'result': 'created', '_shards': {'total': 2, 'successful': 1, 'failed': 0}, '_seq_no': 360, '_primary_term': 1}
[2024-09-24T13:01:25.805+0000] {base.py:271} INFO - POST http://elasticsearch:9200/final_projects/_doc [status:201 request:0.001s]
[2024-09-24T13:01:25.806+0000] {logging_mixin.py:115} INFO - {'_index': 'final_projects', '_type': '_doc', '_id': '1lAfJJIB9Ge4CN5SU0Gs', '_version': 1, 'result': 'created', '_shards': {'total': 2, 'successful': 1, 'failed': 0}, '_seq_no': 361, '_primary_term': 1}
[2024-09-24T13:01:25.807+0000] {base.py:271} INFO - POST http://elasticsearch:9200/final_projects/_doc [status:201 request:0.001s]
[2024-09-24T13:01:25.807+0000] {logging_mixin.py:115} INFO - {'_index': 'final_projects', '_type': '_doc', '_id': '11AfJJIB9Ge4CN5SU0Gu', '_version': 1, 'result': 'created', '_shards': {'total': 2, 'successful': 1, 'failed': 0}, '_seq_no': 362, '_primary_term': 1}
[2024-09-24T13:01:25.809+0000] {base.py:271} INFO - POST http://elasticsearch:9200/final_projects/_doc [status:201 request:0.001s]
[2024-09-24T13:01:25.809+0000] {logging_mixin.py:115} INFO - {'_index': 'final_projects', '_type': '_doc', '_id': '2FAfJJIB9Ge4CN5SU0Gv', '_version': 1, 'result': 'created', '_shards': {'total': 2, 'successful': 1, 'failed': 0}, '_seq_no': 363, '_primary_term': 1}
[2024-09-24T13:01:25.810+0000] {base.py:271} INFO - POST http://elasticsearch:9200/final_projects/_doc [status:201 request:0.001s]
[2024-09-24T13:01:25.810+0000] {logging_mixin.py:115} INFO - {'_index': 'final_projects', '_type': '_doc', '_id': '2VAfJJIB9Ge4CN5SU0Gx', '_version': 1, 'result': 'created', '_shards': {'total': 2, 'successful': 1, 'failed': 0}, '_seq_no': 364, '_primary_term': 1}
[2024-09-24T13:01:25.812+0000] {base.py:271} INFO - POST http://elasticsearch:9200/final_projects/_doc [status:201 request:0.001s]
[2024-09-24T13:01:25.812+0000] {logging_mixin.py:115} INFO - {'_index': 'final_projects', '_type': '_doc', '_id': '2lAfJJIB9Ge4CN5SU0Gz', '_version': 1, 'result': 'created', '_shards': {'total': 2, 'successful': 1, 'failed': 0}, '_seq_no': 365, '_primary_term': 1}
[2024-09-24T13:01:25.814+0000] {base.py:271} INFO - POST http://elasticsearch:9200/final_projects/_doc [status:201 request:0.001s]
[2024-09-24T13:01:25.814+0000] {logging_mixin.py:115} INFO - {'_index': 'final_projects', '_type': '_doc', '_id': '21AfJJIB9Ge4CN5SU0G0', '_version': 1, 'result': 'created', '_shards': {'total': 2, 'successful': 1, 'failed': 0}, '_seq_no': 366, '_primary_term': 1}
[2024-09-24T13:01:25.815+0000] {base.py:271} INFO - POST http://elasticsearch:9200/final_projects/_doc [status:201 request:0.001s]
[2024-09-24T13:01:25.815+0000] {logging_mixin.py:115} INFO - {'_index': 'final_projects', '_type': '_doc', '_id': '3FAfJJIB9Ge4CN5SU0G2', '_version': 1, 'result': 'created', '_shards': {'total': 2, 'successful': 1, 'failed': 0}, '_seq_no': 367, '_primary_term': 1}
[2024-09-24T13:01:25.817+0000] {base.py:271} INFO - POST http://elasticsearch:9200/final_projects/_doc [status:201 request:0.001s]
[2024-09-24T13:01:25.817+0000] {logging_mixin.py:115} INFO - {'_index': 'final_projects', '_type': '_doc', '_id': '3VAfJJIB9Ge4CN5SU0G4', '_version': 1, 'result': 'created', '_shards': {'total': 2, 'successful': 1, 'failed': 0}, '_seq_no': 368, '_primary_term': 1}
[2024-09-24T13:01:25.818+0000] {base.py:271} INFO - POST http://elasticsearch:9200/final_projects/_doc [status:201 request:0.001s]
[2024-09-24T13:01:25.819+0000] {logging_mixin.py:115} INFO - {'_index': 'final_projects', '_type': '_doc', '_id': '3lAfJJIB9Ge4CN5SU0G5', '_version': 1, 'result': 'created', '_shards': {'total': 2, 'successful': 1, 'failed': 0}, '_seq_no': 369, '_primary_term': 1}
[2024-09-24T13:01:25.820+0000] {base.py:271} INFO - POST http://elasticsearch:9200/final_projects/_doc [status:201 request:0.001s]
[2024-09-24T13:01:25.820+0000] {logging_mixin.py:115} INFO - {'_index': 'final_projects', '_type': '_doc', '_id': '31AfJJIB9Ge4CN5SU0G7', '_version': 1, 'result': 'created', '_shards': {'total': 2, 'successful': 1, 'failed': 0}, '_seq_no': 370, '_primary_term': 1}
[2024-09-24T13:01:25.822+0000] {base.py:271} INFO - POST http://elasticsearch:9200/final_projects/_doc [status:201 request:0.001s]
[2024-09-24T13:01:25.822+0000] {logging_mixin.py:115} INFO - {'_index': 'final_projects', '_type': '_doc', '_id': '4FAfJJIB9Ge4CN5SU0G9', '_version': 1, 'result': 'created', '_shards': {'total': 2, 'successful': 1, 'failed': 0}, '_seq_no': 371, '_primary_term': 1}
[2024-09-24T13:01:25.823+0000] {base.py:271} INFO - POST http://elasticsearch:9200/final_projects/_doc [status:201 request:0.001s]
[2024-09-24T13:01:25.823+0000] {logging_mixin.py:115} INFO - {'_index': 'final_projects', '_type': '_doc', '_id': '4VAfJJIB9Ge4CN5SU0G-', '_version': 1, 'result': 'created', '_shards': {'total': 2, 'successful': 1, 'failed': 0}, '_seq_no': 372, '_primary_term': 1}
[2024-09-24T13:01:25.825+0000] {base.py:271} INFO - POST http://elasticsearch:9200/final_projects/_doc [status:201 request:0.001s]
[2024-09-24T13:01:25.825+0000] {logging_mixin.py:115} INFO - {'_index': 'final_projects', '_type': '_doc', '_id': '4lAfJJIB9Ge4CN5SU0HA', '_version': 1, 'result': 'created', '_shards': {'total': 2, 'successful': 1, 'failed': 0}, '_seq_no': 373, '_primary_term': 1}
[2024-09-24T13:01:25.827+0000] {base.py:271} INFO - POST http://elasticsearch:9200/final_projects/_doc [status:201 request:0.002s]
[2024-09-24T13:01:25.827+0000] {logging_mixin.py:115} INFO - {'_index': 'final_projects', '_type': '_doc', '_id': '41AfJJIB9Ge4CN5SU0HC', '_version': 1, 'result': 'created', '_shards': {'total': 2, 'successful': 1, 'failed': 0}, '_seq_no': 374, '_primary_term': 1}
[2024-09-24T13:01:25.828+0000] {base.py:271} INFO - POST http://elasticsearch:9200/final_projects/_doc [status:201 request:0.001s]
[2024-09-24T13:01:25.829+0000] {logging_mixin.py:115} INFO - {'_index': 'final_projects', '_type': '_doc', '_id': '5FAfJJIB9Ge4CN5SU0HD', '_version': 1, 'result': 'created', '_shards': {'total': 2, 'successful': 1, 'failed': 0}, '_seq_no': 375, '_primary_term': 1}
[2024-09-24T13:01:25.830+0000] {base.py:271} INFO - POST http://elasticsearch:9200/final_projects/_doc [status:201 request:0.001s]
[2024-09-24T13:01:25.830+0000] {logging_mixin.py:115} INFO - {'_index': 'final_projects', '_type': '_doc', '_id': '5VAfJJIB9Ge4CN5SU0HF', '_version': 1, 'result': 'created', '_shards': {'total': 2, 'successful': 1, 'failed': 0}, '_seq_no': 376, '_primary_term': 1}
[2024-09-24T13:01:25.832+0000] {base.py:271} INFO - POST http://elasticsearch:9200/final_projects/_doc [status:201 request:0.001s]
[2024-09-24T13:01:25.832+0000] {logging_mixin.py:115} INFO - {'_index': 'final_projects', '_type': '_doc', '_id': '5lAfJJIB9Ge4CN5SU0HH', '_version': 1, 'result': 'created', '_shards': {'total': 2, 'successful': 1, 'failed': 0}, '_seq_no': 377, '_primary_term': 1}
[2024-09-24T13:01:25.833+0000] {base.py:271} INFO - POST http://elasticsearch:9200/final_projects/_doc [status:201 request:0.001s]
[2024-09-24T13:01:25.834+0000] {logging_mixin.py:115} INFO - {'_index': 'final_projects', '_type': '_doc', '_id': '51AfJJIB9Ge4CN5SU0HI', '_version': 1, 'result': 'created', '_shards': {'total': 2, 'successful': 1, 'failed': 0}, '_seq_no': 378, '_primary_term': 1}
[2024-09-24T13:01:25.835+0000] {base.py:271} INFO - POST http://elasticsearch:9200/final_projects/_doc [status:201 request:0.001s]
[2024-09-24T13:01:25.835+0000] {logging_mixin.py:115} INFO - {'_index': 'final_projects', '_type': '_doc', '_id': '6FAfJJIB9Ge4CN5SU0HK', '_version': 1, 'result': 'created', '_shards': {'total': 2, 'successful': 1, 'failed': 0}, '_seq_no': 379, '_primary_term': 1}
[2024-09-24T13:01:25.837+0000] {base.py:271} INFO - POST http://elasticsearch:9200/final_projects/_doc [status:201 request:0.001s]
[2024-09-24T13:01:25.837+0000] {logging_mixin.py:115} INFO - {'_index': 'final_projects', '_type': '_doc', '_id': '6VAfJJIB9Ge4CN5SU0HM', '_version': 1, 'result': 'created', '_shards': {'total': 2, 'successful': 1, 'failed': 0}, '_seq_no': 380, '_primary_term': 1}
[2024-09-24T13:01:25.838+0000] {base.py:271} INFO - POST http://elasticsearch:9200/final_projects/_doc [status:201 request:0.001s]
[2024-09-24T13:01:25.839+0000] {logging_mixin.py:115} INFO - {'_index': 'final_projects', '_type': '_doc', '_id': '6lAfJJIB9Ge4CN5SU0HN', '_version': 1, 'result': 'created', '_shards': {'total': 2, 'successful': 1, 'failed': 0}, '_seq_no': 381, '_primary_term': 1}
[2024-09-24T13:01:25.840+0000] {base.py:271} INFO - POST http://elasticsearch:9200/final_projects/_doc [status:201 request:0.002s]
[2024-09-24T13:01:25.841+0000] {logging_mixin.py:115} INFO - {'_index': 'final_projects', '_type': '_doc', '_id': '61AfJJIB9Ge4CN5SU0HP', '_version': 1, 'result': 'created', '_shards': {'total': 2, 'successful': 1, 'failed': 0}, '_seq_no': 382, '_primary_term': 1}
[2024-09-24T13:01:25.842+0000] {base.py:271} INFO - POST http://elasticsearch:9200/final_projects/_doc [status:201 request:0.001s]
[2024-09-24T13:01:25.842+0000] {logging_mixin.py:115} INFO - {'_index': 'final_projects', '_type': '_doc', '_id': '7FAfJJIB9Ge4CN5SU0HR', '_version': 1, 'result': 'created', '_shards': {'total': 2, 'successful': 1, 'failed': 0}, '_seq_no': 383, '_primary_term': 1}
[2024-09-24T13:01:25.844+0000] {base.py:271} INFO - POST http://elasticsearch:9200/final_projects/_doc [status:201 request:0.001s]
[2024-09-24T13:01:25.844+0000] {logging_mixin.py:115} INFO - {'_index': 'final_projects', '_type': '_doc', '_id': '7VAfJJIB9Ge4CN5SU0HT', '_version': 1, 'result': 'created', '_shards': {'total': 2, 'successful': 1, 'failed': 0}, '_seq_no': 384, '_primary_term': 1}
[2024-09-24T13:01:25.846+0000] {base.py:271} INFO - POST http://elasticsearch:9200/final_projects/_doc [status:201 request:0.001s]
[2024-09-24T13:01:25.846+0000] {logging_mixin.py:115} INFO - {'_index': 'final_projects', '_type': '_doc', '_id': '7lAfJJIB9Ge4CN5SU0HV', '_version': 1, 'result': 'created', '_shards': {'total': 2, 'successful': 1, 'failed': 0}, '_seq_no': 385, '_primary_term': 1}
[2024-09-24T13:01:25.848+0000] {base.py:271} INFO - POST http://elasticsearch:9200/final_projects/_doc [status:201 request:0.001s]
[2024-09-24T13:01:25.848+0000] {logging_mixin.py:115} INFO - {'_index': 'final_projects', '_type': '_doc', '_id': '71AfJJIB9Ge4CN5SU0HW', '_version': 1, 'result': 'created', '_shards': {'total': 2, 'successful': 1, 'failed': 0}, '_seq_no': 386, '_primary_term': 1}
[2024-09-24T13:01:25.849+0000] {base.py:271} INFO - POST http://elasticsearch:9200/final_projects/_doc [status:201 request:0.001s]
[2024-09-24T13:01:25.850+0000] {logging_mixin.py:115} INFO - {'_index': 'final_projects', '_type': '_doc', '_id': '8FAfJJIB9Ge4CN5SU0HY', '_version': 1, 'result': 'created', '_shards': {'total': 2, 'successful': 1, 'failed': 0}, '_seq_no': 387, '_primary_term': 1}
[2024-09-24T13:01:25.851+0000] {base.py:271} INFO - POST http://elasticsearch:9200/final_projects/_doc [status:201 request:0.001s]
[2024-09-24T13:01:25.851+0000] {logging_mixin.py:115} INFO - {'_index': 'final_projects', '_type': '_doc', '_id': '8VAfJJIB9Ge4CN5SU0Ha', '_version': 1, 'result': 'created', '_shards': {'total': 2, 'successful': 1, 'failed': 0}, '_seq_no': 388, '_primary_term': 1}
[2024-09-24T13:01:25.853+0000] {base.py:271} INFO - POST http://elasticsearch:9200/final_projects/_doc [status:201 request:0.001s]
[2024-09-24T13:01:25.853+0000] {logging_mixin.py:115} INFO - {'_index': 'final_projects', '_type': '_doc', '_id': '8lAfJJIB9Ge4CN5SU0Hc', '_version': 1, 'result': 'created', '_shards': {'total': 2, 'successful': 1, 'failed': 0}, '_seq_no': 389, '_primary_term': 1}
[2024-09-24T13:01:25.855+0000] {base.py:271} INFO - POST http://elasticsearch:9200/final_projects/_doc [status:201 request:0.001s]
[2024-09-24T13:01:25.855+0000] {logging_mixin.py:115} INFO - {'_index': 'final_projects', '_type': '_doc', '_id': '81AfJJIB9Ge4CN5SU0Hd', '_version': 1, 'result': 'created', '_shards': {'total': 2, 'successful': 1, 'failed': 0}, '_seq_no': 390, '_primary_term': 1}
[2024-09-24T13:01:25.856+0000] {base.py:271} INFO - POST http://elasticsearch:9200/final_projects/_doc [status:201 request:0.001s]
[2024-09-24T13:01:25.856+0000] {logging_mixin.py:115} INFO - {'_index': 'final_projects', '_type': '_doc', '_id': '9FAfJJIB9Ge4CN5SU0Hf', '_version': 1, 'result': 'created', '_shards': {'total': 2, 'successful': 1, 'failed': 0}, '_seq_no': 391, '_primary_term': 1}
[2024-09-24T13:01:25.858+0000] {base.py:271} INFO - POST http://elasticsearch:9200/final_projects/_doc [status:201 request:0.001s]
[2024-09-24T13:01:25.858+0000] {logging_mixin.py:115} INFO - {'_index': 'final_projects', '_type': '_doc', '_id': '9VAfJJIB9Ge4CN5SU0Hh', '_version': 1, 'result': 'created', '_shards': {'total': 2, 'successful': 1, 'failed': 0}, '_seq_no': 392, '_primary_term': 1}
[2024-09-24T13:01:25.859+0000] {base.py:271} INFO - POST http://elasticsearch:9200/final_projects/_doc [status:201 request:0.001s]
[2024-09-24T13:01:25.860+0000] {logging_mixin.py:115} INFO - {'_index': 'final_projects', '_type': '_doc', '_id': '9lAfJJIB9Ge4CN5SU0Hi', '_version': 1, 'result': 'created', '_shards': {'total': 2, 'successful': 1, 'failed': 0}, '_seq_no': 393, '_primary_term': 1}
[2024-09-24T13:01:25.861+0000] {base.py:271} INFO - POST http://elasticsearch:9200/final_projects/_doc [status:201 request:0.001s]
[2024-09-24T13:01:25.861+0000] {logging_mixin.py:115} INFO - {'_index': 'final_projects', '_type': '_doc', '_id': '91AfJJIB9Ge4CN5SU0Hk', '_version': 1, 'result': 'created', '_shards': {'total': 2, 'successful': 1, 'failed': 0}, '_seq_no': 394, '_primary_term': 1}
[2024-09-24T13:01:25.863+0000] {base.py:271} INFO - POST http://elasticsearch:9200/final_projects/_doc [status:201 request:0.001s]
[2024-09-24T13:01:25.863+0000] {logging_mixin.py:115} INFO - {'_index': 'final_projects', '_type': '_doc', '_id': '-FAfJJIB9Ge4CN5SU0Hm', '_version': 1, 'result': 'created', '_shards': {'total': 2, 'successful': 1, 'failed': 0}, '_seq_no': 395, '_primary_term': 1}
[2024-09-24T13:01:25.864+0000] {base.py:271} INFO - POST http://elasticsearch:9200/final_projects/_doc [status:201 request:0.001s]
[2024-09-24T13:01:25.864+0000] {logging_mixin.py:115} INFO - {'_index': 'final_projects', '_type': '_doc', '_id': '-VAfJJIB9Ge4CN5SU0Hn', '_version': 1, 'result': 'created', '_shards': {'total': 2, 'successful': 1, 'failed': 0}, '_seq_no': 396, '_primary_term': 1}
[2024-09-24T13:01:25.866+0000] {base.py:271} INFO - POST http://elasticsearch:9200/final_projects/_doc [status:201 request:0.001s]
[2024-09-24T13:01:25.866+0000] {logging_mixin.py:115} INFO - {'_index': 'final_projects', '_type': '_doc', '_id': '-lAfJJIB9Ge4CN5SU0Hp', '_version': 1, 'result': 'created', '_shards': {'total': 2, 'successful': 1, 'failed': 0}, '_seq_no': 397, '_primary_term': 1}
[2024-09-24T13:01:25.867+0000] {base.py:271} INFO - POST http://elasticsearch:9200/final_projects/_doc [status:201 request:0.001s]
[2024-09-24T13:01:25.868+0000] {logging_mixin.py:115} INFO - {'_index': 'final_projects', '_type': '_doc', '_id': '-1AfJJIB9Ge4CN5SU0Hq', '_version': 1, 'result': 'created', '_shards': {'total': 2, 'successful': 1, 'failed': 0}, '_seq_no': 398, '_primary_term': 1}
[2024-09-24T13:01:25.869+0000] {base.py:271} INFO - POST http://elasticsearch:9200/final_projects/_doc [status:201 request:0.001s]
[2024-09-24T13:01:25.869+0000] {logging_mixin.py:115} INFO - {'_index': 'final_projects', '_type': '_doc', '_id': '_FAfJJIB9Ge4CN5SU0Hs', '_version': 1, 'result': 'created', '_shards': {'total': 2, 'successful': 1, 'failed': 0}, '_seq_no': 399, '_primary_term': 1}
[2024-09-24T13:01:25.871+0000] {base.py:271} INFO - POST http://elasticsearch:9200/final_projects/_doc [status:201 request:0.001s]
[2024-09-24T13:01:25.871+0000] {logging_mixin.py:115} INFO - {'_index': 'final_projects', '_type': '_doc', '_id': '_VAfJJIB9Ge4CN5SU0Hu', '_version': 1, 'result': 'created', '_shards': {'total': 2, 'successful': 1, 'failed': 0}, '_seq_no': 400, '_primary_term': 1}
[2024-09-24T13:01:25.872+0000] {base.py:271} INFO - POST http://elasticsearch:9200/final_projects/_doc [status:201 request:0.001s]
[2024-09-24T13:01:25.872+0000] {logging_mixin.py:115} INFO - {'_index': 'final_projects', '_type': '_doc', '_id': '_lAfJJIB9Ge4CN5SU0Hv', '_version': 1, 'result': 'created', '_shards': {'total': 2, 'successful': 1, 'failed': 0}, '_seq_no': 401, '_primary_term': 1}
[2024-09-24T13:01:25.874+0000] {base.py:271} INFO - POST http://elasticsearch:9200/final_projects/_doc [status:201 request:0.001s]
[2024-09-24T13:01:25.874+0000] {logging_mixin.py:115} INFO - {'_index': 'final_projects', '_type': '_doc', '_id': '_1AfJJIB9Ge4CN5SU0Hx', '_version': 1, 'result': 'created', '_shards': {'total': 2, 'successful': 1, 'failed': 0}, '_seq_no': 402, '_primary_term': 1}
[2024-09-24T13:01:25.876+0000] {base.py:271} INFO - POST http://elasticsearch:9200/final_projects/_doc [status:201 request:0.001s]
[2024-09-24T13:01:25.876+0000] {logging_mixin.py:115} INFO - {'_index': 'final_projects', '_type': '_doc', '_id': 'AFAfJJIB9Ge4CN5SU0Ly', '_version': 1, 'result': 'created', '_shards': {'total': 2, 'successful': 1, 'failed': 0}, '_seq_no': 403, '_primary_term': 1}
[2024-09-24T13:01:25.877+0000] {base.py:271} INFO - POST http://elasticsearch:9200/final_projects/_doc [status:201 request:0.001s]
[2024-09-24T13:01:25.877+0000] {logging_mixin.py:115} INFO - {'_index': 'final_projects', '_type': '_doc', '_id': 'AVAfJJIB9Ge4CN5SU0L0', '_version': 1, 'result': 'created', '_shards': {'total': 2, 'successful': 1, 'failed': 0}, '_seq_no': 404, '_primary_term': 1}
[2024-09-24T13:01:25.879+0000] {base.py:271} INFO - POST http://elasticsearch:9200/final_projects/_doc [status:201 request:0.001s]
[2024-09-24T13:01:25.879+0000] {logging_mixin.py:115} INFO - {'_index': 'final_projects', '_type': '_doc', '_id': 'AlAfJJIB9Ge4CN5SU0L2', '_version': 1, 'result': 'created', '_shards': {'total': 2, 'successful': 1, 'failed': 0}, '_seq_no': 405, '_primary_term': 1}
[2024-09-24T13:01:25.880+0000] {base.py:271} INFO - POST http://elasticsearch:9200/final_projects/_doc [status:201 request:0.001s]
[2024-09-24T13:01:25.880+0000] {logging_mixin.py:115} INFO - {'_index': 'final_projects', '_type': '_doc', '_id': 'A1AfJJIB9Ge4CN5SU0L3', '_version': 1, 'result': 'created', '_shards': {'total': 2, 'successful': 1, 'failed': 0}, '_seq_no': 406, '_primary_term': 1}
[2024-09-24T13:01:25.882+0000] {base.py:271} INFO - POST http://elasticsearch:9200/final_projects/_doc [status:201 request:0.001s]
[2024-09-24T13:01:25.882+0000] {logging_mixin.py:115} INFO - {'_index': 'final_projects', '_type': '_doc', '_id': 'BFAfJJIB9Ge4CN5SU0L5', '_version': 1, 'result': 'created', '_shards': {'total': 2, 'successful': 1, 'failed': 0}, '_seq_no': 407, '_primary_term': 1}
[2024-09-24T13:01:25.883+0000] {base.py:271} INFO - POST http://elasticsearch:9200/final_projects/_doc [status:201 request:0.001s]
[2024-09-24T13:01:25.883+0000] {logging_mixin.py:115} INFO - {'_index': 'final_projects', '_type': '_doc', '_id': 'BVAfJJIB9Ge4CN5SU0L6', '_version': 1, 'result': 'created', '_shards': {'total': 2, 'successful': 1, 'failed': 0}, '_seq_no': 408, '_primary_term': 1}
[2024-09-24T13:01:25.885+0000] {base.py:271} INFO - POST http://elasticsearch:9200/final_projects/_doc [status:201 request:0.001s]
[2024-09-24T13:01:25.885+0000] {logging_mixin.py:115} INFO - {'_index': 'final_projects', '_type': '_doc', '_id': 'BlAfJJIB9Ge4CN5SU0L8', '_version': 1, 'result': 'created', '_shards': {'total': 2, 'successful': 1, 'failed': 0}, '_seq_no': 409, '_primary_term': 1}
[2024-09-24T13:01:25.886+0000] {base.py:271} INFO - POST http://elasticsearch:9200/final_projects/_doc [status:201 request:0.001s]
[2024-09-24T13:01:25.887+0000] {logging_mixin.py:115} INFO - {'_index': 'final_projects', '_type': '_doc', '_id': 'B1AfJJIB9Ge4CN5SU0L9', '_version': 1, 'result': 'created', '_shards': {'total': 2, 'successful': 1, 'failed': 0}, '_seq_no': 410, '_primary_term': 1}
[2024-09-24T13:01:25.888+0000] {base.py:271} INFO - POST http://elasticsearch:9200/final_projects/_doc [status:201 request:0.001s]
[2024-09-24T13:01:25.888+0000] {logging_mixin.py:115} INFO - {'_index': 'final_projects', '_type': '_doc', '_id': 'CFAfJJIB9Ge4CN5SU0L_', '_version': 1, 'result': 'created', '_shards': {'total': 2, 'successful': 1, 'failed': 0}, '_seq_no': 411, '_primary_term': 1}
[2024-09-24T13:01:25.890+0000] {base.py:271} INFO - POST http://elasticsearch:9200/final_projects/_doc [status:201 request:0.001s]
[2024-09-24T13:01:25.890+0000] {logging_mixin.py:115} INFO - {'_index': 'final_projects', '_type': '_doc', '_id': 'CVAfJJIB9Ge4CN5SVEIB', '_version': 1, 'result': 'created', '_shards': {'total': 2, 'successful': 1, 'failed': 0}, '_seq_no': 412, '_primary_term': 1}
[2024-09-24T13:01:25.892+0000] {base.py:271} INFO - POST http://elasticsearch:9200/final_projects/_doc [status:201 request:0.001s]
[2024-09-24T13:01:25.892+0000] {logging_mixin.py:115} INFO - {'_index': 'final_projects', '_type': '_doc', '_id': 'ClAfJJIB9Ge4CN5SVEID', '_version': 1, 'result': 'created', '_shards': {'total': 2, 'successful': 1, 'failed': 0}, '_seq_no': 413, '_primary_term': 1}
[2024-09-24T13:01:25.893+0000] {base.py:271} INFO - POST http://elasticsearch:9200/final_projects/_doc [status:201 request:0.001s]
[2024-09-24T13:01:25.893+0000] {logging_mixin.py:115} INFO - {'_index': 'final_projects', '_type': '_doc', '_id': 'C1AfJJIB9Ge4CN5SVEIE', '_version': 1, 'result': 'created', '_shards': {'total': 2, 'successful': 1, 'failed': 0}, '_seq_no': 414, '_primary_term': 1}
[2024-09-24T13:01:25.895+0000] {base.py:271} INFO - POST http://elasticsearch:9200/final_projects/_doc [status:201 request:0.001s]
[2024-09-24T13:01:25.895+0000] {logging_mixin.py:115} INFO - {'_index': 'final_projects', '_type': '_doc', '_id': 'DFAfJJIB9Ge4CN5SVEIG', '_version': 1, 'result': 'created', '_shards': {'total': 2, 'successful': 1, 'failed': 0}, '_seq_no': 415, '_primary_term': 1}
[2024-09-24T13:01:25.897+0000] {base.py:271} INFO - POST http://elasticsearch:9200/final_projects/_doc [status:201 request:0.001s]
[2024-09-24T13:01:25.897+0000] {logging_mixin.py:115} INFO - {'_index': 'final_projects', '_type': '_doc', '_id': 'DVAfJJIB9Ge4CN5SVEIH', '_version': 1, 'result': 'created', '_shards': {'total': 2, 'successful': 1, 'failed': 0}, '_seq_no': 416, '_primary_term': 1}
[2024-09-24T13:01:25.898+0000] {base.py:271} INFO - POST http://elasticsearch:9200/final_projects/_doc [status:201 request:0.001s]
[2024-09-24T13:01:25.898+0000] {logging_mixin.py:115} INFO - {'_index': 'final_projects', '_type': '_doc', '_id': 'DlAfJJIB9Ge4CN5SVEIJ', '_version': 1, 'result': 'created', '_shards': {'total': 2, 'successful': 1, 'failed': 0}, '_seq_no': 417, '_primary_term': 1}
[2024-09-24T13:01:25.900+0000] {base.py:271} INFO - POST http://elasticsearch:9200/final_projects/_doc [status:201 request:0.001s]
[2024-09-24T13:01:25.900+0000] {logging_mixin.py:115} INFO - {'_index': 'final_projects', '_type': '_doc', '_id': 'D1AfJJIB9Ge4CN5SVEIL', '_version': 1, 'result': 'created', '_shards': {'total': 2, 'successful': 1, 'failed': 0}, '_seq_no': 418, '_primary_term': 1}
[2024-09-24T13:01:25.902+0000] {base.py:271} INFO - POST http://elasticsearch:9200/final_projects/_doc [status:201 request:0.001s]
[2024-09-24T13:01:25.902+0000] {logging_mixin.py:115} INFO - {'_index': 'final_projects', '_type': '_doc', '_id': 'EFAfJJIB9Ge4CN5SVEIM', '_version': 1, 'result': 'created', '_shards': {'total': 2, 'successful': 1, 'failed': 0}, '_seq_no': 419, '_primary_term': 1}
[2024-09-24T13:01:25.904+0000] {base.py:271} INFO - POST http://elasticsearch:9200/final_projects/_doc [status:201 request:0.002s]
[2024-09-24T13:01:25.904+0000] {logging_mixin.py:115} INFO - {'_index': 'final_projects', '_type': '_doc', '_id': 'EVAfJJIB9Ge4CN5SVEIO', '_version': 1, 'result': 'created', '_shards': {'total': 2, 'successful': 1, 'failed': 0}, '_seq_no': 420, '_primary_term': 1}
[2024-09-24T13:01:25.906+0000] {base.py:271} INFO - POST http://elasticsearch:9200/final_projects/_doc [status:201 request:0.002s]
[2024-09-24T13:01:25.906+0000] {logging_mixin.py:115} INFO - {'_index': 'final_projects', '_type': '_doc', '_id': 'ElAfJJIB9Ge4CN5SVEIQ', '_version': 1, 'result': 'created', '_shards': {'total': 2, 'successful': 1, 'failed': 0}, '_seq_no': 421, '_primary_term': 1}
[2024-09-24T13:01:25.907+0000] {base.py:271} INFO - POST http://elasticsearch:9200/final_projects/_doc [status:201 request:0.001s]
[2024-09-24T13:01:25.907+0000] {logging_mixin.py:115} INFO - {'_index': 'final_projects', '_type': '_doc', '_id': 'E1AfJJIB9Ge4CN5SVEIS', '_version': 1, 'result': 'created', '_shards': {'total': 2, 'successful': 1, 'failed': 0}, '_seq_no': 422, '_primary_term': 1}
[2024-09-24T13:01:25.909+0000] {base.py:271} INFO - POST http://elasticsearch:9200/final_projects/_doc [status:201 request:0.001s]
[2024-09-24T13:01:25.909+0000] {logging_mixin.py:115} INFO - {'_index': 'final_projects', '_type': '_doc', '_id': 'FFAfJJIB9Ge4CN5SVEIU', '_version': 1, 'result': 'created', '_shards': {'total': 2, 'successful': 1, 'failed': 0}, '_seq_no': 423, '_primary_term': 1}
[2024-09-24T13:01:25.911+0000] {base.py:271} INFO - POST http://elasticsearch:9200/final_projects/_doc [status:201 request:0.001s]
[2024-09-24T13:01:25.911+0000] {logging_mixin.py:115} INFO - {'_index': 'final_projects', '_type': '_doc', '_id': 'FVAfJJIB9Ge4CN5SVEIW', '_version': 1, 'result': 'created', '_shards': {'total': 2, 'successful': 1, 'failed': 0}, '_seq_no': 424, '_primary_term': 1}
[2024-09-24T13:01:25.913+0000] {base.py:271} INFO - POST http://elasticsearch:9200/final_projects/_doc [status:201 request:0.001s]
[2024-09-24T13:01:25.913+0000] {logging_mixin.py:115} INFO - {'_index': 'final_projects', '_type': '_doc', '_id': 'FlAfJJIB9Ge4CN5SVEIY', '_version': 1, 'result': 'created', '_shards': {'total': 2, 'successful': 1, 'failed': 0}, '_seq_no': 425, '_primary_term': 1}
[2024-09-24T13:01:25.914+0000] {base.py:271} INFO - POST http://elasticsearch:9200/final_projects/_doc [status:201 request:0.001s]
[2024-09-24T13:01:25.915+0000] {logging_mixin.py:115} INFO - {'_index': 'final_projects', '_type': '_doc', '_id': 'F1AfJJIB9Ge4CN5SVEIZ', '_version': 1, 'result': 'created', '_shards': {'total': 2, 'successful': 1, 'failed': 0}, '_seq_no': 426, '_primary_term': 1}
[2024-09-24T13:01:25.916+0000] {base.py:271} INFO - POST http://elasticsearch:9200/final_projects/_doc [status:201 request:0.001s]
[2024-09-24T13:01:25.916+0000] {logging_mixin.py:115} INFO - {'_index': 'final_projects', '_type': '_doc', '_id': 'GFAfJJIB9Ge4CN5SVEIb', '_version': 1, 'result': 'created', '_shards': {'total': 2, 'successful': 1, 'failed': 0}, '_seq_no': 427, '_primary_term': 1}
[2024-09-24T13:01:25.918+0000] {base.py:271} INFO - POST http://elasticsearch:9200/final_projects/_doc [status:201 request:0.002s]
[2024-09-24T13:01:25.918+0000] {logging_mixin.py:115} INFO - {'_index': 'final_projects', '_type': '_doc', '_id': 'GVAfJJIB9Ge4CN5SVEId', '_version': 1, 'result': 'created', '_shards': {'total': 2, 'successful': 1, 'failed': 0}, '_seq_no': 428, '_primary_term': 1}
[2024-09-24T13:01:25.920+0000] {base.py:271} INFO - POST http://elasticsearch:9200/final_projects/_doc [status:201 request:0.001s]
[2024-09-24T13:01:25.920+0000] {logging_mixin.py:115} INFO - {'_index': 'final_projects', '_type': '_doc', '_id': 'GlAfJJIB9Ge4CN5SVEIe', '_version': 1, 'result': 'created', '_shards': {'total': 2, 'successful': 1, 'failed': 0}, '_seq_no': 429, '_primary_term': 1}
[2024-09-24T13:01:25.921+0000] {base.py:271} INFO - POST http://elasticsearch:9200/final_projects/_doc [status:201 request:0.001s]
[2024-09-24T13:01:25.921+0000] {logging_mixin.py:115} INFO - {'_index': 'final_projects', '_type': '_doc', '_id': 'G1AfJJIB9Ge4CN5SVEIg', '_version': 1, 'result': 'created', '_shards': {'total': 2, 'successful': 1, 'failed': 0}, '_seq_no': 430, '_primary_term': 1}
[2024-09-24T13:01:25.923+0000] {base.py:271} INFO - POST http://elasticsearch:9200/final_projects/_doc [status:201 request:0.001s]
[2024-09-24T13:01:25.923+0000] {logging_mixin.py:115} INFO - {'_index': 'final_projects', '_type': '_doc', '_id': 'HFAfJJIB9Ge4CN5SVEIi', '_version': 1, 'result': 'created', '_shards': {'total': 2, 'successful': 1, 'failed': 0}, '_seq_no': 431, '_primary_term': 1}
[2024-09-24T13:01:25.925+0000] {base.py:271} INFO - POST http://elasticsearch:9200/final_projects/_doc [status:201 request:0.001s]
[2024-09-24T13:01:25.925+0000] {logging_mixin.py:115} INFO - {'_index': 'final_projects', '_type': '_doc', '_id': 'HVAfJJIB9Ge4CN5SVEIk', '_version': 1, 'result': 'created', '_shards': {'total': 2, 'successful': 1, 'failed': 0}, '_seq_no': 432, '_primary_term': 1}
[2024-09-24T13:01:25.926+0000] {base.py:271} INFO - POST http://elasticsearch:9200/final_projects/_doc [status:201 request:0.001s]
[2024-09-24T13:01:25.927+0000] {logging_mixin.py:115} INFO - {'_index': 'final_projects', '_type': '_doc', '_id': 'HlAfJJIB9Ge4CN5SVEIl', '_version': 1, 'result': 'created', '_shards': {'total': 2, 'successful': 1, 'failed': 0}, '_seq_no': 433, '_primary_term': 1}
[2024-09-24T13:01:25.928+0000] {base.py:271} INFO - POST http://elasticsearch:9200/final_projects/_doc [status:201 request:0.001s]
[2024-09-24T13:01:25.928+0000] {logging_mixin.py:115} INFO - {'_index': 'final_projects', '_type': '_doc', '_id': 'H1AfJJIB9Ge4CN5SVEIn', '_version': 1, 'result': 'created', '_shards': {'total': 2, 'successful': 1, 'failed': 0}, '_seq_no': 434, '_primary_term': 1}
[2024-09-24T13:01:25.930+0000] {base.py:271} INFO - POST http://elasticsearch:9200/final_projects/_doc [status:201 request:0.002s]
[2024-09-24T13:01:25.930+0000] {logging_mixin.py:115} INFO - {'_index': 'final_projects', '_type': '_doc', '_id': 'IFAfJJIB9Ge4CN5SVEIp', '_version': 1, 'result': 'created', '_shards': {'total': 2, 'successful': 1, 'failed': 0}, '_seq_no': 435, '_primary_term': 1}
[2024-09-24T13:01:25.932+0000] {base.py:271} INFO - POST http://elasticsearch:9200/final_projects/_doc [status:201 request:0.001s]
[2024-09-24T13:01:25.932+0000] {logging_mixin.py:115} INFO - {'_index': 'final_projects', '_type': '_doc', '_id': 'IVAfJJIB9Ge4CN5SVEIr', '_version': 1, 'result': 'created', '_shards': {'total': 2, 'successful': 1, 'failed': 0}, '_seq_no': 436, '_primary_term': 1}
[2024-09-24T13:01:25.933+0000] {base.py:271} INFO - POST http://elasticsearch:9200/final_projects/_doc [status:201 request:0.001s]
[2024-09-24T13:01:25.934+0000] {logging_mixin.py:115} INFO - {'_index': 'final_projects', '_type': '_doc', '_id': 'IlAfJJIB9Ge4CN5SVEIs', '_version': 1, 'result': 'created', '_shards': {'total': 2, 'successful': 1, 'failed': 0}, '_seq_no': 437, '_primary_term': 1}
[2024-09-24T13:01:25.935+0000] {base.py:271} INFO - POST http://elasticsearch:9200/final_projects/_doc [status:201 request:0.001s]
[2024-09-24T13:01:25.935+0000] {logging_mixin.py:115} INFO - {'_index': 'final_projects', '_type': '_doc', '_id': 'I1AfJJIB9Ge4CN5SVEIu', '_version': 1, 'result': 'created', '_shards': {'total': 2, 'successful': 1, 'failed': 0}, '_seq_no': 438, '_primary_term': 1}
[2024-09-24T13:01:25.937+0000] {base.py:271} INFO - POST http://elasticsearch:9200/final_projects/_doc [status:201 request:0.001s]
[2024-09-24T13:01:25.937+0000] {logging_mixin.py:115} INFO - {'_index': 'final_projects', '_type': '_doc', '_id': 'JFAfJJIB9Ge4CN5SVEIw', '_version': 1, 'result': 'created', '_shards': {'total': 2, 'successful': 1, 'failed': 0}, '_seq_no': 439, '_primary_term': 1}
[2024-09-24T13:01:25.938+0000] {base.py:271} INFO - POST http://elasticsearch:9200/final_projects/_doc [status:201 request:0.001s]
[2024-09-24T13:01:25.939+0000] {logging_mixin.py:115} INFO - {'_index': 'final_projects', '_type': '_doc', '_id': 'JVAfJJIB9Ge4CN5SVEIx', '_version': 1, 'result': 'created', '_shards': {'total': 2, 'successful': 1, 'failed': 0}, '_seq_no': 440, '_primary_term': 1}
[2024-09-24T13:01:25.942+0000] {base.py:271} INFO - POST http://elasticsearch:9200/final_projects/_doc [status:201 request:0.003s]
[2024-09-24T13:01:25.942+0000] {logging_mixin.py:115} INFO - {'_index': 'final_projects', '_type': '_doc', '_id': 'JlAfJJIB9Ge4CN5SVEIz', '_version': 1, 'result': 'created', '_shards': {'total': 2, 'successful': 1, 'failed': 0}, '_seq_no': 441, '_primary_term': 1}
[2024-09-24T13:01:25.944+0000] {base.py:271} INFO - POST http://elasticsearch:9200/final_projects/_doc [status:201 request:0.002s]
[2024-09-24T13:01:25.944+0000] {logging_mixin.py:115} INFO - {'_index': 'final_projects', '_type': '_doc', '_id': 'J1AfJJIB9Ge4CN5SVEI2', '_version': 1, 'result': 'created', '_shards': {'total': 2, 'successful': 1, 'failed': 0}, '_seq_no': 442, '_primary_term': 1}
[2024-09-24T13:01:25.947+0000] {base.py:271} INFO - POST http://elasticsearch:9200/final_projects/_doc [status:201 request:0.002s]
[2024-09-24T13:01:25.947+0000] {logging_mixin.py:115} INFO - {'_index': 'final_projects', '_type': '_doc', '_id': 'KFAfJJIB9Ge4CN5SVEI5', '_version': 1, 'result': 'created', '_shards': {'total': 2, 'successful': 1, 'failed': 0}, '_seq_no': 443, '_primary_term': 1}
[2024-09-24T13:01:25.949+0000] {base.py:271} INFO - POST http://elasticsearch:9200/final_projects/_doc [status:201 request:0.002s]
[2024-09-24T13:01:25.950+0000] {logging_mixin.py:115} INFO - {'_index': 'final_projects', '_type': '_doc', '_id': 'KVAfJJIB9Ge4CN5SVEI8', '_version': 1, 'result': 'created', '_shards': {'total': 2, 'successful': 1, 'failed': 0}, '_seq_no': 444, '_primary_term': 1}
[2024-09-24T13:01:25.953+0000] {base.py:271} INFO - POST http://elasticsearch:9200/final_projects/_doc [status:201 request:0.003s]
[2024-09-24T13:01:25.953+0000] {logging_mixin.py:115} INFO - {'_index': 'final_projects', '_type': '_doc', '_id': 'KlAfJJIB9Ge4CN5SVEI_', '_version': 1, 'result': 'created', '_shards': {'total': 2, 'successful': 1, 'failed': 0}, '_seq_no': 445, '_primary_term': 1}
[2024-09-24T13:01:25.956+0000] {base.py:271} INFO - POST http://elasticsearch:9200/final_projects/_doc [status:201 request:0.002s]
[2024-09-24T13:01:25.956+0000] {logging_mixin.py:115} INFO - {'_index': 'final_projects', '_type': '_doc', '_id': 'K1AfJJIB9Ge4CN5SVEJC', '_version': 1, 'result': 'created', '_shards': {'total': 2, 'successful': 1, 'failed': 0}, '_seq_no': 446, '_primary_term': 1}
[2024-09-24T13:01:25.958+0000] {base.py:271} INFO - POST http://elasticsearch:9200/final_projects/_doc [status:201 request:0.002s]
[2024-09-24T13:01:25.958+0000] {logging_mixin.py:115} INFO - {'_index': 'final_projects', '_type': '_doc', '_id': 'LFAfJJIB9Ge4CN5SVEJF', '_version': 1, 'result': 'created', '_shards': {'total': 2, 'successful': 1, 'failed': 0}, '_seq_no': 447, '_primary_term': 1}
[2024-09-24T13:01:25.960+0000] {base.py:271} INFO - POST http://elasticsearch:9200/final_projects/_doc [status:201 request:0.002s]
[2024-09-24T13:01:25.960+0000] {logging_mixin.py:115} INFO - {'_index': 'final_projects', '_type': '_doc', '_id': 'LVAfJJIB9Ge4CN5SVEJH', '_version': 1, 'result': 'created', '_shards': {'total': 2, 'successful': 1, 'failed': 0}, '_seq_no': 448, '_primary_term': 1}
[2024-09-24T13:01:25.963+0000] {base.py:271} INFO - POST http://elasticsearch:9200/final_projects/_doc [status:201 request:0.002s]
[2024-09-24T13:01:25.963+0000] {logging_mixin.py:115} INFO - {'_index': 'final_projects', '_type': '_doc', '_id': 'LlAfJJIB9Ge4CN5SVEJJ', '_version': 1, 'result': 'created', '_shards': {'total': 2, 'successful': 1, 'failed': 0}, '_seq_no': 449, '_primary_term': 1}
[2024-09-24T13:01:25.965+0000] {base.py:271} INFO - POST http://elasticsearch:9200/final_projects/_doc [status:201 request:0.002s]
[2024-09-24T13:01:25.965+0000] {logging_mixin.py:115} INFO - {'_index': 'final_projects', '_type': '_doc', '_id': 'L1AfJJIB9Ge4CN5SVEJL', '_version': 1, 'result': 'created', '_shards': {'total': 2, 'successful': 1, 'failed': 0}, '_seq_no': 450, '_primary_term': 1}
[2024-09-24T13:01:25.967+0000] {base.py:271} INFO - POST http://elasticsearch:9200/final_projects/_doc [status:201 request:0.002s]
[2024-09-24T13:01:25.967+0000] {logging_mixin.py:115} INFO - {'_index': 'final_projects', '_type': '_doc', '_id': 'MFAfJJIB9Ge4CN5SVEJN', '_version': 1, 'result': 'created', '_shards': {'total': 2, 'successful': 1, 'failed': 0}, '_seq_no': 451, '_primary_term': 1}
[2024-09-24T13:01:25.969+0000] {base.py:271} INFO - POST http://elasticsearch:9200/final_projects/_doc [status:201 request:0.002s]
[2024-09-24T13:01:25.969+0000] {logging_mixin.py:115} INFO - {'_index': 'final_projects', '_type': '_doc', '_id': 'MVAfJJIB9Ge4CN5SVEJP', '_version': 1, 'result': 'created', '_shards': {'total': 2, 'successful': 1, 'failed': 0}, '_seq_no': 452, '_primary_term': 1}
[2024-09-24T13:01:25.970+0000] {base.py:271} INFO - POST http://elasticsearch:9200/final_projects/_doc [status:201 request:0.002s]
[2024-09-24T13:01:25.971+0000] {logging_mixin.py:115} INFO - {'_index': 'final_projects', '_type': '_doc', '_id': 'MlAfJJIB9Ge4CN5SVEJR', '_version': 1, 'result': 'created', '_shards': {'total': 2, 'successful': 1, 'failed': 0}, '_seq_no': 453, '_primary_term': 1}
[2024-09-24T13:01:25.972+0000] {base.py:271} INFO - POST http://elasticsearch:9200/final_projects/_doc [status:201 request:0.002s]
[2024-09-24T13:01:25.973+0000] {logging_mixin.py:115} INFO - {'_index': 'final_projects', '_type': '_doc', '_id': 'M1AfJJIB9Ge4CN5SVEJT', '_version': 1, 'result': 'created', '_shards': {'total': 2, 'successful': 1, 'failed': 0}, '_seq_no': 454, '_primary_term': 1}
[2024-09-24T13:01:25.974+0000] {base.py:271} INFO - POST http://elasticsearch:9200/final_projects/_doc [status:201 request:0.002s]
[2024-09-24T13:01:25.974+0000] {logging_mixin.py:115} INFO - {'_index': 'final_projects', '_type': '_doc', '_id': 'NFAfJJIB9Ge4CN5SVEJV', '_version': 1, 'result': 'created', '_shards': {'total': 2, 'successful': 1, 'failed': 0}, '_seq_no': 455, '_primary_term': 1}
[2024-09-24T13:01:25.976+0000] {base.py:271} INFO - POST http://elasticsearch:9200/final_projects/_doc [status:201 request:0.001s]
[2024-09-24T13:01:25.976+0000] {logging_mixin.py:115} INFO - {'_index': 'final_projects', '_type': '_doc', '_id': 'NVAfJJIB9Ge4CN5SVEJX', '_version': 1, 'result': 'created', '_shards': {'total': 2, 'successful': 1, 'failed': 0}, '_seq_no': 456, '_primary_term': 1}
[2024-09-24T13:01:25.978+0000] {base.py:271} INFO - POST http://elasticsearch:9200/final_projects/_doc [status:201 request:0.001s]
[2024-09-24T13:01:25.978+0000] {logging_mixin.py:115} INFO - {'_index': 'final_projects', '_type': '_doc', '_id': 'NlAfJJIB9Ge4CN5SVEJZ', '_version': 1, 'result': 'created', '_shards': {'total': 2, 'successful': 1, 'failed': 0}, '_seq_no': 457, '_primary_term': 1}
[2024-09-24T13:01:25.980+0000] {base.py:271} INFO - POST http://elasticsearch:9200/final_projects/_doc [status:201 request:0.001s]
[2024-09-24T13:01:25.980+0000] {logging_mixin.py:115} INFO - {'_index': 'final_projects', '_type': '_doc', '_id': 'N1AfJJIB9Ge4CN5SVEJa', '_version': 1, 'result': 'created', '_shards': {'total': 2, 'successful': 1, 'failed': 0}, '_seq_no': 458, '_primary_term': 1}
[2024-09-24T13:01:25.981+0000] {base.py:271} INFO - POST http://elasticsearch:9200/final_projects/_doc [status:201 request:0.001s]
[2024-09-24T13:01:25.982+0000] {logging_mixin.py:115} INFO - {'_index': 'final_projects', '_type': '_doc', '_id': 'OFAfJJIB9Ge4CN5SVEJc', '_version': 1, 'result': 'created', '_shards': {'total': 2, 'successful': 1, 'failed': 0}, '_seq_no': 459, '_primary_term': 1}
[2024-09-24T13:01:25.983+0000] {base.py:271} INFO - POST http://elasticsearch:9200/final_projects/_doc [status:201 request:0.002s]
[2024-09-24T13:01:25.983+0000] {logging_mixin.py:115} INFO - {'_index': 'final_projects', '_type': '_doc', '_id': 'OVAfJJIB9Ge4CN5SVEJe', '_version': 1, 'result': 'created', '_shards': {'total': 2, 'successful': 1, 'failed': 0}, '_seq_no': 460, '_primary_term': 1}
[2024-09-24T13:01:25.985+0000] {base.py:271} INFO - POST http://elasticsearch:9200/final_projects/_doc [status:201 request:0.002s]
[2024-09-24T13:01:25.985+0000] {logging_mixin.py:115} INFO - {'_index': 'final_projects', '_type': '_doc', '_id': 'OlAfJJIB9Ge4CN5SVEJg', '_version': 1, 'result': 'created', '_shards': {'total': 2, 'successful': 1, 'failed': 0}, '_seq_no': 461, '_primary_term': 1}
[2024-09-24T13:01:25.987+0000] {base.py:271} INFO - POST http://elasticsearch:9200/final_projects/_doc [status:201 request:0.001s]
[2024-09-24T13:01:25.987+0000] {logging_mixin.py:115} INFO - {'_index': 'final_projects', '_type': '_doc', '_id': 'O1AfJJIB9Ge4CN5SVEJi', '_version': 1, 'result': 'created', '_shards': {'total': 2, 'successful': 1, 'failed': 0}, '_seq_no': 462, '_primary_term': 1}
[2024-09-24T13:01:25.989+0000] {base.py:271} INFO - POST http://elasticsearch:9200/final_projects/_doc [status:201 request:0.001s]
[2024-09-24T13:01:25.989+0000] {logging_mixin.py:115} INFO - {'_index': 'final_projects', '_type': '_doc', '_id': 'PFAfJJIB9Ge4CN5SVEJk', '_version': 1, 'result': 'created', '_shards': {'total': 2, 'successful': 1, 'failed': 0}, '_seq_no': 463, '_primary_term': 1}
[2024-09-24T13:01:25.991+0000] {base.py:271} INFO - POST http://elasticsearch:9200/final_projects/_doc [status:201 request:0.002s]
[2024-09-24T13:01:25.991+0000] {logging_mixin.py:115} INFO - {'_index': 'final_projects', '_type': '_doc', '_id': 'PVAfJJIB9Ge4CN5SVEJl', '_version': 1, 'result': 'created', '_shards': {'total': 2, 'successful': 1, 'failed': 0}, '_seq_no': 464, '_primary_term': 1}
[2024-09-24T13:01:25.993+0000] {base.py:271} INFO - POST http://elasticsearch:9200/final_projects/_doc [status:201 request:0.002s]
[2024-09-24T13:01:25.993+0000] {logging_mixin.py:115} INFO - {'_index': 'final_projects', '_type': '_doc', '_id': 'PlAfJJIB9Ge4CN5SVEJn', '_version': 1, 'result': 'created', '_shards': {'total': 2, 'successful': 1, 'failed': 0}, '_seq_no': 465, '_primary_term': 1}
[2024-09-24T13:01:25.995+0000] {base.py:271} INFO - POST http://elasticsearch:9200/final_projects/_doc [status:201 request:0.002s]
[2024-09-24T13:01:25.995+0000] {logging_mixin.py:115} INFO - {'_index': 'final_projects', '_type': '_doc', '_id': 'P1AfJJIB9Ge4CN5SVEJp', '_version': 1, 'result': 'created', '_shards': {'total': 2, 'successful': 1, 'failed': 0}, '_seq_no': 466, '_primary_term': 1}
[2024-09-24T13:01:25.997+0000] {base.py:271} INFO - POST http://elasticsearch:9200/final_projects/_doc [status:201 request:0.002s]
[2024-09-24T13:01:25.997+0000] {logging_mixin.py:115} INFO - {'_index': 'final_projects', '_type': '_doc', '_id': 'QFAfJJIB9Ge4CN5SVEJr', '_version': 1, 'result': 'created', '_shards': {'total': 2, 'successful': 1, 'failed': 0}, '_seq_no': 467, '_primary_term': 1}
[2024-09-24T13:01:25.998+0000] {base.py:271} INFO - POST http://elasticsearch:9200/final_projects/_doc [status:201 request:0.001s]
[2024-09-24T13:01:25.999+0000] {logging_mixin.py:115} INFO - {'_index': 'final_projects', '_type': '_doc', '_id': 'QVAfJJIB9Ge4CN5SVEJt', '_version': 1, 'result': 'created', '_shards': {'total': 2, 'successful': 1, 'failed': 0}, '_seq_no': 468, '_primary_term': 1}
[2024-09-24T13:01:26.000+0000] {base.py:271} INFO - POST http://elasticsearch:9200/final_projects/_doc [status:201 request:0.002s]
[2024-09-24T13:01:26.001+0000] {logging_mixin.py:115} INFO - {'_index': 'final_projects', '_type': '_doc', '_id': 'QlAfJJIB9Ge4CN5SVEJv', '_version': 1, 'result': 'created', '_shards': {'total': 2, 'successful': 1, 'failed': 0}, '_seq_no': 469, '_primary_term': 1}
[2024-09-24T13:01:26.002+0000] {base.py:271} INFO - POST http://elasticsearch:9200/final_projects/_doc [status:201 request:0.001s]
[2024-09-24T13:01:26.002+0000] {logging_mixin.py:115} INFO - {'_index': 'final_projects', '_type': '_doc', '_id': 'Q1AfJJIB9Ge4CN5SVEJx', '_version': 1, 'result': 'created', '_shards': {'total': 2, 'successful': 1, 'failed': 0}, '_seq_no': 470, '_primary_term': 1}
[2024-09-24T13:01:26.004+0000] {base.py:271} INFO - POST http://elasticsearch:9200/final_projects/_doc [status:201 request:0.002s]
[2024-09-24T13:01:26.005+0000] {logging_mixin.py:115} INFO - {'_index': 'final_projects', '_type': '_doc', '_id': 'RFAfJJIB9Ge4CN5SVEJz', '_version': 1, 'result': 'created', '_shards': {'total': 2, 'successful': 1, 'failed': 0}, '_seq_no': 471, '_primary_term': 1}
[2024-09-24T13:01:26.006+0000] {base.py:271} INFO - POST http://elasticsearch:9200/final_projects/_doc [status:201 request:0.002s]
[2024-09-24T13:01:26.006+0000] {logging_mixin.py:115} INFO - {'_index': 'final_projects', '_type': '_doc', '_id': 'RVAfJJIB9Ge4CN5SVEJ1', '_version': 1, 'result': 'created', '_shards': {'total': 2, 'successful': 1, 'failed': 0}, '_seq_no': 472, '_primary_term': 1}
[2024-09-24T13:01:26.008+0000] {base.py:271} INFO - POST http://elasticsearch:9200/final_projects/_doc [status:201 request:0.002s]
[2024-09-24T13:01:26.008+0000] {logging_mixin.py:115} INFO - {'_index': 'final_projects', '_type': '_doc', '_id': 'RlAfJJIB9Ge4CN5SVEJ3', '_version': 1, 'result': 'created', '_shards': {'total': 2, 'successful': 1, 'failed': 0}, '_seq_no': 473, '_primary_term': 1}
[2024-09-24T13:01:26.010+0000] {base.py:271} INFO - POST http://elasticsearch:9200/final_projects/_doc [status:201 request:0.002s]
[2024-09-24T13:01:26.010+0000] {logging_mixin.py:115} INFO - {'_index': 'final_projects', '_type': '_doc', '_id': 'R1AfJJIB9Ge4CN5SVEJ5', '_version': 1, 'result': 'created', '_shards': {'total': 2, 'successful': 1, 'failed': 0}, '_seq_no': 474, '_primary_term': 1}
[2024-09-24T13:01:26.012+0000] {base.py:271} INFO - POST http://elasticsearch:9200/final_projects/_doc [status:201 request:0.001s]
[2024-09-24T13:01:26.012+0000] {logging_mixin.py:115} INFO - {'_index': 'final_projects', '_type': '_doc', '_id': 'SFAfJJIB9Ge4CN5SVEJ7', '_version': 1, 'result': 'created', '_shards': {'total': 2, 'successful': 1, 'failed': 0}, '_seq_no': 475, '_primary_term': 1}
[2024-09-24T13:01:26.014+0000] {base.py:271} INFO - POST http://elasticsearch:9200/final_projects/_doc [status:201 request:0.001s]
[2024-09-24T13:01:26.014+0000] {logging_mixin.py:115} INFO - {'_index': 'final_projects', '_type': '_doc', '_id': 'SVAfJJIB9Ge4CN5SVEJ9', '_version': 1, 'result': 'created', '_shards': {'total': 2, 'successful': 1, 'failed': 0}, '_seq_no': 476, '_primary_term': 1}
[2024-09-24T13:01:26.016+0000] {base.py:271} INFO - POST http://elasticsearch:9200/final_projects/_doc [status:201 request:0.001s]
[2024-09-24T13:01:26.016+0000] {logging_mixin.py:115} INFO - {'_index': 'final_projects', '_type': '_doc', '_id': 'SlAfJJIB9Ge4CN5SVEJ-', '_version': 1, 'result': 'created', '_shards': {'total': 2, 'successful': 1, 'failed': 0}, '_seq_no': 477, '_primary_term': 1}
[2024-09-24T13:01:26.018+0000] {base.py:271} INFO - POST http://elasticsearch:9200/final_projects/_doc [status:201 request:0.002s]
[2024-09-24T13:01:26.018+0000] {logging_mixin.py:115} INFO - {'_index': 'final_projects', '_type': '_doc', '_id': 'S1AfJJIB9Ge4CN5SVEKA', '_version': 1, 'result': 'created', '_shards': {'total': 2, 'successful': 1, 'failed': 0}, '_seq_no': 478, '_primary_term': 1}
[2024-09-24T13:01:26.019+0000] {base.py:271} INFO - POST http://elasticsearch:9200/final_projects/_doc [status:201 request:0.001s]
[2024-09-24T13:01:26.020+0000] {logging_mixin.py:115} INFO - {'_index': 'final_projects', '_type': '_doc', '_id': 'TFAfJJIB9Ge4CN5SVEKC', '_version': 1, 'result': 'created', '_shards': {'total': 2, 'successful': 1, 'failed': 0}, '_seq_no': 479, '_primary_term': 1}
[2024-09-24T13:01:26.021+0000] {base.py:271} INFO - POST http://elasticsearch:9200/final_projects/_doc [status:201 request:0.001s]
[2024-09-24T13:01:26.021+0000] {logging_mixin.py:115} INFO - {'_index': 'final_projects', '_type': '_doc', '_id': 'TVAfJJIB9Ge4CN5SVEKE', '_version': 1, 'result': 'created', '_shards': {'total': 2, 'successful': 1, 'failed': 0}, '_seq_no': 480, '_primary_term': 1}
[2024-09-24T13:01:26.023+0000] {base.py:271} INFO - POST http://elasticsearch:9200/final_projects/_doc [status:201 request:0.001s]
[2024-09-24T13:01:26.023+0000] {logging_mixin.py:115} INFO - {'_index': 'final_projects', '_type': '_doc', '_id': 'TlAfJJIB9Ge4CN5SVEKG', '_version': 1, 'result': 'created', '_shards': {'total': 2, 'successful': 1, 'failed': 0}, '_seq_no': 481, '_primary_term': 1}
[2024-09-24T13:01:26.025+0000] {base.py:271} INFO - POST http://elasticsearch:9200/final_projects/_doc [status:201 request:0.002s]
[2024-09-24T13:01:26.025+0000] {logging_mixin.py:115} INFO - {'_index': 'final_projects', '_type': '_doc', '_id': 'T1AfJJIB9Ge4CN5SVEKI', '_version': 1, 'result': 'created', '_shards': {'total': 2, 'successful': 1, 'failed': 0}, '_seq_no': 482, '_primary_term': 1}
[2024-09-24T13:01:26.027+0000] {base.py:271} INFO - POST http://elasticsearch:9200/final_projects/_doc [status:201 request:0.001s]
[2024-09-24T13:01:26.027+0000] {logging_mixin.py:115} INFO - {'_index': 'final_projects', '_type': '_doc', '_id': 'UFAfJJIB9Ge4CN5SVEKK', '_version': 1, 'result': 'created', '_shards': {'total': 2, 'successful': 1, 'failed': 0}, '_seq_no': 483, '_primary_term': 1}
[2024-09-24T13:01:26.029+0000] {base.py:271} INFO - POST http://elasticsearch:9200/final_projects/_doc [status:201 request:0.001s]
[2024-09-24T13:01:26.029+0000] {logging_mixin.py:115} INFO - {'_index': 'final_projects', '_type': '_doc', '_id': 'UVAfJJIB9Ge4CN5SVEKL', '_version': 1, 'result': 'created', '_shards': {'total': 2, 'successful': 1, 'failed': 0}, '_seq_no': 484, '_primary_term': 1}
[2024-09-24T13:01:26.030+0000] {base.py:271} INFO - POST http://elasticsearch:9200/final_projects/_doc [status:201 request:0.001s]
[2024-09-24T13:01:26.030+0000] {logging_mixin.py:115} INFO - {'_index': 'final_projects', '_type': '_doc', '_id': 'UlAfJJIB9Ge4CN5SVEKN', '_version': 1, 'result': 'created', '_shards': {'total': 2, 'successful': 1, 'failed': 0}, '_seq_no': 485, '_primary_term': 1}
[2024-09-24T13:01:26.032+0000] {base.py:271} INFO - POST http://elasticsearch:9200/final_projects/_doc [status:201 request:0.001s]
[2024-09-24T13:01:26.032+0000] {logging_mixin.py:115} INFO - {'_index': 'final_projects', '_type': '_doc', '_id': 'U1AfJJIB9Ge4CN5SVEKP', '_version': 1, 'result': 'created', '_shards': {'total': 2, 'successful': 1, 'failed': 0}, '_seq_no': 486, '_primary_term': 1}
[2024-09-24T13:01:26.034+0000] {base.py:271} INFO - POST http://elasticsearch:9200/final_projects/_doc [status:201 request:0.002s]
[2024-09-24T13:01:26.034+0000] {logging_mixin.py:115} INFO - {'_index': 'final_projects', '_type': '_doc', '_id': 'VFAfJJIB9Ge4CN5SVEKR', '_version': 1, 'result': 'created', '_shards': {'total': 2, 'successful': 1, 'failed': 0}, '_seq_no': 487, '_primary_term': 1}
[2024-09-24T13:01:26.036+0000] {base.py:271} INFO - POST http://elasticsearch:9200/final_projects/_doc [status:201 request:0.001s]
[2024-09-24T13:01:26.036+0000] {logging_mixin.py:115} INFO - {'_index': 'final_projects', '_type': '_doc', '_id': 'VVAfJJIB9Ge4CN5SVEKT', '_version': 1, 'result': 'created', '_shards': {'total': 2, 'successful': 1, 'failed': 0}, '_seq_no': 488, '_primary_term': 1}
[2024-09-24T13:01:26.038+0000] {base.py:271} INFO - POST http://elasticsearch:9200/final_projects/_doc [status:201 request:0.001s]
[2024-09-24T13:01:26.038+0000] {logging_mixin.py:115} INFO - {'_index': 'final_projects', '_type': '_doc', '_id': 'VlAfJJIB9Ge4CN5SVEKV', '_version': 1, 'result': 'created', '_shards': {'total': 2, 'successful': 1, 'failed': 0}, '_seq_no': 489, '_primary_term': 1}
[2024-09-24T13:01:26.040+0000] {base.py:271} INFO - POST http://elasticsearch:9200/final_projects/_doc [status:201 request:0.001s]
[2024-09-24T13:01:26.040+0000] {logging_mixin.py:115} INFO - {'_index': 'final_projects', '_type': '_doc', '_id': 'V1AfJJIB9Ge4CN5SVEKW', '_version': 1, 'result': 'created', '_shards': {'total': 2, 'successful': 1, 'failed': 0}, '_seq_no': 490, '_primary_term': 1}
[2024-09-24T13:01:26.041+0000] {base.py:271} INFO - POST http://elasticsearch:9200/final_projects/_doc [status:201 request:0.001s]
[2024-09-24T13:01:26.041+0000] {logging_mixin.py:115} INFO - {'_index': 'final_projects', '_type': '_doc', '_id': 'WFAfJJIB9Ge4CN5SVEKY', '_version': 1, 'result': 'created', '_shards': {'total': 2, 'successful': 1, 'failed': 0}, '_seq_no': 491, '_primary_term': 1}
[2024-09-24T13:01:26.043+0000] {base.py:271} INFO - POST http://elasticsearch:9200/final_projects/_doc [status:201 request:0.001s]
[2024-09-24T13:01:26.043+0000] {logging_mixin.py:115} INFO - {'_index': 'final_projects', '_type': '_doc', '_id': 'WVAfJJIB9Ge4CN5SVEKa', '_version': 1, 'result': 'created', '_shards': {'total': 2, 'successful': 1, 'failed': 0}, '_seq_no': 492, '_primary_term': 1}
[2024-09-24T13:01:26.045+0000] {base.py:271} INFO - POST http://elasticsearch:9200/final_projects/_doc [status:201 request:0.001s]
[2024-09-24T13:01:26.045+0000] {logging_mixin.py:115} INFO - {'_index': 'final_projects', '_type': '_doc', '_id': 'WlAfJJIB9Ge4CN5SVEKc', '_version': 1, 'result': 'created', '_shards': {'total': 2, 'successful': 1, 'failed': 0}, '_seq_no': 493, '_primary_term': 1}
[2024-09-24T13:01:26.047+0000] {base.py:271} INFO - POST http://elasticsearch:9200/final_projects/_doc [status:201 request:0.002s]
[2024-09-24T13:01:26.047+0000] {logging_mixin.py:115} INFO - {'_index': 'final_projects', '_type': '_doc', '_id': 'W1AfJJIB9Ge4CN5SVEKe', '_version': 1, 'result': 'created', '_shards': {'total': 2, 'successful': 1, 'failed': 0}, '_seq_no': 494, '_primary_term': 1}
[2024-09-24T13:01:26.049+0000] {base.py:271} INFO - POST http://elasticsearch:9200/final_projects/_doc [status:201 request:0.002s]
[2024-09-24T13:01:26.049+0000] {logging_mixin.py:115} INFO - {'_index': 'final_projects', '_type': '_doc', '_id': 'XFAfJJIB9Ge4CN5SVEKf', '_version': 1, 'result': 'created', '_shards': {'total': 2, 'successful': 1, 'failed': 0}, '_seq_no': 495, '_primary_term': 1}
[2024-09-24T13:01:26.051+0000] {base.py:271} INFO - POST http://elasticsearch:9200/final_projects/_doc [status:201 request:0.002s]
[2024-09-24T13:01:26.051+0000] {logging_mixin.py:115} INFO - {'_index': 'final_projects', '_type': '_doc', '_id': 'XVAfJJIB9Ge4CN5SVEKi', '_version': 1, 'result': 'created', '_shards': {'total': 2, 'successful': 1, 'failed': 0}, '_seq_no': 496, '_primary_term': 1}
[2024-09-24T13:01:26.053+0000] {base.py:271} INFO - POST http://elasticsearch:9200/final_projects/_doc [status:201 request:0.002s]
[2024-09-24T13:01:26.053+0000] {logging_mixin.py:115} INFO - {'_index': 'final_projects', '_type': '_doc', '_id': 'XlAfJJIB9Ge4CN5SVEKk', '_version': 1, 'result': 'created', '_shards': {'total': 2, 'successful': 1, 'failed': 0}, '_seq_no': 497, '_primary_term': 1}
[2024-09-24T13:01:26.056+0000] {base.py:271} INFO - POST http://elasticsearch:9200/final_projects/_doc [status:201 request:0.002s]
[2024-09-24T13:01:26.056+0000] {logging_mixin.py:115} INFO - {'_index': 'final_projects', '_type': '_doc', '_id': 'X1AfJJIB9Ge4CN5SVEKm', '_version': 1, 'result': 'created', '_shards': {'total': 2, 'successful': 1, 'failed': 0}, '_seq_no': 498, '_primary_term': 1}
[2024-09-24T13:01:26.058+0000] {base.py:271} INFO - POST http://elasticsearch:9200/final_projects/_doc [status:201 request:0.001s]
[2024-09-24T13:01:26.058+0000] {logging_mixin.py:115} INFO - {'_index': 'final_projects', '_type': '_doc', '_id': 'YFAfJJIB9Ge4CN5SVEKo', '_version': 1, 'result': 'created', '_shards': {'total': 2, 'successful': 1, 'failed': 0}, '_seq_no': 499, '_primary_term': 1}
[2024-09-24T13:01:26.059+0000] {base.py:271} INFO - POST http://elasticsearch:9200/final_projects/_doc [status:201 request:0.001s]
[2024-09-24T13:01:26.059+0000] {logging_mixin.py:115} INFO - {'_index': 'final_projects', '_type': '_doc', '_id': 'YVAfJJIB9Ge4CN5SVEKq', '_version': 1, 'result': 'created', '_shards': {'total': 2, 'successful': 1, 'failed': 0}, '_seq_no': 500, '_primary_term': 1}
[2024-09-24T13:01:26.061+0000] {base.py:271} INFO - POST http://elasticsearch:9200/final_projects/_doc [status:201 request:0.001s]
[2024-09-24T13:01:26.061+0000] {logging_mixin.py:115} INFO - {'_index': 'final_projects', '_type': '_doc', '_id': 'YlAfJJIB9Ge4CN5SVEKs', '_version': 1, 'result': 'created', '_shards': {'total': 2, 'successful': 1, 'failed': 0}, '_seq_no': 501, '_primary_term': 1}
[2024-09-24T13:01:26.063+0000] {base.py:271} INFO - POST http://elasticsearch:9200/final_projects/_doc [status:201 request:0.002s]
[2024-09-24T13:01:26.063+0000] {logging_mixin.py:115} INFO - {'_index': 'final_projects', '_type': '_doc', '_id': 'Y1AfJJIB9Ge4CN5SVEKu', '_version': 1, 'result': 'created', '_shards': {'total': 2, 'successful': 1, 'failed': 0}, '_seq_no': 502, '_primary_term': 1}
[2024-09-24T13:01:26.065+0000] {base.py:271} INFO - POST http://elasticsearch:9200/final_projects/_doc [status:201 request:0.002s]
[2024-09-24T13:01:26.065+0000] {logging_mixin.py:115} INFO - {'_index': 'final_projects', '_type': '_doc', '_id': 'ZFAfJJIB9Ge4CN5SVEKw', '_version': 1, 'result': 'created', '_shards': {'total': 2, 'successful': 1, 'failed': 0}, '_seq_no': 503, '_primary_term': 1}
[2024-09-24T13:01:26.067+0000] {base.py:271} INFO - POST http://elasticsearch:9200/final_projects/_doc [status:201 request:0.002s]
[2024-09-24T13:01:26.067+0000] {logging_mixin.py:115} INFO - {'_index': 'final_projects', '_type': '_doc', '_id': 'ZVAfJJIB9Ge4CN5SVEKy', '_version': 1, 'result': 'created', '_shards': {'total': 2, 'successful': 1, 'failed': 0}, '_seq_no': 504, '_primary_term': 1}
[2024-09-24T13:01:26.069+0000] {base.py:271} INFO - POST http://elasticsearch:9200/final_projects/_doc [status:201 request:0.001s]
[2024-09-24T13:01:26.069+0000] {logging_mixin.py:115} INFO - {'_index': 'final_projects', '_type': '_doc', '_id': 'ZlAfJJIB9Ge4CN5SVEK0', '_version': 1, 'result': 'created', '_shards': {'total': 2, 'successful': 1, 'failed': 0}, '_seq_no': 505, '_primary_term': 1}
[2024-09-24T13:01:26.071+0000] {base.py:271} INFO - POST http://elasticsearch:9200/final_projects/_doc [status:201 request:0.002s]
[2024-09-24T13:01:26.071+0000] {logging_mixin.py:115} INFO - {'_index': 'final_projects', '_type': '_doc', '_id': 'Z1AfJJIB9Ge4CN5SVEK1', '_version': 1, 'result': 'created', '_shards': {'total': 2, 'successful': 1, 'failed': 0}, '_seq_no': 506, '_primary_term': 1}
[2024-09-24T13:01:26.073+0000] {base.py:271} INFO - POST http://elasticsearch:9200/final_projects/_doc [status:201 request:0.001s]
[2024-09-24T13:01:26.073+0000] {logging_mixin.py:115} INFO - {'_index': 'final_projects', '_type': '_doc', '_id': 'aFAfJJIB9Ge4CN5SVEK3', '_version': 1, 'result': 'created', '_shards': {'total': 2, 'successful': 1, 'failed': 0}, '_seq_no': 507, '_primary_term': 1}
[2024-09-24T13:01:26.074+0000] {base.py:271} INFO - POST http://elasticsearch:9200/final_projects/_doc [status:201 request:0.001s]
[2024-09-24T13:01:26.075+0000] {logging_mixin.py:115} INFO - {'_index': 'final_projects', '_type': '_doc', '_id': 'aVAfJJIB9Ge4CN5SVEK5', '_version': 1, 'result': 'created', '_shards': {'total': 2, 'successful': 1, 'failed': 0}, '_seq_no': 508, '_primary_term': 1}
[2024-09-24T13:01:26.076+0000] {base.py:271} INFO - POST http://elasticsearch:9200/final_projects/_doc [status:201 request:0.001s]
[2024-09-24T13:01:26.076+0000] {logging_mixin.py:115} INFO - {'_index': 'final_projects', '_type': '_doc', '_id': 'alAfJJIB9Ge4CN5SVEK7', '_version': 1, 'result': 'created', '_shards': {'total': 2, 'successful': 1, 'failed': 0}, '_seq_no': 509, '_primary_term': 1}
[2024-09-24T13:01:26.078+0000] {base.py:271} INFO - POST http://elasticsearch:9200/final_projects/_doc [status:201 request:0.002s]
[2024-09-24T13:01:26.078+0000] {logging_mixin.py:115} INFO - {'_index': 'final_projects', '_type': '_doc', '_id': 'a1AfJJIB9Ge4CN5SVEK9', '_version': 1, 'result': 'created', '_shards': {'total': 2, 'successful': 1, 'failed': 0}, '_seq_no': 510, '_primary_term': 1}
[2024-09-24T13:01:26.080+0000] {base.py:271} INFO - POST http://elasticsearch:9200/final_projects/_doc [status:201 request:0.002s]
[2024-09-24T13:01:26.080+0000] {logging_mixin.py:115} INFO - {'_index': 'final_projects', '_type': '_doc', '_id': 'bFAfJJIB9Ge4CN5SVEK_', '_version': 1, 'result': 'created', '_shards': {'total': 2, 'successful': 1, 'failed': 0}, '_seq_no': 511, '_primary_term': 1}
[2024-09-24T13:01:26.082+0000] {base.py:271} INFO - POST http://elasticsearch:9200/final_projects/_doc [status:201 request:0.001s]
[2024-09-24T13:01:26.082+0000] {logging_mixin.py:115} INFO - {'_index': 'final_projects', '_type': '_doc', '_id': 'bVAfJJIB9Ge4CN5SVELB', '_version': 1, 'result': 'created', '_shards': {'total': 2, 'successful': 1, 'failed': 0}, '_seq_no': 512, '_primary_term': 1}
[2024-09-24T13:01:26.084+0000] {base.py:271} INFO - POST http://elasticsearch:9200/final_projects/_doc [status:201 request:0.001s]
[2024-09-24T13:01:26.084+0000] {logging_mixin.py:115} INFO - {'_index': 'final_projects', '_type': '_doc', '_id': 'blAfJJIB9Ge4CN5SVELD', '_version': 1, 'result': 'created', '_shards': {'total': 2, 'successful': 1, 'failed': 0}, '_seq_no': 513, '_primary_term': 1}
[2024-09-24T13:01:26.086+0000] {base.py:271} INFO - POST http://elasticsearch:9200/final_projects/_doc [status:201 request:0.001s]
[2024-09-24T13:01:26.086+0000] {logging_mixin.py:115} INFO - {'_index': 'final_projects', '_type': '_doc', '_id': 'b1AfJJIB9Ge4CN5SVELE', '_version': 1, 'result': 'created', '_shards': {'total': 2, 'successful': 1, 'failed': 0}, '_seq_no': 514, '_primary_term': 1}
[2024-09-24T13:01:26.087+0000] {base.py:271} INFO - POST http://elasticsearch:9200/final_projects/_doc [status:201 request:0.001s]
[2024-09-24T13:01:26.088+0000] {logging_mixin.py:115} INFO - {'_index': 'final_projects', '_type': '_doc', '_id': 'cFAfJJIB9Ge4CN5SVELG', '_version': 1, 'result': 'created', '_shards': {'total': 2, 'successful': 1, 'failed': 0}, '_seq_no': 515, '_primary_term': 1}
[2024-09-24T13:01:26.089+0000] {base.py:271} INFO - POST http://elasticsearch:9200/final_projects/_doc [status:201 request:0.002s]
[2024-09-24T13:01:26.089+0000] {logging_mixin.py:115} INFO - {'_index': 'final_projects', '_type': '_doc', '_id': 'cVAfJJIB9Ge4CN5SVELI', '_version': 1, 'result': 'created', '_shards': {'total': 2, 'successful': 1, 'failed': 0}, '_seq_no': 516, '_primary_term': 1}
[2024-09-24T13:01:26.091+0000] {base.py:271} INFO - POST http://elasticsearch:9200/final_projects/_doc [status:201 request:0.002s]
[2024-09-24T13:01:26.091+0000] {logging_mixin.py:115} INFO - {'_index': 'final_projects', '_type': '_doc', '_id': 'clAfJJIB9Ge4CN5SVELK', '_version': 1, 'result': 'created', '_shards': {'total': 2, 'successful': 1, 'failed': 0}, '_seq_no': 517, '_primary_term': 1}
[2024-09-24T13:01:26.093+0000] {base.py:271} INFO - POST http://elasticsearch:9200/final_projects/_doc [status:201 request:0.001s]
[2024-09-24T13:01:26.093+0000] {logging_mixin.py:115} INFO - {'_index': 'final_projects', '_type': '_doc', '_id': 'c1AfJJIB9Ge4CN5SVELM', '_version': 1, 'result': 'created', '_shards': {'total': 2, 'successful': 1, 'failed': 0}, '_seq_no': 518, '_primary_term': 1}
[2024-09-24T13:01:26.095+0000] {base.py:271} INFO - POST http://elasticsearch:9200/final_projects/_doc [status:201 request:0.001s]
[2024-09-24T13:01:26.095+0000] {logging_mixin.py:115} INFO - {'_index': 'final_projects', '_type': '_doc', '_id': 'dFAfJJIB9Ge4CN5SVELO', '_version': 1, 'result': 'created', '_shards': {'total': 2, 'successful': 1, 'failed': 0}, '_seq_no': 519, '_primary_term': 1}
[2024-09-24T13:01:26.097+0000] {base.py:271} INFO - POST http://elasticsearch:9200/final_projects/_doc [status:201 request:0.001s]
[2024-09-24T13:01:26.097+0000] {logging_mixin.py:115} INFO - {'_index': 'final_projects', '_type': '_doc', '_id': 'dVAfJJIB9Ge4CN5SVELP', '_version': 1, 'result': 'created', '_shards': {'total': 2, 'successful': 1, 'failed': 0}, '_seq_no': 520, '_primary_term': 1}
[2024-09-24T13:01:26.099+0000] {base.py:271} INFO - POST http://elasticsearch:9200/final_projects/_doc [status:201 request:0.002s]
[2024-09-24T13:01:26.099+0000] {logging_mixin.py:115} INFO - {'_index': 'final_projects', '_type': '_doc', '_id': 'dlAfJJIB9Ge4CN5SVELR', '_version': 1, 'result': 'created', '_shards': {'total': 2, 'successful': 1, 'failed': 0}, '_seq_no': 521, '_primary_term': 1}
[2024-09-24T13:01:26.101+0000] {base.py:271} INFO - POST http://elasticsearch:9200/final_projects/_doc [status:201 request:0.002s]
[2024-09-24T13:01:26.101+0000] {logging_mixin.py:115} INFO - {'_index': 'final_projects', '_type': '_doc', '_id': 'd1AfJJIB9Ge4CN5SVELT', '_version': 1, 'result': 'created', '_shards': {'total': 2, 'successful': 1, 'failed': 0}, '_seq_no': 522, '_primary_term': 1}
[2024-09-24T13:01:26.103+0000] {base.py:271} INFO - POST http://elasticsearch:9200/final_projects/_doc [status:201 request:0.002s]
[2024-09-24T13:01:26.103+0000] {logging_mixin.py:115} INFO - {'_index': 'final_projects', '_type': '_doc', '_id': 'eFAfJJIB9Ge4CN5SVELV', '_version': 1, 'result': 'created', '_shards': {'total': 2, 'successful': 1, 'failed': 0}, '_seq_no': 523, '_primary_term': 1}
[2024-09-24T13:01:26.105+0000] {base.py:271} INFO - POST http://elasticsearch:9200/final_projects/_doc [status:201 request:0.001s]
[2024-09-24T13:01:26.105+0000] {logging_mixin.py:115} INFO - {'_index': 'final_projects', '_type': '_doc', '_id': 'eVAfJJIB9Ge4CN5SVELX', '_version': 1, 'result': 'created', '_shards': {'total': 2, 'successful': 1, 'failed': 0}, '_seq_no': 524, '_primary_term': 1}
[2024-09-24T13:01:26.106+0000] {base.py:271} INFO - POST http://elasticsearch:9200/final_projects/_doc [status:201 request:0.001s]
[2024-09-24T13:01:26.106+0000] {logging_mixin.py:115} INFO - {'_index': 'final_projects', '_type': '_doc', '_id': 'elAfJJIB9Ge4CN5SVELZ', '_version': 1, 'result': 'created', '_shards': {'total': 2, 'successful': 1, 'failed': 0}, '_seq_no': 525, '_primary_term': 1}
[2024-09-24T13:01:26.108+0000] {base.py:271} INFO - POST http://elasticsearch:9200/final_projects/_doc [status:201 request:0.001s]
[2024-09-24T13:01:26.108+0000] {logging_mixin.py:115} INFO - {'_index': 'final_projects', '_type': '_doc', '_id': 'e1AfJJIB9Ge4CN5SVELb', '_version': 1, 'result': 'created', '_shards': {'total': 2, 'successful': 1, 'failed': 0}, '_seq_no': 526, '_primary_term': 1}
[2024-09-24T13:01:26.110+0000] {base.py:271} INFO - POST http://elasticsearch:9200/final_projects/_doc [status:201 request:0.001s]
[2024-09-24T13:01:26.110+0000] {logging_mixin.py:115} INFO - {'_index': 'final_projects', '_type': '_doc', '_id': 'fFAfJJIB9Ge4CN5SVELd', '_version': 1, 'result': 'created', '_shards': {'total': 2, 'successful': 1, 'failed': 0}, '_seq_no': 527, '_primary_term': 1}
[2024-09-24T13:01:26.112+0000] {base.py:271} INFO - POST http://elasticsearch:9200/final_projects/_doc [status:201 request:0.001s]
[2024-09-24T13:01:26.112+0000] {logging_mixin.py:115} INFO - {'_index': 'final_projects', '_type': '_doc', '_id': 'fVAfJJIB9Ge4CN5SVELe', '_version': 1, 'result': 'created', '_shards': {'total': 2, 'successful': 1, 'failed': 0}, '_seq_no': 528, '_primary_term': 1}
[2024-09-24T13:01:26.114+0000] {base.py:271} INFO - POST http://elasticsearch:9200/final_projects/_doc [status:201 request:0.002s]
[2024-09-24T13:01:26.114+0000] {logging_mixin.py:115} INFO - {'_index': 'final_projects', '_type': '_doc', '_id': 'flAfJJIB9Ge4CN5SVELg', '_version': 1, 'result': 'created', '_shards': {'total': 2, 'successful': 1, 'failed': 0}, '_seq_no': 529, '_primary_term': 1}
[2024-09-24T13:01:26.115+0000] {base.py:271} INFO - POST http://elasticsearch:9200/final_projects/_doc [status:201 request:0.001s]
[2024-09-24T13:01:26.115+0000] {logging_mixin.py:115} INFO - {'_index': 'final_projects', '_type': '_doc', '_id': 'f1AfJJIB9Ge4CN5SVELi', '_version': 1, 'result': 'created', '_shards': {'total': 2, 'successful': 1, 'failed': 0}, '_seq_no': 530, '_primary_term': 1}
[2024-09-24T13:01:26.117+0000] {base.py:271} INFO - POST http://elasticsearch:9200/final_projects/_doc [status:201 request:0.001s]
[2024-09-24T13:01:26.117+0000] {logging_mixin.py:115} INFO - {'_index': 'final_projects', '_type': '_doc', '_id': 'gFAfJJIB9Ge4CN5SVELk', '_version': 1, 'result': 'created', '_shards': {'total': 2, 'successful': 1, 'failed': 0}, '_seq_no': 531, '_primary_term': 1}
[2024-09-24T13:01:26.119+0000] {base.py:271} INFO - POST http://elasticsearch:9200/final_projects/_doc [status:201 request:0.002s]
[2024-09-24T13:01:26.119+0000] {logging_mixin.py:115} INFO - {'_index': 'final_projects', '_type': '_doc', '_id': 'gVAfJJIB9Ge4CN5SVELm', '_version': 1, 'result': 'created', '_shards': {'total': 2, 'successful': 1, 'failed': 0}, '_seq_no': 532, '_primary_term': 1}
[2024-09-24T13:01:26.120+0000] {base.py:271} INFO - POST http://elasticsearch:9200/final_projects/_doc [status:201 request:0.001s]
[2024-09-24T13:01:26.120+0000] {logging_mixin.py:115} INFO - {'_index': 'final_projects', '_type': '_doc', '_id': 'glAfJJIB9Ge4CN5SVELn', '_version': 1, 'result': 'created', '_shards': {'total': 2, 'successful': 1, 'failed': 0}, '_seq_no': 533, '_primary_term': 1}
[2024-09-24T13:01:26.122+0000] {base.py:271} INFO - POST http://elasticsearch:9200/final_projects/_doc [status:201 request:0.001s]
[2024-09-24T13:01:26.122+0000] {logging_mixin.py:115} INFO - {'_index': 'final_projects', '_type': '_doc', '_id': 'g1AfJJIB9Ge4CN5SVELp', '_version': 1, 'result': 'created', '_shards': {'total': 2, 'successful': 1, 'failed': 0}, '_seq_no': 534, '_primary_term': 1}
[2024-09-24T13:01:26.124+0000] {base.py:271} INFO - POST http://elasticsearch:9200/final_projects/_doc [status:201 request:0.001s]
[2024-09-24T13:01:26.124+0000] {logging_mixin.py:115} INFO - {'_index': 'final_projects', '_type': '_doc', '_id': 'hFAfJJIB9Ge4CN5SVELr', '_version': 1, 'result': 'created', '_shards': {'total': 2, 'successful': 1, 'failed': 0}, '_seq_no': 535, '_primary_term': 1}
[2024-09-24T13:01:26.126+0000] {base.py:271} INFO - POST http://elasticsearch:9200/final_projects/_doc [status:201 request:0.001s]
[2024-09-24T13:01:26.126+0000] {logging_mixin.py:115} INFO - {'_index': 'final_projects', '_type': '_doc', '_id': 'hVAfJJIB9Ge4CN5SVELs', '_version': 1, 'result': 'created', '_shards': {'total': 2, 'successful': 1, 'failed': 0}, '_seq_no': 536, '_primary_term': 1}
[2024-09-24T13:01:26.127+0000] {base.py:271} INFO - POST http://elasticsearch:9200/final_projects/_doc [status:201 request:0.001s]
[2024-09-24T13:01:26.127+0000] {logging_mixin.py:115} INFO - {'_index': 'final_projects', '_type': '_doc', '_id': 'hlAfJJIB9Ge4CN5SVELu', '_version': 1, 'result': 'created', '_shards': {'total': 2, 'successful': 1, 'failed': 0}, '_seq_no': 537, '_primary_term': 1}
[2024-09-24T13:01:26.129+0000] {base.py:271} INFO - POST http://elasticsearch:9200/final_projects/_doc [status:201 request:0.001s]
[2024-09-24T13:01:26.129+0000] {logging_mixin.py:115} INFO - {'_index': 'final_projects', '_type': '_doc', '_id': 'h1AfJJIB9Ge4CN5SVELw', '_version': 1, 'result': 'created', '_shards': {'total': 2, 'successful': 1, 'failed': 0}, '_seq_no': 538, '_primary_term': 1}
[2024-09-24T13:01:26.131+0000] {base.py:271} INFO - POST http://elasticsearch:9200/final_projects/_doc [status:201 request:0.001s]
[2024-09-24T13:01:26.131+0000] {logging_mixin.py:115} INFO - {'_index': 'final_projects', '_type': '_doc', '_id': 'iFAfJJIB9Ge4CN5SVELx', '_version': 1, 'result': 'created', '_shards': {'total': 2, 'successful': 1, 'failed': 0}, '_seq_no': 539, '_primary_term': 1}
[2024-09-24T13:01:26.132+0000] {base.py:271} INFO - POST http://elasticsearch:9200/final_projects/_doc [status:201 request:0.001s]
[2024-09-24T13:01:26.133+0000] {logging_mixin.py:115} INFO - {'_index': 'final_projects', '_type': '_doc', '_id': 'iVAfJJIB9Ge4CN5SVELz', '_version': 1, 'result': 'created', '_shards': {'total': 2, 'successful': 1, 'failed': 0}, '_seq_no': 540, '_primary_term': 1}
[2024-09-24T13:01:26.134+0000] {base.py:271} INFO - POST http://elasticsearch:9200/final_projects/_doc [status:201 request:0.001s]
[2024-09-24T13:01:26.134+0000] {logging_mixin.py:115} INFO - {'_index': 'final_projects', '_type': '_doc', '_id': 'ilAfJJIB9Ge4CN5SVEL1', '_version': 1, 'result': 'created', '_shards': {'total': 2, 'successful': 1, 'failed': 0}, '_seq_no': 541, '_primary_term': 1}
[2024-09-24T13:01:26.136+0000] {base.py:271} INFO - POST http://elasticsearch:9200/final_projects/_doc [status:201 request:0.001s]
[2024-09-24T13:01:26.136+0000] {logging_mixin.py:115} INFO - {'_index': 'final_projects', '_type': '_doc', '_id': 'i1AfJJIB9Ge4CN5SVEL3', '_version': 1, 'result': 'created', '_shards': {'total': 2, 'successful': 1, 'failed': 0}, '_seq_no': 542, '_primary_term': 1}
[2024-09-24T13:01:26.138+0000] {base.py:271} INFO - POST http://elasticsearch:9200/final_projects/_doc [status:201 request:0.002s]
[2024-09-24T13:01:26.138+0000] {logging_mixin.py:115} INFO - {'_index': 'final_projects', '_type': '_doc', '_id': 'jFAfJJIB9Ge4CN5SVEL4', '_version': 1, 'result': 'created', '_shards': {'total': 2, 'successful': 1, 'failed': 0}, '_seq_no': 543, '_primary_term': 1}
[2024-09-24T13:01:26.139+0000] {base.py:271} INFO - POST http://elasticsearch:9200/final_projects/_doc [status:201 request:0.001s]
[2024-09-24T13:01:26.139+0000] {logging_mixin.py:115} INFO - {'_index': 'final_projects', '_type': '_doc', '_id': 'jVAfJJIB9Ge4CN5SVEL6', '_version': 1, 'result': 'created', '_shards': {'total': 2, 'successful': 1, 'failed': 0}, '_seq_no': 544, '_primary_term': 1}
[2024-09-24T13:01:26.141+0000] {base.py:271} INFO - POST http://elasticsearch:9200/final_projects/_doc [status:201 request:0.001s]
[2024-09-24T13:01:26.141+0000] {logging_mixin.py:115} INFO - {'_index': 'final_projects', '_type': '_doc', '_id': 'jlAfJJIB9Ge4CN5SVEL8', '_version': 1, 'result': 'created', '_shards': {'total': 2, 'successful': 1, 'failed': 0}, '_seq_no': 545, '_primary_term': 1}
[2024-09-24T13:01:26.143+0000] {base.py:271} INFO - POST http://elasticsearch:9200/final_projects/_doc [status:201 request:0.001s]
[2024-09-24T13:01:26.143+0000] {logging_mixin.py:115} INFO - {'_index': 'final_projects', '_type': '_doc', '_id': 'j1AfJJIB9Ge4CN5SVEL-', '_version': 1, 'result': 'created', '_shards': {'total': 2, 'successful': 1, 'failed': 0}, '_seq_no': 546, '_primary_term': 1}
[2024-09-24T13:01:26.144+0000] {base.py:271} INFO - POST http://elasticsearch:9200/final_projects/_doc [status:201 request:0.001s]
[2024-09-24T13:01:26.144+0000] {logging_mixin.py:115} INFO - {'_index': 'final_projects', '_type': '_doc', '_id': 'kFAfJJIB9Ge4CN5SVEL_', '_version': 1, 'result': 'created', '_shards': {'total': 2, 'successful': 1, 'failed': 0}, '_seq_no': 547, '_primary_term': 1}
[2024-09-24T13:01:26.146+0000] {base.py:271} INFO - POST http://elasticsearch:9200/final_projects/_doc [status:201 request:0.002s]
[2024-09-24T13:01:26.146+0000] {logging_mixin.py:115} INFO - {'_index': 'final_projects', '_type': '_doc', '_id': 'kVAfJJIB9Ge4CN5SVUIB', '_version': 1, 'result': 'created', '_shards': {'total': 2, 'successful': 1, 'failed': 0}, '_seq_no': 548, '_primary_term': 1}
[2024-09-24T13:01:26.148+0000] {base.py:271} INFO - POST http://elasticsearch:9200/final_projects/_doc [status:201 request:0.001s]
[2024-09-24T13:01:26.148+0000] {logging_mixin.py:115} INFO - {'_index': 'final_projects', '_type': '_doc', '_id': 'klAfJJIB9Ge4CN5SVUID', '_version': 1, 'result': 'created', '_shards': {'total': 2, 'successful': 1, 'failed': 0}, '_seq_no': 549, '_primary_term': 1}
[2024-09-24T13:01:26.150+0000] {base.py:271} INFO - POST http://elasticsearch:9200/final_projects/_doc [status:201 request:0.002s]
[2024-09-24T13:01:26.150+0000] {logging_mixin.py:115} INFO - {'_index': 'final_projects', '_type': '_doc', '_id': 'k1AfJJIB9Ge4CN5SVUIF', '_version': 1, 'result': 'created', '_shards': {'total': 2, 'successful': 1, 'failed': 0}, '_seq_no': 550, '_primary_term': 1}
[2024-09-24T13:01:26.152+0000] {base.py:271} INFO - POST http://elasticsearch:9200/final_projects/_doc [status:201 request:0.001s]
[2024-09-24T13:01:26.152+0000] {logging_mixin.py:115} INFO - {'_index': 'final_projects', '_type': '_doc', '_id': 'lFAfJJIB9Ge4CN5SVUIH', '_version': 1, 'result': 'created', '_shards': {'total': 2, 'successful': 1, 'failed': 0}, '_seq_no': 551, '_primary_term': 1}
[2024-09-24T13:01:26.153+0000] {base.py:271} INFO - POST http://elasticsearch:9200/final_projects/_doc [status:201 request:0.001s]
[2024-09-24T13:01:26.153+0000] {logging_mixin.py:115} INFO - {'_index': 'final_projects', '_type': '_doc', '_id': 'lVAfJJIB9Ge4CN5SVUII', '_version': 1, 'result': 'created', '_shards': {'total': 2, 'successful': 1, 'failed': 0}, '_seq_no': 552, '_primary_term': 1}
[2024-09-24T13:01:26.155+0000] {base.py:271} INFO - POST http://elasticsearch:9200/final_projects/_doc [status:201 request:0.001s]
[2024-09-24T13:01:26.155+0000] {logging_mixin.py:115} INFO - {'_index': 'final_projects', '_type': '_doc', '_id': 'llAfJJIB9Ge4CN5SVUIK', '_version': 1, 'result': 'created', '_shards': {'total': 2, 'successful': 1, 'failed': 0}, '_seq_no': 553, '_primary_term': 1}
[2024-09-24T13:01:26.157+0000] {base.py:271} INFO - POST http://elasticsearch:9200/final_projects/_doc [status:201 request:0.001s]
[2024-09-24T13:01:26.157+0000] {logging_mixin.py:115} INFO - {'_index': 'final_projects', '_type': '_doc', '_id': 'l1AfJJIB9Ge4CN5SVUIL', '_version': 1, 'result': 'created', '_shards': {'total': 2, 'successful': 1, 'failed': 0}, '_seq_no': 554, '_primary_term': 1}
[2024-09-24T13:01:26.158+0000] {base.py:271} INFO - POST http://elasticsearch:9200/final_projects/_doc [status:201 request:0.001s]
[2024-09-24T13:01:26.158+0000] {logging_mixin.py:115} INFO - {'_index': 'final_projects', '_type': '_doc', '_id': 'mFAfJJIB9Ge4CN5SVUIN', '_version': 1, 'result': 'created', '_shards': {'total': 2, 'successful': 1, 'failed': 0}, '_seq_no': 555, '_primary_term': 1}
[2024-09-24T13:01:26.160+0000] {base.py:271} INFO - POST http://elasticsearch:9200/final_projects/_doc [status:201 request:0.001s]
[2024-09-24T13:01:26.160+0000] {logging_mixin.py:115} INFO - {'_index': 'final_projects', '_type': '_doc', '_id': 'mVAfJJIB9Ge4CN5SVUIP', '_version': 1, 'result': 'created', '_shards': {'total': 2, 'successful': 1, 'failed': 0}, '_seq_no': 556, '_primary_term': 1}
[2024-09-24T13:01:26.161+0000] {base.py:271} INFO - POST http://elasticsearch:9200/final_projects/_doc [status:201 request:0.001s]
[2024-09-24T13:01:26.161+0000] {logging_mixin.py:115} INFO - {'_index': 'final_projects', '_type': '_doc', '_id': 'mlAfJJIB9Ge4CN5SVUIQ', '_version': 1, 'result': 'created', '_shards': {'total': 2, 'successful': 1, 'failed': 0}, '_seq_no': 557, '_primary_term': 1}
[2024-09-24T13:01:26.163+0000] {base.py:271} INFO - POST http://elasticsearch:9200/final_projects/_doc [status:201 request:0.001s]
[2024-09-24T13:01:26.163+0000] {logging_mixin.py:115} INFO - {'_index': 'final_projects', '_type': '_doc', '_id': 'm1AfJJIB9Ge4CN5SVUIS', '_version': 1, 'result': 'created', '_shards': {'total': 2, 'successful': 1, 'failed': 0}, '_seq_no': 558, '_primary_term': 1}
[2024-09-24T13:01:26.164+0000] {base.py:271} INFO - POST http://elasticsearch:9200/final_projects/_doc [status:201 request:0.001s]
[2024-09-24T13:01:26.165+0000] {logging_mixin.py:115} INFO - {'_index': 'final_projects', '_type': '_doc', '_id': 'nFAfJJIB9Ge4CN5SVUIT', '_version': 1, 'result': 'created', '_shards': {'total': 2, 'successful': 1, 'failed': 0}, '_seq_no': 559, '_primary_term': 1}
[2024-09-24T13:01:26.166+0000] {base.py:271} INFO - POST http://elasticsearch:9200/final_projects/_doc [status:201 request:0.001s]
[2024-09-24T13:01:26.166+0000] {logging_mixin.py:115} INFO - {'_index': 'final_projects', '_type': '_doc', '_id': 'nVAfJJIB9Ge4CN5SVUIV', '_version': 1, 'result': 'created', '_shards': {'total': 2, 'successful': 1, 'failed': 0}, '_seq_no': 560, '_primary_term': 1}
[2024-09-24T13:01:26.168+0000] {base.py:271} INFO - POST http://elasticsearch:9200/final_projects/_doc [status:201 request:0.001s]
[2024-09-24T13:01:26.168+0000] {logging_mixin.py:115} INFO - {'_index': 'final_projects', '_type': '_doc', '_id': 'nlAfJJIB9Ge4CN5SVUIX', '_version': 1, 'result': 'created', '_shards': {'total': 2, 'successful': 1, 'failed': 0}, '_seq_no': 561, '_primary_term': 1}
[2024-09-24T13:01:26.169+0000] {base.py:271} INFO - POST http://elasticsearch:9200/final_projects/_doc [status:201 request:0.001s]
[2024-09-24T13:01:26.170+0000] {logging_mixin.py:115} INFO - {'_index': 'final_projects', '_type': '_doc', '_id': 'n1AfJJIB9Ge4CN5SVUIY', '_version': 1, 'result': 'created', '_shards': {'total': 2, 'successful': 1, 'failed': 0}, '_seq_no': 562, '_primary_term': 1}
[2024-09-24T13:01:26.171+0000] {base.py:271} INFO - POST http://elasticsearch:9200/final_projects/_doc [status:201 request:0.001s]
[2024-09-24T13:01:26.171+0000] {logging_mixin.py:115} INFO - {'_index': 'final_projects', '_type': '_doc', '_id': 'oFAfJJIB9Ge4CN5SVUIa', '_version': 1, 'result': 'created', '_shards': {'total': 2, 'successful': 1, 'failed': 0}, '_seq_no': 563, '_primary_term': 1}
[2024-09-24T13:01:26.173+0000] {base.py:271} INFO - POST http://elasticsearch:9200/final_projects/_doc [status:201 request:0.001s]
[2024-09-24T13:01:26.173+0000] {logging_mixin.py:115} INFO - {'_index': 'final_projects', '_type': '_doc', '_id': 'oVAfJJIB9Ge4CN5SVUIc', '_version': 1, 'result': 'created', '_shards': {'total': 2, 'successful': 1, 'failed': 0}, '_seq_no': 564, '_primary_term': 1}
[2024-09-24T13:01:26.175+0000] {base.py:271} INFO - POST http://elasticsearch:9200/final_projects/_doc [status:201 request:0.001s]
[2024-09-24T13:01:26.175+0000] {logging_mixin.py:115} INFO - {'_index': 'final_projects', '_type': '_doc', '_id': 'olAfJJIB9Ge4CN5SVUIe', '_version': 1, 'result': 'created', '_shards': {'total': 2, 'successful': 1, 'failed': 0}, '_seq_no': 565, '_primary_term': 1}
[2024-09-24T13:01:26.176+0000] {base.py:271} INFO - POST http://elasticsearch:9200/final_projects/_doc [status:201 request:0.001s]
[2024-09-24T13:01:26.177+0000] {logging_mixin.py:115} INFO - {'_index': 'final_projects', '_type': '_doc', '_id': 'o1AfJJIB9Ge4CN5SVUIf', '_version': 1, 'result': 'created', '_shards': {'total': 2, 'successful': 1, 'failed': 0}, '_seq_no': 566, '_primary_term': 1}
[2024-09-24T13:01:26.178+0000] {base.py:271} INFO - POST http://elasticsearch:9200/final_projects/_doc [status:201 request:0.001s]
[2024-09-24T13:01:26.178+0000] {logging_mixin.py:115} INFO - {'_index': 'final_projects', '_type': '_doc', '_id': 'pFAfJJIB9Ge4CN5SVUIh', '_version': 1, 'result': 'created', '_shards': {'total': 2, 'successful': 1, 'failed': 0}, '_seq_no': 567, '_primary_term': 1}
[2024-09-24T13:01:26.180+0000] {base.py:271} INFO - POST http://elasticsearch:9200/final_projects/_doc [status:201 request:0.001s]
[2024-09-24T13:01:26.180+0000] {logging_mixin.py:115} INFO - {'_index': 'final_projects', '_type': '_doc', '_id': 'pVAfJJIB9Ge4CN5SVUIj', '_version': 1, 'result': 'created', '_shards': {'total': 2, 'successful': 1, 'failed': 0}, '_seq_no': 568, '_primary_term': 1}
[2024-09-24T13:01:26.181+0000] {base.py:271} INFO - POST http://elasticsearch:9200/final_projects/_doc [status:201 request:0.001s]
[2024-09-24T13:01:26.181+0000] {logging_mixin.py:115} INFO - {'_index': 'final_projects', '_type': '_doc', '_id': 'plAfJJIB9Ge4CN5SVUIk', '_version': 1, 'result': 'created', '_shards': {'total': 2, 'successful': 1, 'failed': 0}, '_seq_no': 569, '_primary_term': 1}
[2024-09-24T13:01:26.183+0000] {base.py:271} INFO - POST http://elasticsearch:9200/final_projects/_doc [status:201 request:0.001s]
[2024-09-24T13:01:26.183+0000] {logging_mixin.py:115} INFO - {'_index': 'final_projects', '_type': '_doc', '_id': 'p1AfJJIB9Ge4CN5SVUIm', '_version': 1, 'result': 'created', '_shards': {'total': 2, 'successful': 1, 'failed': 0}, '_seq_no': 570, '_primary_term': 1}
[2024-09-24T13:01:26.186+0000] {base.py:271} INFO - POST http://elasticsearch:9200/final_projects/_doc [status:201 request:0.003s]
[2024-09-24T13:01:26.186+0000] {logging_mixin.py:115} INFO - {'_index': 'final_projects', '_type': '_doc', '_id': 'qFAfJJIB9Ge4CN5SVUIo', '_version': 1, 'result': 'created', '_shards': {'total': 2, 'successful': 1, 'failed': 0}, '_seq_no': 571, '_primary_term': 1}
[2024-09-24T13:01:26.195+0000] {base.py:271} INFO - POST http://elasticsearch:9200/final_projects/_doc [status:201 request:0.009s]
[2024-09-24T13:01:26.195+0000] {logging_mixin.py:115} INFO - {'_index': 'final_projects', '_type': '_doc', '_id': 'qVAfJJIB9Ge4CN5SVUIy', '_version': 1, 'result': 'created', '_shards': {'total': 2, 'successful': 1, 'failed': 0}, '_seq_no': 572, '_primary_term': 1}
[2024-09-24T13:01:26.197+0000] {base.py:271} INFO - POST http://elasticsearch:9200/final_projects/_doc [status:201 request:0.002s]
[2024-09-24T13:01:26.198+0000] {logging_mixin.py:115} INFO - {'_index': 'final_projects', '_type': '_doc', '_id': 'qlAfJJIB9Ge4CN5SVUI0', '_version': 1, 'result': 'created', '_shards': {'total': 2, 'successful': 1, 'failed': 0}, '_seq_no': 573, '_primary_term': 1}
[2024-09-24T13:01:26.199+0000] {base.py:271} INFO - POST http://elasticsearch:9200/final_projects/_doc [status:201 request:0.001s]
[2024-09-24T13:01:26.199+0000] {logging_mixin.py:115} INFO - {'_index': 'final_projects', '_type': '_doc', '_id': 'q1AfJJIB9Ge4CN5SVUI2', '_version': 1, 'result': 'created', '_shards': {'total': 2, 'successful': 1, 'failed': 0}, '_seq_no': 574, '_primary_term': 1}
[2024-09-24T13:01:26.201+0000] {base.py:271} INFO - POST http://elasticsearch:9200/final_projects/_doc [status:201 request:0.001s]
[2024-09-24T13:01:26.201+0000] {logging_mixin.py:115} INFO - {'_index': 'final_projects', '_type': '_doc', '_id': 'rFAfJJIB9Ge4CN5SVUI4', '_version': 1, 'result': 'created', '_shards': {'total': 2, 'successful': 1, 'failed': 0}, '_seq_no': 575, '_primary_term': 1}
[2024-09-24T13:01:26.202+0000] {base.py:271} INFO - POST http://elasticsearch:9200/final_projects/_doc [status:201 request:0.001s]
[2024-09-24T13:01:26.202+0000] {logging_mixin.py:115} INFO - {'_index': 'final_projects', '_type': '_doc', '_id': 'rVAfJJIB9Ge4CN5SVUI5', '_version': 1, 'result': 'created', '_shards': {'total': 2, 'successful': 1, 'failed': 0}, '_seq_no': 576, '_primary_term': 1}
[2024-09-24T13:01:26.204+0000] {base.py:271} INFO - POST http://elasticsearch:9200/final_projects/_doc [status:201 request:0.001s]
[2024-09-24T13:01:26.204+0000] {logging_mixin.py:115} INFO - {'_index': 'final_projects', '_type': '_doc', '_id': 'rlAfJJIB9Ge4CN5SVUI7', '_version': 1, 'result': 'created', '_shards': {'total': 2, 'successful': 1, 'failed': 0}, '_seq_no': 577, '_primary_term': 1}
[2024-09-24T13:01:26.205+0000] {base.py:271} INFO - POST http://elasticsearch:9200/final_projects/_doc [status:201 request:0.001s]
[2024-09-24T13:01:26.205+0000] {logging_mixin.py:115} INFO - {'_index': 'final_projects', '_type': '_doc', '_id': 'r1AfJJIB9Ge4CN5SVUI8', '_version': 1, 'result': 'created', '_shards': {'total': 2, 'successful': 1, 'failed': 0}, '_seq_no': 578, '_primary_term': 1}
[2024-09-24T13:01:26.207+0000] {base.py:271} INFO - POST http://elasticsearch:9200/final_projects/_doc [status:201 request:0.001s]
[2024-09-24T13:01:26.207+0000] {logging_mixin.py:115} INFO - {'_index': 'final_projects', '_type': '_doc', '_id': 'sFAfJJIB9Ge4CN5SVUI-', '_version': 1, 'result': 'created', '_shards': {'total': 2, 'successful': 1, 'failed': 0}, '_seq_no': 579, '_primary_term': 1}
[2024-09-24T13:01:26.208+0000] {base.py:271} INFO - POST http://elasticsearch:9200/final_projects/_doc [status:201 request:0.001s]
[2024-09-24T13:01:26.208+0000] {logging_mixin.py:115} INFO - {'_index': 'final_projects', '_type': '_doc', '_id': 'sVAfJJIB9Ge4CN5SVUI_', '_version': 1, 'result': 'created', '_shards': {'total': 2, 'successful': 1, 'failed': 0}, '_seq_no': 580, '_primary_term': 1}
[2024-09-24T13:01:26.210+0000] {base.py:271} INFO - POST http://elasticsearch:9200/final_projects/_doc [status:201 request:0.001s]
[2024-09-24T13:01:26.210+0000] {logging_mixin.py:115} INFO - {'_index': 'final_projects', '_type': '_doc', '_id': 'slAfJJIB9Ge4CN5SVUJB', '_version': 1, 'result': 'created', '_shards': {'total': 2, 'successful': 1, 'failed': 0}, '_seq_no': 581, '_primary_term': 1}
[2024-09-24T13:01:26.211+0000] {base.py:271} INFO - POST http://elasticsearch:9200/final_projects/_doc [status:201 request:0.001s]
[2024-09-24T13:01:26.211+0000] {logging_mixin.py:115} INFO - {'_index': 'final_projects', '_type': '_doc', '_id': 's1AfJJIB9Ge4CN5SVUJC', '_version': 1, 'result': 'created', '_shards': {'total': 2, 'successful': 1, 'failed': 0}, '_seq_no': 582, '_primary_term': 1}
[2024-09-24T13:01:26.213+0000] {base.py:271} INFO - POST http://elasticsearch:9200/final_projects/_doc [status:201 request:0.001s]
[2024-09-24T13:01:26.213+0000] {logging_mixin.py:115} INFO - {'_index': 'final_projects', '_type': '_doc', '_id': 'tFAfJJIB9Ge4CN5SVUJE', '_version': 1, 'result': 'created', '_shards': {'total': 2, 'successful': 1, 'failed': 0}, '_seq_no': 583, '_primary_term': 1}
[2024-09-24T13:01:26.214+0000] {base.py:271} INFO - POST http://elasticsearch:9200/final_projects/_doc [status:201 request:0.001s]
[2024-09-24T13:01:26.215+0000] {logging_mixin.py:115} INFO - {'_index': 'final_projects', '_type': '_doc', '_id': 'tVAfJJIB9Ge4CN5SVUJF', '_version': 1, 'result': 'created', '_shards': {'total': 2, 'successful': 1, 'failed': 0}, '_seq_no': 584, '_primary_term': 1}
[2024-09-24T13:01:26.216+0000] {base.py:271} INFO - POST http://elasticsearch:9200/final_projects/_doc [status:201 request:0.001s]
[2024-09-24T13:01:26.216+0000] {logging_mixin.py:115} INFO - {'_index': 'final_projects', '_type': '_doc', '_id': 'tlAfJJIB9Ge4CN5SVUJH', '_version': 1, 'result': 'created', '_shards': {'total': 2, 'successful': 1, 'failed': 0}, '_seq_no': 585, '_primary_term': 1}
[2024-09-24T13:01:26.218+0000] {base.py:271} INFO - POST http://elasticsearch:9200/final_projects/_doc [status:201 request:0.001s]
[2024-09-24T13:01:26.218+0000] {logging_mixin.py:115} INFO - {'_index': 'final_projects', '_type': '_doc', '_id': 't1AfJJIB9Ge4CN5SVUJJ', '_version': 1, 'result': 'created', '_shards': {'total': 2, 'successful': 1, 'failed': 0}, '_seq_no': 586, '_primary_term': 1}
[2024-09-24T13:01:26.220+0000] {base.py:271} INFO - POST http://elasticsearch:9200/final_projects/_doc [status:201 request:0.001s]
[2024-09-24T13:01:26.220+0000] {logging_mixin.py:115} INFO - {'_index': 'final_projects', '_type': '_doc', '_id': 'uFAfJJIB9Ge4CN5SVUJK', '_version': 1, 'result': 'created', '_shards': {'total': 2, 'successful': 1, 'failed': 0}, '_seq_no': 587, '_primary_term': 1}
[2024-09-24T13:01:26.221+0000] {base.py:271} INFO - POST http://elasticsearch:9200/final_projects/_doc [status:201 request:0.001s]
[2024-09-24T13:01:26.221+0000] {logging_mixin.py:115} INFO - {'_index': 'final_projects', '_type': '_doc', '_id': 'uVAfJJIB9Ge4CN5SVUJM', '_version': 1, 'result': 'created', '_shards': {'total': 2, 'successful': 1, 'failed': 0}, '_seq_no': 588, '_primary_term': 1}
[2024-09-24T13:01:26.223+0000] {base.py:271} INFO - POST http://elasticsearch:9200/final_projects/_doc [status:201 request:0.001s]
[2024-09-24T13:01:26.223+0000] {logging_mixin.py:115} INFO - {'_index': 'final_projects', '_type': '_doc', '_id': 'ulAfJJIB9Ge4CN5SVUJO', '_version': 1, 'result': 'created', '_shards': {'total': 2, 'successful': 1, 'failed': 0}, '_seq_no': 589, '_primary_term': 1}
[2024-09-24T13:01:26.225+0000] {base.py:271} INFO - POST http://elasticsearch:9200/final_projects/_doc [status:201 request:0.001s]
[2024-09-24T13:01:26.225+0000] {logging_mixin.py:115} INFO - {'_index': 'final_projects', '_type': '_doc', '_id': 'u1AfJJIB9Ge4CN5SVUJQ', '_version': 1, 'result': 'created', '_shards': {'total': 2, 'successful': 1, 'failed': 0}, '_seq_no': 590, '_primary_term': 1}
[2024-09-24T13:01:26.226+0000] {base.py:271} INFO - POST http://elasticsearch:9200/final_projects/_doc [status:201 request:0.001s]
[2024-09-24T13:01:26.226+0000] {logging_mixin.py:115} INFO - {'_index': 'final_projects', '_type': '_doc', '_id': 'vFAfJJIB9Ge4CN5SVUJR', '_version': 1, 'result': 'created', '_shards': {'total': 2, 'successful': 1, 'failed': 0}, '_seq_no': 591, '_primary_term': 1}
[2024-09-24T13:01:26.228+0000] {base.py:271} INFO - POST http://elasticsearch:9200/final_projects/_doc [status:201 request:0.001s]
[2024-09-24T13:01:26.228+0000] {logging_mixin.py:115} INFO - {'_index': 'final_projects', '_type': '_doc', '_id': 'vVAfJJIB9Ge4CN5SVUJT', '_version': 1, 'result': 'created', '_shards': {'total': 2, 'successful': 1, 'failed': 0}, '_seq_no': 592, '_primary_term': 1}
[2024-09-24T13:01:26.230+0000] {base.py:271} INFO - POST http://elasticsearch:9200/final_projects/_doc [status:201 request:0.001s]
[2024-09-24T13:01:26.230+0000] {logging_mixin.py:115} INFO - {'_index': 'final_projects', '_type': '_doc', '_id': 'vlAfJJIB9Ge4CN5SVUJU', '_version': 1, 'result': 'created', '_shards': {'total': 2, 'successful': 1, 'failed': 0}, '_seq_no': 593, '_primary_term': 1}
[2024-09-24T13:01:26.231+0000] {base.py:271} INFO - POST http://elasticsearch:9200/final_projects/_doc [status:201 request:0.001s]
[2024-09-24T13:01:26.231+0000] {logging_mixin.py:115} INFO - {'_index': 'final_projects', '_type': '_doc', '_id': 'v1AfJJIB9Ge4CN5SVUJW', '_version': 1, 'result': 'created', '_shards': {'total': 2, 'successful': 1, 'failed': 0}, '_seq_no': 594, '_primary_term': 1}
[2024-09-24T13:01:26.233+0000] {base.py:271} INFO - POST http://elasticsearch:9200/final_projects/_doc [status:201 request:0.001s]
[2024-09-24T13:01:26.233+0000] {logging_mixin.py:115} INFO - {'_index': 'final_projects', '_type': '_doc', '_id': 'wFAfJJIB9Ge4CN5SVUJY', '_version': 1, 'result': 'created', '_shards': {'total': 2, 'successful': 1, 'failed': 0}, '_seq_no': 595, '_primary_term': 1}
[2024-09-24T13:01:26.235+0000] {base.py:271} INFO - POST http://elasticsearch:9200/final_projects/_doc [status:201 request:0.002s]
[2024-09-24T13:01:26.235+0000] {logging_mixin.py:115} INFO - {'_index': 'final_projects', '_type': '_doc', '_id': 'wVAfJJIB9Ge4CN5SVUJZ', '_version': 1, 'result': 'created', '_shards': {'total': 2, 'successful': 1, 'failed': 0}, '_seq_no': 596, '_primary_term': 1}
[2024-09-24T13:01:26.237+0000] {base.py:271} INFO - POST http://elasticsearch:9200/final_projects/_doc [status:201 request:0.001s]
[2024-09-24T13:01:26.237+0000] {logging_mixin.py:115} INFO - {'_index': 'final_projects', '_type': '_doc', '_id': 'wlAfJJIB9Ge4CN5SVUJb', '_version': 1, 'result': 'created', '_shards': {'total': 2, 'successful': 1, 'failed': 0}, '_seq_no': 597, '_primary_term': 1}
[2024-09-24T13:01:26.238+0000] {base.py:271} INFO - POST http://elasticsearch:9200/final_projects/_doc [status:201 request:0.001s]
[2024-09-24T13:01:26.238+0000] {logging_mixin.py:115} INFO - {'_index': 'final_projects', '_type': '_doc', '_id': 'w1AfJJIB9Ge4CN5SVUJd', '_version': 1, 'result': 'created', '_shards': {'total': 2, 'successful': 1, 'failed': 0}, '_seq_no': 598, '_primary_term': 1}
[2024-09-24T13:01:26.240+0000] {base.py:271} INFO - POST http://elasticsearch:9200/final_projects/_doc [status:201 request:0.001s]
[2024-09-24T13:01:26.240+0000] {logging_mixin.py:115} INFO - {'_index': 'final_projects', '_type': '_doc', '_id': 'xFAfJJIB9Ge4CN5SVUJf', '_version': 1, 'result': 'created', '_shards': {'total': 2, 'successful': 1, 'failed': 0}, '_seq_no': 599, '_primary_term': 1}
[2024-09-24T13:01:26.242+0000] {base.py:271} INFO - POST http://elasticsearch:9200/final_projects/_doc [status:201 request:0.001s]
[2024-09-24T13:01:26.242+0000] {logging_mixin.py:115} INFO - {'_index': 'final_projects', '_type': '_doc', '_id': 'xVAfJJIB9Ge4CN5SVUJh', '_version': 1, 'result': 'created', '_shards': {'total': 2, 'successful': 1, 'failed': 0}, '_seq_no': 600, '_primary_term': 1}
[2024-09-24T13:01:26.244+0000] {base.py:271} INFO - POST http://elasticsearch:9200/final_projects/_doc [status:201 request:0.001s]
[2024-09-24T13:01:26.244+0000] {logging_mixin.py:115} INFO - {'_index': 'final_projects', '_type': '_doc', '_id': 'xlAfJJIB9Ge4CN5SVUJi', '_version': 1, 'result': 'created', '_shards': {'total': 2, 'successful': 1, 'failed': 0}, '_seq_no': 601, '_primary_term': 1}
[2024-09-24T13:01:26.245+0000] {base.py:271} INFO - POST http://elasticsearch:9200/final_projects/_doc [status:201 request:0.002s]
[2024-09-24T13:01:26.246+0000] {logging_mixin.py:115} INFO - {'_index': 'final_projects', '_type': '_doc', '_id': 'x1AfJJIB9Ge4CN5SVUJk', '_version': 1, 'result': 'created', '_shards': {'total': 2, 'successful': 1, 'failed': 0}, '_seq_no': 602, '_primary_term': 1}
[2024-09-24T13:01:26.247+0000] {base.py:271} INFO - POST http://elasticsearch:9200/final_projects/_doc [status:201 request:0.001s]
[2024-09-24T13:01:26.247+0000] {logging_mixin.py:115} INFO - {'_index': 'final_projects', '_type': '_doc', '_id': 'yFAfJJIB9Ge4CN5SVUJm', '_version': 1, 'result': 'created', '_shards': {'total': 2, 'successful': 1, 'failed': 0}, '_seq_no': 603, '_primary_term': 1}
[2024-09-24T13:01:26.249+0000] {base.py:271} INFO - POST http://elasticsearch:9200/final_projects/_doc [status:201 request:0.001s]
[2024-09-24T13:01:26.249+0000] {logging_mixin.py:115} INFO - {'_index': 'final_projects', '_type': '_doc', '_id': 'yVAfJJIB9Ge4CN5SVUJo', '_version': 1, 'result': 'created', '_shards': {'total': 2, 'successful': 1, 'failed': 0}, '_seq_no': 604, '_primary_term': 1}
[2024-09-24T13:01:26.250+0000] {base.py:271} INFO - POST http://elasticsearch:9200/final_projects/_doc [status:201 request:0.001s]
[2024-09-24T13:01:26.251+0000] {logging_mixin.py:115} INFO - {'_index': 'final_projects', '_type': '_doc', '_id': 'ylAfJJIB9Ge4CN5SVUJp', '_version': 1, 'result': 'created', '_shards': {'total': 2, 'successful': 1, 'failed': 0}, '_seq_no': 605, '_primary_term': 1}
[2024-09-24T13:01:26.252+0000] {base.py:271} INFO - POST http://elasticsearch:9200/final_projects/_doc [status:201 request:0.001s]
[2024-09-24T13:01:26.252+0000] {logging_mixin.py:115} INFO - {'_index': 'final_projects', '_type': '_doc', '_id': 'y1AfJJIB9Ge4CN5SVUJr', '_version': 1, 'result': 'created', '_shards': {'total': 2, 'successful': 1, 'failed': 0}, '_seq_no': 606, '_primary_term': 1}
[2024-09-24T13:01:26.254+0000] {base.py:271} INFO - POST http://elasticsearch:9200/final_projects/_doc [status:201 request:0.001s]
[2024-09-24T13:01:26.254+0000] {logging_mixin.py:115} INFO - {'_index': 'final_projects', '_type': '_doc', '_id': 'zFAfJJIB9Ge4CN5SVUJt', '_version': 1, 'result': 'created', '_shards': {'total': 2, 'successful': 1, 'failed': 0}, '_seq_no': 607, '_primary_term': 1}
[2024-09-24T13:01:26.256+0000] {base.py:271} INFO - POST http://elasticsearch:9200/final_projects/_doc [status:201 request:0.001s]
[2024-09-24T13:01:26.256+0000] {logging_mixin.py:115} INFO - {'_index': 'final_projects', '_type': '_doc', '_id': 'zVAfJJIB9Ge4CN5SVUJv', '_version': 1, 'result': 'created', '_shards': {'total': 2, 'successful': 1, 'failed': 0}, '_seq_no': 608, '_primary_term': 1}
[2024-09-24T13:01:26.258+0000] {base.py:271} INFO - POST http://elasticsearch:9200/final_projects/_doc [status:201 request:0.001s]
[2024-09-24T13:01:26.258+0000] {logging_mixin.py:115} INFO - {'_index': 'final_projects', '_type': '_doc', '_id': 'zlAfJJIB9Ge4CN5SVUJw', '_version': 1, 'result': 'created', '_shards': {'total': 2, 'successful': 1, 'failed': 0}, '_seq_no': 609, '_primary_term': 1}
[2024-09-24T13:01:26.259+0000] {base.py:271} INFO - POST http://elasticsearch:9200/final_projects/_doc [status:201 request:0.001s]
[2024-09-24T13:01:26.259+0000] {logging_mixin.py:115} INFO - {'_index': 'final_projects', '_type': '_doc', '_id': 'z1AfJJIB9Ge4CN5SVUJy', '_version': 1, 'result': 'created', '_shards': {'total': 2, 'successful': 1, 'failed': 0}, '_seq_no': 610, '_primary_term': 1}
[2024-09-24T13:01:26.261+0000] {base.py:271} INFO - POST http://elasticsearch:9200/final_projects/_doc [status:201 request:0.001s]
[2024-09-24T13:01:26.261+0000] {logging_mixin.py:115} INFO - {'_index': 'final_projects', '_type': '_doc', '_id': '0FAfJJIB9Ge4CN5SVUJ0', '_version': 1, 'result': 'created', '_shards': {'total': 2, 'successful': 1, 'failed': 0}, '_seq_no': 611, '_primary_term': 1}
[2024-09-24T13:01:26.262+0000] {base.py:271} INFO - POST http://elasticsearch:9200/final_projects/_doc [status:201 request:0.001s]
[2024-09-24T13:01:26.262+0000] {logging_mixin.py:115} INFO - {'_index': 'final_projects', '_type': '_doc', '_id': '0VAfJJIB9Ge4CN5SVUJ1', '_version': 1, 'result': 'created', '_shards': {'total': 2, 'successful': 1, 'failed': 0}, '_seq_no': 612, '_primary_term': 1}
[2024-09-24T13:01:26.264+0000] {base.py:271} INFO - POST http://elasticsearch:9200/final_projects/_doc [status:201 request:0.001s]
[2024-09-24T13:01:26.264+0000] {logging_mixin.py:115} INFO - {'_index': 'final_projects', '_type': '_doc', '_id': '0lAfJJIB9Ge4CN5SVUJ3', '_version': 1, 'result': 'created', '_shards': {'total': 2, 'successful': 1, 'failed': 0}, '_seq_no': 613, '_primary_term': 1}
[2024-09-24T13:01:26.266+0000] {base.py:271} INFO - POST http://elasticsearch:9200/final_projects/_doc [status:201 request:0.001s]
[2024-09-24T13:01:26.266+0000] {logging_mixin.py:115} INFO - {'_index': 'final_projects', '_type': '_doc', '_id': '01AfJJIB9Ge4CN5SVUJ5', '_version': 1, 'result': 'created', '_shards': {'total': 2, 'successful': 1, 'failed': 0}, '_seq_no': 614, '_primary_term': 1}
[2024-09-24T13:01:26.268+0000] {base.py:271} INFO - POST http://elasticsearch:9200/final_projects/_doc [status:201 request:0.002s]
[2024-09-24T13:01:26.268+0000] {logging_mixin.py:115} INFO - {'_index': 'final_projects', '_type': '_doc', '_id': '1FAfJJIB9Ge4CN5SVUJ7', '_version': 1, 'result': 'created', '_shards': {'total': 2, 'successful': 1, 'failed': 0}, '_seq_no': 615, '_primary_term': 1}
[2024-09-24T13:01:26.270+0000] {base.py:271} INFO - POST http://elasticsearch:9200/final_projects/_doc [status:201 request:0.001s]
[2024-09-24T13:01:26.270+0000] {logging_mixin.py:115} INFO - {'_index': 'final_projects', '_type': '_doc', '_id': '1VAfJJIB9Ge4CN5SVUJ9', '_version': 1, 'result': 'created', '_shards': {'total': 2, 'successful': 1, 'failed': 0}, '_seq_no': 616, '_primary_term': 1}
[2024-09-24T13:01:26.271+0000] {base.py:271} INFO - POST http://elasticsearch:9200/final_projects/_doc [status:201 request:0.001s]
[2024-09-24T13:01:26.271+0000] {logging_mixin.py:115} INFO - {'_index': 'final_projects', '_type': '_doc', '_id': '1lAfJJIB9Ge4CN5SVUJ-', '_version': 1, 'result': 'created', '_shards': {'total': 2, 'successful': 1, 'failed': 0}, '_seq_no': 617, '_primary_term': 1}
[2024-09-24T13:01:26.273+0000] {base.py:271} INFO - POST http://elasticsearch:9200/final_projects/_doc [status:201 request:0.001s]
[2024-09-24T13:01:26.273+0000] {logging_mixin.py:115} INFO - {'_index': 'final_projects', '_type': '_doc', '_id': '11AfJJIB9Ge4CN5SVUKA', '_version': 1, 'result': 'created', '_shards': {'total': 2, 'successful': 1, 'failed': 0}, '_seq_no': 618, '_primary_term': 1}
[2024-09-24T13:01:26.274+0000] {base.py:271} INFO - POST http://elasticsearch:9200/final_projects/_doc [status:201 request:0.001s]
[2024-09-24T13:01:26.275+0000] {logging_mixin.py:115} INFO - {'_index': 'final_projects', '_type': '_doc', '_id': '2FAfJJIB9Ge4CN5SVUKB', '_version': 1, 'result': 'created', '_shards': {'total': 2, 'successful': 1, 'failed': 0}, '_seq_no': 619, '_primary_term': 1}
[2024-09-24T13:01:26.276+0000] {base.py:271} INFO - POST http://elasticsearch:9200/final_projects/_doc [status:201 request:0.002s]
[2024-09-24T13:01:26.276+0000] {logging_mixin.py:115} INFO - {'_index': 'final_projects', '_type': '_doc', '_id': '2VAfJJIB9Ge4CN5SVUKD', '_version': 1, 'result': 'created', '_shards': {'total': 2, 'successful': 1, 'failed': 0}, '_seq_no': 620, '_primary_term': 1}
[2024-09-24T13:01:26.278+0000] {base.py:271} INFO - POST http://elasticsearch:9200/final_projects/_doc [status:201 request:0.001s]
[2024-09-24T13:01:26.278+0000] {logging_mixin.py:115} INFO - {'_index': 'final_projects', '_type': '_doc', '_id': '2lAfJJIB9Ge4CN5SVUKF', '_version': 1, 'result': 'created', '_shards': {'total': 2, 'successful': 1, 'failed': 0}, '_seq_no': 621, '_primary_term': 1}
[2024-09-24T13:01:26.280+0000] {base.py:271} INFO - POST http://elasticsearch:9200/final_projects/_doc [status:201 request:0.001s]
[2024-09-24T13:01:26.280+0000] {logging_mixin.py:115} INFO - {'_index': 'final_projects', '_type': '_doc', '_id': '21AfJJIB9Ge4CN5SVUKH', '_version': 1, 'result': 'created', '_shards': {'total': 2, 'successful': 1, 'failed': 0}, '_seq_no': 622, '_primary_term': 1}
[2024-09-24T13:01:26.281+0000] {base.py:271} INFO - POST http://elasticsearch:9200/final_projects/_doc [status:201 request:0.001s]
[2024-09-24T13:01:26.281+0000] {logging_mixin.py:115} INFO - {'_index': 'final_projects', '_type': '_doc', '_id': '3FAfJJIB9Ge4CN5SVUKI', '_version': 1, 'result': 'created', '_shards': {'total': 2, 'successful': 1, 'failed': 0}, '_seq_no': 623, '_primary_term': 1}
[2024-09-24T13:01:26.283+0000] {base.py:271} INFO - POST http://elasticsearch:9200/final_projects/_doc [status:201 request:0.001s]
[2024-09-24T13:01:26.283+0000] {logging_mixin.py:115} INFO - {'_index': 'final_projects', '_type': '_doc', '_id': '3VAfJJIB9Ge4CN5SVUKK', '_version': 1, 'result': 'created', '_shards': {'total': 2, 'successful': 1, 'failed': 0}, '_seq_no': 624, '_primary_term': 1}
[2024-09-24T13:01:26.284+0000] {base.py:271} INFO - POST http://elasticsearch:9200/final_projects/_doc [status:201 request:0.001s]
[2024-09-24T13:01:26.284+0000] {logging_mixin.py:115} INFO - {'_index': 'final_projects', '_type': '_doc', '_id': '3lAfJJIB9Ge4CN5SVUKL', '_version': 1, 'result': 'created', '_shards': {'total': 2, 'successful': 1, 'failed': 0}, '_seq_no': 625, '_primary_term': 1}
[2024-09-24T13:01:26.286+0000] {base.py:271} INFO - POST http://elasticsearch:9200/final_projects/_doc [status:201 request:0.001s]
[2024-09-24T13:01:26.286+0000] {logging_mixin.py:115} INFO - {'_index': 'final_projects', '_type': '_doc', '_id': '31AfJJIB9Ge4CN5SVUKN', '_version': 1, 'result': 'created', '_shards': {'total': 2, 'successful': 1, 'failed': 0}, '_seq_no': 626, '_primary_term': 1}
[2024-09-24T13:01:26.287+0000] {base.py:271} INFO - POST http://elasticsearch:9200/final_projects/_doc [status:201 request:0.001s]
[2024-09-24T13:01:26.287+0000] {logging_mixin.py:115} INFO - {'_index': 'final_projects', '_type': '_doc', '_id': '4FAfJJIB9Ge4CN5SVUKO', '_version': 1, 'result': 'created', '_shards': {'total': 2, 'successful': 1, 'failed': 0}, '_seq_no': 627, '_primary_term': 1}
[2024-09-24T13:01:26.289+0000] {base.py:271} INFO - POST http://elasticsearch:9200/final_projects/_doc [status:201 request:0.001s]
[2024-09-24T13:01:26.289+0000] {logging_mixin.py:115} INFO - {'_index': 'final_projects', '_type': '_doc', '_id': '4VAfJJIB9Ge4CN5SVUKQ', '_version': 1, 'result': 'created', '_shards': {'total': 2, 'successful': 1, 'failed': 0}, '_seq_no': 628, '_primary_term': 1}
[2024-09-24T13:01:26.291+0000] {base.py:271} INFO - POST http://elasticsearch:9200/final_projects/_doc [status:201 request:0.002s]
[2024-09-24T13:01:26.291+0000] {logging_mixin.py:115} INFO - {'_index': 'final_projects', '_type': '_doc', '_id': '4lAfJJIB9Ge4CN5SVUKR', '_version': 1, 'result': 'created', '_shards': {'total': 2, 'successful': 1, 'failed': 0}, '_seq_no': 629, '_primary_term': 1}
[2024-09-24T13:01:26.293+0000] {base.py:271} INFO - POST http://elasticsearch:9200/final_projects/_doc [status:201 request:0.002s]
[2024-09-24T13:01:26.293+0000] {logging_mixin.py:115} INFO - {'_index': 'final_projects', '_type': '_doc', '_id': '41AfJJIB9Ge4CN5SVUKT', '_version': 1, 'result': 'created', '_shards': {'total': 2, 'successful': 1, 'failed': 0}, '_seq_no': 630, '_primary_term': 1}
[2024-09-24T13:01:26.295+0000] {base.py:271} INFO - POST http://elasticsearch:9200/final_projects/_doc [status:201 request:0.001s]
[2024-09-24T13:01:26.295+0000] {logging_mixin.py:115} INFO - {'_index': 'final_projects', '_type': '_doc', '_id': '5FAfJJIB9Ge4CN5SVUKV', '_version': 1, 'result': 'created', '_shards': {'total': 2, 'successful': 1, 'failed': 0}, '_seq_no': 631, '_primary_term': 1}
[2024-09-24T13:01:26.296+0000] {base.py:271} INFO - POST http://elasticsearch:9200/final_projects/_doc [status:201 request:0.001s]
[2024-09-24T13:01:26.297+0000] {logging_mixin.py:115} INFO - {'_index': 'final_projects', '_type': '_doc', '_id': '5VAfJJIB9Ge4CN5SVUKX', '_version': 1, 'result': 'created', '_shards': {'total': 2, 'successful': 1, 'failed': 0}, '_seq_no': 632, '_primary_term': 1}
[2024-09-24T13:01:26.298+0000] {base.py:271} INFO - POST http://elasticsearch:9200/final_projects/_doc [status:201 request:0.001s]
[2024-09-24T13:01:26.298+0000] {logging_mixin.py:115} INFO - {'_index': 'final_projects', '_type': '_doc', '_id': '5lAfJJIB9Ge4CN5SVUKZ', '_version': 1, 'result': 'created', '_shards': {'total': 2, 'successful': 1, 'failed': 0}, '_seq_no': 633, '_primary_term': 1}
[2024-09-24T13:01:26.300+0000] {base.py:271} INFO - POST http://elasticsearch:9200/final_projects/_doc [status:201 request:0.001s]
[2024-09-24T13:01:26.300+0000] {logging_mixin.py:115} INFO - {'_index': 'final_projects', '_type': '_doc', '_id': '51AfJJIB9Ge4CN5SVUKb', '_version': 1, 'result': 'created', '_shards': {'total': 2, 'successful': 1, 'failed': 0}, '_seq_no': 634, '_primary_term': 1}
[2024-09-24T13:01:26.302+0000] {base.py:271} INFO - POST http://elasticsearch:9200/final_projects/_doc [status:201 request:0.001s]
[2024-09-24T13:01:26.302+0000] {logging_mixin.py:115} INFO - {'_index': 'final_projects', '_type': '_doc', '_id': '6FAfJJIB9Ge4CN5SVUKd', '_version': 1, 'result': 'created', '_shards': {'total': 2, 'successful': 1, 'failed': 0}, '_seq_no': 635, '_primary_term': 1}
[2024-09-24T13:01:26.304+0000] {base.py:271} INFO - POST http://elasticsearch:9200/final_projects/_doc [status:201 request:0.002s]
[2024-09-24T13:01:26.304+0000] {logging_mixin.py:115} INFO - {'_index': 'final_projects', '_type': '_doc', '_id': '6VAfJJIB9Ge4CN5SVUKf', '_version': 1, 'result': 'created', '_shards': {'total': 2, 'successful': 1, 'failed': 0}, '_seq_no': 636, '_primary_term': 1}
[2024-09-24T13:01:26.306+0000] {base.py:271} INFO - POST http://elasticsearch:9200/final_projects/_doc [status:201 request:0.002s]
[2024-09-24T13:01:26.306+0000] {logging_mixin.py:115} INFO - {'_index': 'final_projects', '_type': '_doc', '_id': '6lAfJJIB9Ge4CN5SVUKh', '_version': 1, 'result': 'created', '_shards': {'total': 2, 'successful': 1, 'failed': 0}, '_seq_no': 637, '_primary_term': 1}
[2024-09-24T13:01:26.308+0000] {base.py:271} INFO - POST http://elasticsearch:9200/final_projects/_doc [status:201 request:0.001s]
[2024-09-24T13:01:26.308+0000] {logging_mixin.py:115} INFO - {'_index': 'final_projects', '_type': '_doc', '_id': '61AfJJIB9Ge4CN5SVUKj', '_version': 1, 'result': 'created', '_shards': {'total': 2, 'successful': 1, 'failed': 0}, '_seq_no': 638, '_primary_term': 1}
[2024-09-24T13:01:26.310+0000] {base.py:271} INFO - POST http://elasticsearch:9200/final_projects/_doc [status:201 request:0.002s]
[2024-09-24T13:01:26.310+0000] {logging_mixin.py:115} INFO - {'_index': 'final_projects', '_type': '_doc', '_id': '7FAfJJIB9Ge4CN5SVUKk', '_version': 1, 'result': 'created', '_shards': {'total': 2, 'successful': 1, 'failed': 0}, '_seq_no': 639, '_primary_term': 1}
[2024-09-24T13:01:26.312+0000] {base.py:271} INFO - POST http://elasticsearch:9200/final_projects/_doc [status:201 request:0.002s]
[2024-09-24T13:01:26.312+0000] {logging_mixin.py:115} INFO - {'_index': 'final_projects', '_type': '_doc', '_id': '7VAfJJIB9Ge4CN5SVUKm', '_version': 1, 'result': 'created', '_shards': {'total': 2, 'successful': 1, 'failed': 0}, '_seq_no': 640, '_primary_term': 1}
[2024-09-24T13:01:26.314+0000] {base.py:271} INFO - POST http://elasticsearch:9200/final_projects/_doc [status:201 request:0.002s]
[2024-09-24T13:01:26.314+0000] {logging_mixin.py:115} INFO - {'_index': 'final_projects', '_type': '_doc', '_id': '7lAfJJIB9Ge4CN5SVUKo', '_version': 1, 'result': 'created', '_shards': {'total': 2, 'successful': 1, 'failed': 0}, '_seq_no': 641, '_primary_term': 1}
[2024-09-24T13:01:26.316+0000] {base.py:271} INFO - POST http://elasticsearch:9200/final_projects/_doc [status:201 request:0.001s]
[2024-09-24T13:01:26.316+0000] {logging_mixin.py:115} INFO - {'_index': 'final_projects', '_type': '_doc', '_id': '71AfJJIB9Ge4CN5SVUKq', '_version': 1, 'result': 'created', '_shards': {'total': 2, 'successful': 1, 'failed': 0}, '_seq_no': 642, '_primary_term': 1}
[2024-09-24T13:01:26.317+0000] {base.py:271} INFO - POST http://elasticsearch:9200/final_projects/_doc [status:201 request:0.001s]
[2024-09-24T13:01:26.318+0000] {logging_mixin.py:115} INFO - {'_index': 'final_projects', '_type': '_doc', '_id': '8FAfJJIB9Ge4CN5SVUKs', '_version': 1, 'result': 'created', '_shards': {'total': 2, 'successful': 1, 'failed': 0}, '_seq_no': 643, '_primary_term': 1}
[2024-09-24T13:01:26.319+0000] {base.py:271} INFO - POST http://elasticsearch:9200/final_projects/_doc [status:201 request:0.002s]
[2024-09-24T13:01:26.320+0000] {logging_mixin.py:115} INFO - {'_index': 'final_projects', '_type': '_doc', '_id': '8VAfJJIB9Ge4CN5SVUKu', '_version': 1, 'result': 'created', '_shards': {'total': 2, 'successful': 1, 'failed': 0}, '_seq_no': 644, '_primary_term': 1}
[2024-09-24T13:01:26.321+0000] {base.py:271} INFO - POST http://elasticsearch:9200/final_projects/_doc [status:201 request:0.002s]
[2024-09-24T13:01:26.322+0000] {logging_mixin.py:115} INFO - {'_index': 'final_projects', '_type': '_doc', '_id': '8lAfJJIB9Ge4CN5SVUKw', '_version': 1, 'result': 'created', '_shards': {'total': 2, 'successful': 1, 'failed': 0}, '_seq_no': 645, '_primary_term': 1}
[2024-09-24T13:01:26.324+0000] {base.py:271} INFO - POST http://elasticsearch:9200/final_projects/_doc [status:201 request:0.002s]
[2024-09-24T13:01:26.324+0000] {logging_mixin.py:115} INFO - {'_index': 'final_projects', '_type': '_doc', '_id': '81AfJJIB9Ge4CN5SVUKy', '_version': 1, 'result': 'created', '_shards': {'total': 2, 'successful': 1, 'failed': 0}, '_seq_no': 646, '_primary_term': 1}
[2024-09-24T13:01:26.326+0000] {base.py:271} INFO - POST http://elasticsearch:9200/final_projects/_doc [status:201 request:0.001s]
[2024-09-24T13:01:26.326+0000] {logging_mixin.py:115} INFO - {'_index': 'final_projects', '_type': '_doc', '_id': '9FAfJJIB9Ge4CN5SVUK0', '_version': 1, 'result': 'created', '_shards': {'total': 2, 'successful': 1, 'failed': 0}, '_seq_no': 647, '_primary_term': 1}
[2024-09-24T13:01:26.328+0000] {base.py:271} INFO - POST http://elasticsearch:9200/final_projects/_doc [status:201 request:0.001s]
[2024-09-24T13:01:26.328+0000] {logging_mixin.py:115} INFO - {'_index': 'final_projects', '_type': '_doc', '_id': '9VAfJJIB9Ge4CN5SVUK2', '_version': 1, 'result': 'created', '_shards': {'total': 2, 'successful': 1, 'failed': 0}, '_seq_no': 648, '_primary_term': 1}
[2024-09-24T13:01:26.329+0000] {base.py:271} INFO - POST http://elasticsearch:9200/final_projects/_doc [status:201 request:0.001s]
[2024-09-24T13:01:26.329+0000] {logging_mixin.py:115} INFO - {'_index': 'final_projects', '_type': '_doc', '_id': '9lAfJJIB9Ge4CN5SVUK4', '_version': 1, 'result': 'created', '_shards': {'total': 2, 'successful': 1, 'failed': 0}, '_seq_no': 649, '_primary_term': 1}
[2024-09-24T13:01:26.331+0000] {base.py:271} INFO - POST http://elasticsearch:9200/final_projects/_doc [status:201 request:0.001s]
[2024-09-24T13:01:26.331+0000] {logging_mixin.py:115} INFO - {'_index': 'final_projects', '_type': '_doc', '_id': '91AfJJIB9Ge4CN5SVUK6', '_version': 1, 'result': 'created', '_shards': {'total': 2, 'successful': 1, 'failed': 0}, '_seq_no': 650, '_primary_term': 1}
[2024-09-24T13:01:26.333+0000] {base.py:271} INFO - POST http://elasticsearch:9200/final_projects/_doc [status:201 request:0.001s]
[2024-09-24T13:01:26.333+0000] {logging_mixin.py:115} INFO - {'_index': 'final_projects', '_type': '_doc', '_id': '-FAfJJIB9Ge4CN5SVUK8', '_version': 1, 'result': 'created', '_shards': {'total': 2, 'successful': 1, 'failed': 0}, '_seq_no': 651, '_primary_term': 1}
[2024-09-24T13:01:26.334+0000] {base.py:271} INFO - POST http://elasticsearch:9200/final_projects/_doc [status:201 request:0.001s]
[2024-09-24T13:01:26.334+0000] {logging_mixin.py:115} INFO - {'_index': 'final_projects', '_type': '_doc', '_id': '-VAfJJIB9Ge4CN5SVUK9', '_version': 1, 'result': 'created', '_shards': {'total': 2, 'successful': 1, 'failed': 0}, '_seq_no': 652, '_primary_term': 1}
[2024-09-24T13:01:26.336+0000] {base.py:271} INFO - POST http://elasticsearch:9200/final_projects/_doc [status:201 request:0.001s]
[2024-09-24T13:01:26.336+0000] {logging_mixin.py:115} INFO - {'_index': 'final_projects', '_type': '_doc', '_id': '-lAfJJIB9Ge4CN5SVUK_', '_version': 1, 'result': 'created', '_shards': {'total': 2, 'successful': 1, 'failed': 0}, '_seq_no': 653, '_primary_term': 1}
[2024-09-24T13:01:26.338+0000] {base.py:271} INFO - POST http://elasticsearch:9200/final_projects/_doc [status:201 request:0.001s]
[2024-09-24T13:01:26.338+0000] {logging_mixin.py:115} INFO - {'_index': 'final_projects', '_type': '_doc', '_id': '-1AfJJIB9Ge4CN5SVULA', '_version': 1, 'result': 'created', '_shards': {'total': 2, 'successful': 1, 'failed': 0}, '_seq_no': 654, '_primary_term': 1}
[2024-09-24T13:01:26.339+0000] {base.py:271} INFO - POST http://elasticsearch:9200/final_projects/_doc [status:201 request:0.001s]
[2024-09-24T13:01:26.339+0000] {logging_mixin.py:115} INFO - {'_index': 'final_projects', '_type': '_doc', '_id': '_FAfJJIB9Ge4CN5SVULC', '_version': 1, 'result': 'created', '_shards': {'total': 2, 'successful': 1, 'failed': 0}, '_seq_no': 655, '_primary_term': 1}
[2024-09-24T13:01:26.341+0000] {base.py:271} INFO - POST http://elasticsearch:9200/final_projects/_doc [status:201 request:0.001s]
[2024-09-24T13:01:26.341+0000] {logging_mixin.py:115} INFO - {'_index': 'final_projects', '_type': '_doc', '_id': '_VAfJJIB9Ge4CN5SVULE', '_version': 1, 'result': 'created', '_shards': {'total': 2, 'successful': 1, 'failed': 0}, '_seq_no': 656, '_primary_term': 1}
[2024-09-24T13:01:26.342+0000] {base.py:271} INFO - POST http://elasticsearch:9200/final_projects/_doc [status:201 request:0.001s]
[2024-09-24T13:01:26.342+0000] {logging_mixin.py:115} INFO - {'_index': 'final_projects', '_type': '_doc', '_id': '_lAfJJIB9Ge4CN5SVULF', '_version': 1, 'result': 'created', '_shards': {'total': 2, 'successful': 1, 'failed': 0}, '_seq_no': 657, '_primary_term': 1}
[2024-09-24T13:01:26.344+0000] {base.py:271} INFO - POST http://elasticsearch:9200/final_projects/_doc [status:201 request:0.001s]
[2024-09-24T13:01:26.344+0000] {logging_mixin.py:115} INFO - {'_index': 'final_projects', '_type': '_doc', '_id': '_1AfJJIB9Ge4CN5SVULH', '_version': 1, 'result': 'created', '_shards': {'total': 2, 'successful': 1, 'failed': 0}, '_seq_no': 658, '_primary_term': 1}
[2024-09-24T13:01:26.346+0000] {base.py:271} INFO - POST http://elasticsearch:9200/final_projects/_doc [status:201 request:0.001s]
[2024-09-24T13:01:26.346+0000] {logging_mixin.py:115} INFO - {'_index': 'final_projects', '_type': '_doc', '_id': 'AFAfJJIB9Ge4CN5SVUPJ', '_version': 1, 'result': 'created', '_shards': {'total': 2, 'successful': 1, 'failed': 0}, '_seq_no': 659, '_primary_term': 1}
[2024-09-24T13:01:26.347+0000] {base.py:271} INFO - POST http://elasticsearch:9200/final_projects/_doc [status:201 request:0.001s]
[2024-09-24T13:01:26.347+0000] {logging_mixin.py:115} INFO - {'_index': 'final_projects', '_type': '_doc', '_id': 'AVAfJJIB9Ge4CN5SVUPK', '_version': 1, 'result': 'created', '_shards': {'total': 2, 'successful': 1, 'failed': 0}, '_seq_no': 660, '_primary_term': 1}
[2024-09-24T13:01:26.349+0000] {base.py:271} INFO - POST http://elasticsearch:9200/final_projects/_doc [status:201 request:0.001s]
[2024-09-24T13:01:26.349+0000] {logging_mixin.py:115} INFO - {'_index': 'final_projects', '_type': '_doc', '_id': 'AlAfJJIB9Ge4CN5SVUPM', '_version': 1, 'result': 'created', '_shards': {'total': 2, 'successful': 1, 'failed': 0}, '_seq_no': 661, '_primary_term': 1}
[2024-09-24T13:01:26.350+0000] {base.py:271} INFO - POST http://elasticsearch:9200/final_projects/_doc [status:201 request:0.001s]
[2024-09-24T13:01:26.350+0000] {logging_mixin.py:115} INFO - {'_index': 'final_projects', '_type': '_doc', '_id': 'A1AfJJIB9Ge4CN5SVUPN', '_version': 1, 'result': 'created', '_shards': {'total': 2, 'successful': 1, 'failed': 0}, '_seq_no': 662, '_primary_term': 1}
[2024-09-24T13:01:26.352+0000] {base.py:271} INFO - POST http://elasticsearch:9200/final_projects/_doc [status:201 request:0.001s]
[2024-09-24T13:01:26.352+0000] {logging_mixin.py:115} INFO - {'_index': 'final_projects', '_type': '_doc', '_id': 'BFAfJJIB9Ge4CN5SVUPP', '_version': 1, 'result': 'created', '_shards': {'total': 2, 'successful': 1, 'failed': 0}, '_seq_no': 663, '_primary_term': 1}
[2024-09-24T13:01:26.353+0000] {base.py:271} INFO - POST http://elasticsearch:9200/final_projects/_doc [status:201 request:0.001s]
[2024-09-24T13:01:26.353+0000] {logging_mixin.py:115} INFO - {'_index': 'final_projects', '_type': '_doc', '_id': 'BVAfJJIB9Ge4CN5SVUPQ', '_version': 1, 'result': 'created', '_shards': {'total': 2, 'successful': 1, 'failed': 0}, '_seq_no': 664, '_primary_term': 1}
[2024-09-24T13:01:26.355+0000] {base.py:271} INFO - POST http://elasticsearch:9200/final_projects/_doc [status:201 request:0.001s]
[2024-09-24T13:01:26.355+0000] {logging_mixin.py:115} INFO - {'_index': 'final_projects', '_type': '_doc', '_id': 'BlAfJJIB9Ge4CN5SVUPS', '_version': 1, 'result': 'created', '_shards': {'total': 2, 'successful': 1, 'failed': 0}, '_seq_no': 665, '_primary_term': 1}
[2024-09-24T13:01:26.356+0000] {base.py:271} INFO - POST http://elasticsearch:9200/final_projects/_doc [status:201 request:0.001s]
[2024-09-24T13:01:26.357+0000] {logging_mixin.py:115} INFO - {'_index': 'final_projects', '_type': '_doc', '_id': 'B1AfJJIB9Ge4CN5SVUPT', '_version': 1, 'result': 'created', '_shards': {'total': 2, 'successful': 1, 'failed': 0}, '_seq_no': 666, '_primary_term': 1}
[2024-09-24T13:01:26.358+0000] {base.py:271} INFO - POST http://elasticsearch:9200/final_projects/_doc [status:201 request:0.001s]
[2024-09-24T13:01:26.358+0000] {logging_mixin.py:115} INFO - {'_index': 'final_projects', '_type': '_doc', '_id': 'CFAfJJIB9Ge4CN5SVUPV', '_version': 1, 'result': 'created', '_shards': {'total': 2, 'successful': 1, 'failed': 0}, '_seq_no': 667, '_primary_term': 1}
[2024-09-24T13:01:26.360+0000] {base.py:271} INFO - POST http://elasticsearch:9200/final_projects/_doc [status:201 request:0.001s]
[2024-09-24T13:01:26.360+0000] {logging_mixin.py:115} INFO - {'_index': 'final_projects', '_type': '_doc', '_id': 'CVAfJJIB9Ge4CN5SVUPX', '_version': 1, 'result': 'created', '_shards': {'total': 2, 'successful': 1, 'failed': 0}, '_seq_no': 668, '_primary_term': 1}
[2024-09-24T13:01:26.361+0000] {base.py:271} INFO - POST http://elasticsearch:9200/final_projects/_doc [status:201 request:0.001s]
[2024-09-24T13:01:26.361+0000] {logging_mixin.py:115} INFO - {'_index': 'final_projects', '_type': '_doc', '_id': 'ClAfJJIB9Ge4CN5SVUPY', '_version': 1, 'result': 'created', '_shards': {'total': 2, 'successful': 1, 'failed': 0}, '_seq_no': 669, '_primary_term': 1}
[2024-09-24T13:01:26.363+0000] {base.py:271} INFO - POST http://elasticsearch:9200/final_projects/_doc [status:201 request:0.001s]
[2024-09-24T13:01:26.363+0000] {logging_mixin.py:115} INFO - {'_index': 'final_projects', '_type': '_doc', '_id': 'C1AfJJIB9Ge4CN5SVUPa', '_version': 1, 'result': 'created', '_shards': {'total': 2, 'successful': 1, 'failed': 0}, '_seq_no': 670, '_primary_term': 1}
[2024-09-24T13:01:26.365+0000] {base.py:271} INFO - POST http://elasticsearch:9200/final_projects/_doc [status:201 request:0.001s]
[2024-09-24T13:01:26.365+0000] {logging_mixin.py:115} INFO - {'_index': 'final_projects', '_type': '_doc', '_id': 'DFAfJJIB9Ge4CN5SVUPb', '_version': 1, 'result': 'created', '_shards': {'total': 2, 'successful': 1, 'failed': 0}, '_seq_no': 671, '_primary_term': 1}
[2024-09-24T13:01:26.366+0000] {base.py:271} INFO - POST http://elasticsearch:9200/final_projects/_doc [status:201 request:0.001s]
[2024-09-24T13:01:26.366+0000] {logging_mixin.py:115} INFO - {'_index': 'final_projects', '_type': '_doc', '_id': 'DVAfJJIB9Ge4CN5SVUPd', '_version': 1, 'result': 'created', '_shards': {'total': 2, 'successful': 1, 'failed': 0}, '_seq_no': 672, '_primary_term': 1}
[2024-09-24T13:01:26.368+0000] {base.py:271} INFO - POST http://elasticsearch:9200/final_projects/_doc [status:201 request:0.001s]
[2024-09-24T13:01:26.368+0000] {logging_mixin.py:115} INFO - {'_index': 'final_projects', '_type': '_doc', '_id': 'DlAfJJIB9Ge4CN5SVUPf', '_version': 1, 'result': 'created', '_shards': {'total': 2, 'successful': 1, 'failed': 0}, '_seq_no': 673, '_primary_term': 1}
[2024-09-24T13:01:26.369+0000] {base.py:271} INFO - POST http://elasticsearch:9200/final_projects/_doc [status:201 request:0.001s]
[2024-09-24T13:01:26.369+0000] {logging_mixin.py:115} INFO - {'_index': 'final_projects', '_type': '_doc', '_id': 'D1AfJJIB9Ge4CN5SVUPg', '_version': 1, 'result': 'created', '_shards': {'total': 2, 'successful': 1, 'failed': 0}, '_seq_no': 674, '_primary_term': 1}
[2024-09-24T13:01:26.371+0000] {base.py:271} INFO - POST http://elasticsearch:9200/final_projects/_doc [status:201 request:0.001s]
[2024-09-24T13:01:26.371+0000] {logging_mixin.py:115} INFO - {'_index': 'final_projects', '_type': '_doc', '_id': 'EFAfJJIB9Ge4CN5SVUPi', '_version': 1, 'result': 'created', '_shards': {'total': 2, 'successful': 1, 'failed': 0}, '_seq_no': 675, '_primary_term': 1}
[2024-09-24T13:01:26.372+0000] {base.py:271} INFO - POST http://elasticsearch:9200/final_projects/_doc [status:201 request:0.001s]
[2024-09-24T13:01:26.372+0000] {logging_mixin.py:115} INFO - {'_index': 'final_projects', '_type': '_doc', '_id': 'EVAfJJIB9Ge4CN5SVUPj', '_version': 1, 'result': 'created', '_shards': {'total': 2, 'successful': 1, 'failed': 0}, '_seq_no': 676, '_primary_term': 1}
[2024-09-24T13:01:26.374+0000] {base.py:271} INFO - POST http://elasticsearch:9200/final_projects/_doc [status:201 request:0.001s]
[2024-09-24T13:01:26.374+0000] {logging_mixin.py:115} INFO - {'_index': 'final_projects', '_type': '_doc', '_id': 'ElAfJJIB9Ge4CN5SVUPl', '_version': 1, 'result': 'created', '_shards': {'total': 2, 'successful': 1, 'failed': 0}, '_seq_no': 677, '_primary_term': 1}
[2024-09-24T13:01:26.375+0000] {base.py:271} INFO - POST http://elasticsearch:9200/final_projects/_doc [status:201 request:0.001s]
[2024-09-24T13:01:26.375+0000] {logging_mixin.py:115} INFO - {'_index': 'final_projects', '_type': '_doc', '_id': 'E1AfJJIB9Ge4CN5SVUPm', '_version': 1, 'result': 'created', '_shards': {'total': 2, 'successful': 1, 'failed': 0}, '_seq_no': 678, '_primary_term': 1}
[2024-09-24T13:01:26.377+0000] {base.py:271} INFO - POST http://elasticsearch:9200/final_projects/_doc [status:201 request:0.001s]
[2024-09-24T13:01:26.377+0000] {logging_mixin.py:115} INFO - {'_index': 'final_projects', '_type': '_doc', '_id': 'FFAfJJIB9Ge4CN5SVUPo', '_version': 1, 'result': 'created', '_shards': {'total': 2, 'successful': 1, 'failed': 0}, '_seq_no': 679, '_primary_term': 1}
[2024-09-24T13:01:26.378+0000] {base.py:271} INFO - POST http://elasticsearch:9200/final_projects/_doc [status:201 request:0.001s]
[2024-09-24T13:01:26.379+0000] {logging_mixin.py:115} INFO - {'_index': 'final_projects', '_type': '_doc', '_id': 'FVAfJJIB9Ge4CN5SVUPp', '_version': 1, 'result': 'created', '_shards': {'total': 2, 'successful': 1, 'failed': 0}, '_seq_no': 680, '_primary_term': 1}
[2024-09-24T13:01:26.380+0000] {base.py:271} INFO - POST http://elasticsearch:9200/final_projects/_doc [status:201 request:0.001s]
[2024-09-24T13:01:26.380+0000] {logging_mixin.py:115} INFO - {'_index': 'final_projects', '_type': '_doc', '_id': 'FlAfJJIB9Ge4CN5SVUPr', '_version': 1, 'result': 'created', '_shards': {'total': 2, 'successful': 1, 'failed': 0}, '_seq_no': 681, '_primary_term': 1}
[2024-09-24T13:01:26.382+0000] {base.py:271} INFO - POST http://elasticsearch:9200/final_projects/_doc [status:201 request:0.001s]
[2024-09-24T13:01:26.382+0000] {logging_mixin.py:115} INFO - {'_index': 'final_projects', '_type': '_doc', '_id': 'F1AfJJIB9Ge4CN5SVUPt', '_version': 1, 'result': 'created', '_shards': {'total': 2, 'successful': 1, 'failed': 0}, '_seq_no': 682, '_primary_term': 1}
[2024-09-24T13:01:26.383+0000] {base.py:271} INFO - POST http://elasticsearch:9200/final_projects/_doc [status:201 request:0.001s]
[2024-09-24T13:01:26.383+0000] {logging_mixin.py:115} INFO - {'_index': 'final_projects', '_type': '_doc', '_id': 'GFAfJJIB9Ge4CN5SVUPu', '_version': 1, 'result': 'created', '_shards': {'total': 2, 'successful': 1, 'failed': 0}, '_seq_no': 683, '_primary_term': 1}
[2024-09-24T13:01:26.385+0000] {base.py:271} INFO - POST http://elasticsearch:9200/final_projects/_doc [status:201 request:0.001s]
[2024-09-24T13:01:26.385+0000] {logging_mixin.py:115} INFO - {'_index': 'final_projects', '_type': '_doc', '_id': 'GVAfJJIB9Ge4CN5SVUPw', '_version': 1, 'result': 'created', '_shards': {'total': 2, 'successful': 1, 'failed': 0}, '_seq_no': 684, '_primary_term': 1}
[2024-09-24T13:01:26.386+0000] {base.py:271} INFO - POST http://elasticsearch:9200/final_projects/_doc [status:201 request:0.001s]
[2024-09-24T13:01:26.386+0000] {logging_mixin.py:115} INFO - {'_index': 'final_projects', '_type': '_doc', '_id': 'GlAfJJIB9Ge4CN5SVUPx', '_version': 1, 'result': 'created', '_shards': {'total': 2, 'successful': 1, 'failed': 0}, '_seq_no': 685, '_primary_term': 1}
[2024-09-24T13:01:26.388+0000] {base.py:271} INFO - POST http://elasticsearch:9200/final_projects/_doc [status:201 request:0.001s]
[2024-09-24T13:01:26.388+0000] {logging_mixin.py:115} INFO - {'_index': 'final_projects', '_type': '_doc', '_id': 'G1AfJJIB9Ge4CN5SVUPz', '_version': 1, 'result': 'created', '_shards': {'total': 2, 'successful': 1, 'failed': 0}, '_seq_no': 686, '_primary_term': 1}
[2024-09-24T13:01:26.389+0000] {base.py:271} INFO - POST http://elasticsearch:9200/final_projects/_doc [status:201 request:0.001s]
[2024-09-24T13:01:26.389+0000] {logging_mixin.py:115} INFO - {'_index': 'final_projects', '_type': '_doc', '_id': 'HFAfJJIB9Ge4CN5SVUP0', '_version': 1, 'result': 'created', '_shards': {'total': 2, 'successful': 1, 'failed': 0}, '_seq_no': 687, '_primary_term': 1}
[2024-09-24T13:01:26.391+0000] {base.py:271} INFO - POST http://elasticsearch:9200/final_projects/_doc [status:201 request:0.001s]
[2024-09-24T13:01:26.391+0000] {logging_mixin.py:115} INFO - {'_index': 'final_projects', '_type': '_doc', '_id': 'HVAfJJIB9Ge4CN5SVUP2', '_version': 1, 'result': 'created', '_shards': {'total': 2, 'successful': 1, 'failed': 0}, '_seq_no': 688, '_primary_term': 1}
[2024-09-24T13:01:26.392+0000] {base.py:271} INFO - POST http://elasticsearch:9200/final_projects/_doc [status:201 request:0.001s]
[2024-09-24T13:01:26.393+0000] {logging_mixin.py:115} INFO - {'_index': 'final_projects', '_type': '_doc', '_id': 'HlAfJJIB9Ge4CN5SVUP3', '_version': 1, 'result': 'created', '_shards': {'total': 2, 'successful': 1, 'failed': 0}, '_seq_no': 689, '_primary_term': 1}
[2024-09-24T13:01:26.394+0000] {base.py:271} INFO - POST http://elasticsearch:9200/final_projects/_doc [status:201 request:0.001s]
[2024-09-24T13:01:26.394+0000] {logging_mixin.py:115} INFO - {'_index': 'final_projects', '_type': '_doc', '_id': 'H1AfJJIB9Ge4CN5SVUP5', '_version': 1, 'result': 'created', '_shards': {'total': 2, 'successful': 1, 'failed': 0}, '_seq_no': 690, '_primary_term': 1}
[2024-09-24T13:01:26.396+0000] {base.py:271} INFO - POST http://elasticsearch:9200/final_projects/_doc [status:201 request:0.001s]
[2024-09-24T13:01:26.396+0000] {logging_mixin.py:115} INFO - {'_index': 'final_projects', '_type': '_doc', '_id': 'IFAfJJIB9Ge4CN5SVUP6', '_version': 1, 'result': 'created', '_shards': {'total': 2, 'successful': 1, 'failed': 0}, '_seq_no': 691, '_primary_term': 1}
[2024-09-24T13:01:26.397+0000] {base.py:271} INFO - POST http://elasticsearch:9200/final_projects/_doc [status:201 request:0.001s]
[2024-09-24T13:01:26.397+0000] {logging_mixin.py:115} INFO - {'_index': 'final_projects', '_type': '_doc', '_id': 'IVAfJJIB9Ge4CN5SVUP8', '_version': 1, 'result': 'created', '_shards': {'total': 2, 'successful': 1, 'failed': 0}, '_seq_no': 692, '_primary_term': 1}
[2024-09-24T13:01:26.399+0000] {base.py:271} INFO - POST http://elasticsearch:9200/final_projects/_doc [status:201 request:0.001s]
[2024-09-24T13:01:26.399+0000] {logging_mixin.py:115} INFO - {'_index': 'final_projects', '_type': '_doc', '_id': 'IlAfJJIB9Ge4CN5SVUP-', '_version': 1, 'result': 'created', '_shards': {'total': 2, 'successful': 1, 'failed': 0}, '_seq_no': 693, '_primary_term': 1}
[2024-09-24T13:01:26.400+0000] {base.py:271} INFO - POST http://elasticsearch:9200/final_projects/_doc [status:201 request:0.001s]
[2024-09-24T13:01:26.400+0000] {logging_mixin.py:115} INFO - {'_index': 'final_projects', '_type': '_doc', '_id': 'I1AfJJIB9Ge4CN5SVUP_', '_version': 1, 'result': 'created', '_shards': {'total': 2, 'successful': 1, 'failed': 0}, '_seq_no': 694, '_primary_term': 1}
[2024-09-24T13:01:26.402+0000] {base.py:271} INFO - POST http://elasticsearch:9200/final_projects/_doc [status:201 request:0.002s]
[2024-09-24T13:01:26.402+0000] {logging_mixin.py:115} INFO - {'_index': 'final_projects', '_type': '_doc', '_id': 'JFAfJJIB9Ge4CN5SVkMB', '_version': 1, 'result': 'created', '_shards': {'total': 2, 'successful': 1, 'failed': 0}, '_seq_no': 695, '_primary_term': 1}
[2024-09-24T13:01:26.404+0000] {base.py:271} INFO - POST http://elasticsearch:9200/final_projects/_doc [status:201 request:0.002s]
[2024-09-24T13:01:26.407+0000] {logging_mixin.py:115} INFO - {'_index': 'final_projects', '_type': '_doc', '_id': 'JVAfJJIB9Ge4CN5SVkMD', '_version': 1, 'result': 'created', '_shards': {'total': 2, 'successful': 1, 'failed': 0}, '_seq_no': 696, '_primary_term': 1}
[2024-09-24T13:01:26.414+0000] {base.py:271} INFO - POST http://elasticsearch:9200/final_projects/_doc [status:201 request:0.006s]
[2024-09-24T13:01:26.414+0000] {logging_mixin.py:115} INFO - {'_index': 'final_projects', '_type': '_doc', '_id': 'JlAfJJIB9Ge4CN5SVkMI', '_version': 1, 'result': 'created', '_shards': {'total': 2, 'successful': 1, 'failed': 0}, '_seq_no': 697, '_primary_term': 1}
[2024-09-24T13:01:26.416+0000] {base.py:271} INFO - POST http://elasticsearch:9200/final_projects/_doc [status:201 request:0.001s]
[2024-09-24T13:01:26.416+0000] {logging_mixin.py:115} INFO - {'_index': 'final_projects', '_type': '_doc', '_id': 'J1AfJJIB9Ge4CN5SVkMP', '_version': 1, 'result': 'created', '_shards': {'total': 2, 'successful': 1, 'failed': 0}, '_seq_no': 698, '_primary_term': 1}
[2024-09-24T13:01:26.418+0000] {base.py:271} INFO - POST http://elasticsearch:9200/final_projects/_doc [status:201 request:0.001s]
[2024-09-24T13:01:26.418+0000] {logging_mixin.py:115} INFO - {'_index': 'final_projects', '_type': '_doc', '_id': 'KFAfJJIB9Ge4CN5SVkMQ', '_version': 1, 'result': 'created', '_shards': {'total': 2, 'successful': 1, 'failed': 0}, '_seq_no': 699, '_primary_term': 1}
[2024-09-24T13:01:26.419+0000] {base.py:271} INFO - POST http://elasticsearch:9200/final_projects/_doc [status:201 request:0.001s]
[2024-09-24T13:01:26.419+0000] {logging_mixin.py:115} INFO - {'_index': 'final_projects', '_type': '_doc', '_id': 'KVAfJJIB9Ge4CN5SVkMS', '_version': 1, 'result': 'created', '_shards': {'total': 2, 'successful': 1, 'failed': 0}, '_seq_no': 700, '_primary_term': 1}
[2024-09-24T13:01:26.422+0000] {base.py:271} INFO - POST http://elasticsearch:9200/final_projects/_doc [status:201 request:0.001s]
[2024-09-24T13:01:26.422+0000] {logging_mixin.py:115} INFO - {'_index': 'final_projects', '_type': '_doc', '_id': 'KlAfJJIB9Ge4CN5SVkMV', '_version': 1, 'result': 'created', '_shards': {'total': 2, 'successful': 1, 'failed': 0}, '_seq_no': 701, '_primary_term': 1}
[2024-09-24T13:01:26.423+0000] {base.py:271} INFO - POST http://elasticsearch:9200/final_projects/_doc [status:201 request:0.001s]
[2024-09-24T13:01:26.425+0000] {logging_mixin.py:115} INFO - {'_index': 'final_projects', '_type': '_doc', '_id': 'K1AfJJIB9Ge4CN5SVkMW', '_version': 1, 'result': 'created', '_shards': {'total': 2, 'successful': 1, 'failed': 0}, '_seq_no': 702, '_primary_term': 1}
[2024-09-24T13:01:26.427+0000] {base.py:271} INFO - POST http://elasticsearch:9200/final_projects/_doc [status:201 request:0.001s]
[2024-09-24T13:01:26.427+0000] {logging_mixin.py:115} INFO - {'_index': 'final_projects', '_type': '_doc', '_id': 'LFAfJJIB9Ge4CN5SVkMa', '_version': 1, 'result': 'created', '_shards': {'total': 2, 'successful': 1, 'failed': 0}, '_seq_no': 703, '_primary_term': 1}
[2024-09-24T13:01:26.429+0000] {base.py:271} INFO - POST http://elasticsearch:9200/final_projects/_doc [status:201 request:0.001s]
[2024-09-24T13:01:26.429+0000] {logging_mixin.py:115} INFO - {'_index': 'final_projects', '_type': '_doc', '_id': 'LVAfJJIB9Ge4CN5SVkMb', '_version': 1, 'result': 'created', '_shards': {'total': 2, 'successful': 1, 'failed': 0}, '_seq_no': 704, '_primary_term': 1}
[2024-09-24T13:01:26.430+0000] {base.py:271} INFO - POST http://elasticsearch:9200/final_projects/_doc [status:201 request:0.001s]
[2024-09-24T13:01:26.433+0000] {logging_mixin.py:115} INFO - {'_index': 'final_projects', '_type': '_doc', '_id': 'LlAfJJIB9Ge4CN5SVkMd', '_version': 1, 'result': 'created', '_shards': {'total': 2, 'successful': 1, 'failed': 0}, '_seq_no': 705, '_primary_term': 1}
[2024-09-24T13:01:26.435+0000] {base.py:271} INFO - POST http://elasticsearch:9200/final_projects/_doc [status:201 request:0.001s]
[2024-09-24T13:01:26.435+0000] {logging_mixin.py:115} INFO - {'_index': 'final_projects', '_type': '_doc', '_id': 'L1AfJJIB9Ge4CN5SVkMi', '_version': 1, 'result': 'created', '_shards': {'total': 2, 'successful': 1, 'failed': 0}, '_seq_no': 706, '_primary_term': 1}
[2024-09-24T13:01:26.437+0000] {base.py:271} INFO - POST http://elasticsearch:9200/final_projects/_doc [status:201 request:0.002s]
[2024-09-24T13:01:26.437+0000] {logging_mixin.py:115} INFO - {'_index': 'final_projects', '_type': '_doc', '_id': 'MFAfJJIB9Ge4CN5SVkMk', '_version': 1, 'result': 'created', '_shards': {'total': 2, 'successful': 1, 'failed': 0}, '_seq_no': 707, '_primary_term': 1}
[2024-09-24T13:01:26.439+0000] {base.py:271} INFO - POST http://elasticsearch:9200/final_projects/_doc [status:201 request:0.002s]
[2024-09-24T13:01:26.440+0000] {logging_mixin.py:115} INFO - {'_index': 'final_projects', '_type': '_doc', '_id': 'MVAfJJIB9Ge4CN5SVkMm', '_version': 1, 'result': 'created', '_shards': {'total': 2, 'successful': 1, 'failed': 0}, '_seq_no': 708, '_primary_term': 1}
[2024-09-24T13:01:26.442+0000] {base.py:271} INFO - POST http://elasticsearch:9200/final_projects/_doc [status:201 request:0.002s]
[2024-09-24T13:01:26.442+0000] {logging_mixin.py:115} INFO - {'_index': 'final_projects', '_type': '_doc', '_id': 'MlAfJJIB9Ge4CN5SVkMo', '_version': 1, 'result': 'created', '_shards': {'total': 2, 'successful': 1, 'failed': 0}, '_seq_no': 709, '_primary_term': 1}
[2024-09-24T13:01:26.444+0000] {base.py:271} INFO - POST http://elasticsearch:9200/final_projects/_doc [status:201 request:0.002s]
[2024-09-24T13:01:26.444+0000] {logging_mixin.py:115} INFO - {'_index': 'final_projects', '_type': '_doc', '_id': 'M1AfJJIB9Ge4CN5SVkMq', '_version': 1, 'result': 'created', '_shards': {'total': 2, 'successful': 1, 'failed': 0}, '_seq_no': 710, '_primary_term': 1}
[2024-09-24T13:01:26.447+0000] {base.py:271} INFO - POST http://elasticsearch:9200/final_projects/_doc [status:201 request:0.002s]
[2024-09-24T13:01:26.447+0000] {logging_mixin.py:115} INFO - {'_index': 'final_projects', '_type': '_doc', '_id': 'NFAfJJIB9Ge4CN5SVkMt', '_version': 1, 'result': 'created', '_shards': {'total': 2, 'successful': 1, 'failed': 0}, '_seq_no': 711, '_primary_term': 1}
[2024-09-24T13:01:26.449+0000] {base.py:271} INFO - POST http://elasticsearch:9200/final_projects/_doc [status:201 request:0.002s]
[2024-09-24T13:01:26.450+0000] {logging_mixin.py:115} INFO - {'_index': 'final_projects', '_type': '_doc', '_id': 'NVAfJJIB9Ge4CN5SVkMw', '_version': 1, 'result': 'created', '_shards': {'total': 2, 'successful': 1, 'failed': 0}, '_seq_no': 712, '_primary_term': 1}
[2024-09-24T13:01:26.451+0000] {base.py:271} INFO - POST http://elasticsearch:9200/final_projects/_doc [status:201 request:0.002s]
[2024-09-24T13:01:26.452+0000] {logging_mixin.py:115} INFO - {'_index': 'final_projects', '_type': '_doc', '_id': 'NlAfJJIB9Ge4CN5SVkMy', '_version': 1, 'result': 'created', '_shards': {'total': 2, 'successful': 1, 'failed': 0}, '_seq_no': 713, '_primary_term': 1}
[2024-09-24T13:01:26.453+0000] {base.py:271} INFO - POST http://elasticsearch:9200/final_projects/_doc [status:201 request:0.002s]
[2024-09-24T13:01:26.453+0000] {logging_mixin.py:115} INFO - {'_index': 'final_projects', '_type': '_doc', '_id': 'N1AfJJIB9Ge4CN5SVkM0', '_version': 1, 'result': 'created', '_shards': {'total': 2, 'successful': 1, 'failed': 0}, '_seq_no': 714, '_primary_term': 1}
[2024-09-24T13:01:26.455+0000] {base.py:271} INFO - POST http://elasticsearch:9200/final_projects/_doc [status:201 request:0.002s]
[2024-09-24T13:01:26.455+0000] {logging_mixin.py:115} INFO - {'_index': 'final_projects', '_type': '_doc', '_id': 'OFAfJJIB9Ge4CN5SVkM2', '_version': 1, 'result': 'created', '_shards': {'total': 2, 'successful': 1, 'failed': 0}, '_seq_no': 715, '_primary_term': 1}
[2024-09-24T13:01:26.457+0000] {base.py:271} INFO - POST http://elasticsearch:9200/final_projects/_doc [status:201 request:0.002s]
[2024-09-24T13:01:26.457+0000] {logging_mixin.py:115} INFO - {'_index': 'final_projects', '_type': '_doc', '_id': 'OVAfJJIB9Ge4CN5SVkM4', '_version': 1, 'result': 'created', '_shards': {'total': 2, 'successful': 1, 'failed': 0}, '_seq_no': 716, '_primary_term': 1}
[2024-09-24T13:01:26.459+0000] {base.py:271} INFO - POST http://elasticsearch:9200/final_projects/_doc [status:201 request:0.001s]
[2024-09-24T13:01:26.459+0000] {logging_mixin.py:115} INFO - {'_index': 'final_projects', '_type': '_doc', '_id': 'OlAfJJIB9Ge4CN5SVkM6', '_version': 1, 'result': 'created', '_shards': {'total': 2, 'successful': 1, 'failed': 0}, '_seq_no': 717, '_primary_term': 1}
[2024-09-24T13:01:26.461+0000] {base.py:271} INFO - POST http://elasticsearch:9200/final_projects/_doc [status:201 request:0.001s]
[2024-09-24T13:01:26.461+0000] {logging_mixin.py:115} INFO - {'_index': 'final_projects', '_type': '_doc', '_id': 'O1AfJJIB9Ge4CN5SVkM7', '_version': 1, 'result': 'created', '_shards': {'total': 2, 'successful': 1, 'failed': 0}, '_seq_no': 718, '_primary_term': 1}
[2024-09-24T13:01:26.463+0000] {base.py:271} INFO - POST http://elasticsearch:9200/final_projects/_doc [status:201 request:0.001s]
[2024-09-24T13:01:26.463+0000] {logging_mixin.py:115} INFO - {'_index': 'final_projects', '_type': '_doc', '_id': 'PFAfJJIB9Ge4CN5SVkM9', '_version': 1, 'result': 'created', '_shards': {'total': 2, 'successful': 1, 'failed': 0}, '_seq_no': 719, '_primary_term': 1}
[2024-09-24T13:01:26.465+0000] {base.py:271} INFO - POST http://elasticsearch:9200/final_projects/_doc [status:201 request:0.002s]
[2024-09-24T13:01:26.466+0000] {logging_mixin.py:115} INFO - {'_index': 'final_projects', '_type': '_doc', '_id': 'PVAfJJIB9Ge4CN5SVkM_', '_version': 1, 'result': 'created', '_shards': {'total': 2, 'successful': 1, 'failed': 0}, '_seq_no': 720, '_primary_term': 1}
[2024-09-24T13:01:26.471+0000] {base.py:271} INFO - POST http://elasticsearch:9200/final_projects/_doc [status:201 request:0.004s]
[2024-09-24T13:01:26.471+0000] {logging_mixin.py:115} INFO - {'_index': 'final_projects', '_type': '_doc', '_id': 'PlAfJJIB9Ge4CN5SVkNE', '_version': 1, 'result': 'created', '_shards': {'total': 2, 'successful': 1, 'failed': 0}, '_seq_no': 721, '_primary_term': 1}
[2024-09-24T13:01:26.474+0000] {base.py:271} INFO - POST http://elasticsearch:9200/final_projects/_doc [status:201 request:0.003s]
[2024-09-24T13:01:26.475+0000] {logging_mixin.py:115} INFO - {'_index': 'final_projects', '_type': '_doc', '_id': 'P1AfJJIB9Ge4CN5SVkNI', '_version': 1, 'result': 'created', '_shards': {'total': 2, 'successful': 1, 'failed': 0}, '_seq_no': 722, '_primary_term': 1}
[2024-09-24T13:01:26.477+0000] {base.py:271} INFO - POST http://elasticsearch:9200/final_projects/_doc [status:201 request:0.002s]
[2024-09-24T13:01:26.477+0000] {logging_mixin.py:115} INFO - {'_index': 'final_projects', '_type': '_doc', '_id': 'QFAfJJIB9Ge4CN5SVkNL', '_version': 1, 'result': 'created', '_shards': {'total': 2, 'successful': 1, 'failed': 0}, '_seq_no': 723, '_primary_term': 1}
[2024-09-24T13:01:26.479+0000] {base.py:271} INFO - POST http://elasticsearch:9200/final_projects/_doc [status:201 request:0.002s]
[2024-09-24T13:01:26.479+0000] {logging_mixin.py:115} INFO - {'_index': 'final_projects', '_type': '_doc', '_id': 'QVAfJJIB9Ge4CN5SVkNN', '_version': 1, 'result': 'created', '_shards': {'total': 2, 'successful': 1, 'failed': 0}, '_seq_no': 724, '_primary_term': 1}
[2024-09-24T13:01:26.481+0000] {base.py:271} INFO - POST http://elasticsearch:9200/final_projects/_doc [status:201 request:0.002s]
[2024-09-24T13:01:26.481+0000] {logging_mixin.py:115} INFO - {'_index': 'final_projects', '_type': '_doc', '_id': 'QlAfJJIB9Ge4CN5SVkNP', '_version': 1, 'result': 'created', '_shards': {'total': 2, 'successful': 1, 'failed': 0}, '_seq_no': 725, '_primary_term': 1}
[2024-09-24T13:01:26.482+0000] {base.py:271} INFO - POST http://elasticsearch:9200/final_projects/_doc [status:201 request:0.002s]
[2024-09-24T13:01:26.483+0000] {logging_mixin.py:115} INFO - {'_index': 'final_projects', '_type': '_doc', '_id': 'Q1AfJJIB9Ge4CN5SVkNR', '_version': 1, 'result': 'created', '_shards': {'total': 2, 'successful': 1, 'failed': 0}, '_seq_no': 726, '_primary_term': 1}
[2024-09-24T13:01:26.484+0000] {base.py:271} INFO - POST http://elasticsearch:9200/final_projects/_doc [status:201 request:0.001s]
[2024-09-24T13:01:26.484+0000] {logging_mixin.py:115} INFO - {'_index': 'final_projects', '_type': '_doc', '_id': 'RFAfJJIB9Ge4CN5SVkNT', '_version': 1, 'result': 'created', '_shards': {'total': 2, 'successful': 1, 'failed': 0}, '_seq_no': 727, '_primary_term': 1}
[2024-09-24T13:01:26.486+0000] {base.py:271} INFO - POST http://elasticsearch:9200/final_projects/_doc [status:201 request:0.002s]
[2024-09-24T13:01:26.486+0000] {logging_mixin.py:115} INFO - {'_index': 'final_projects', '_type': '_doc', '_id': 'RVAfJJIB9Ge4CN5SVkNV', '_version': 1, 'result': 'created', '_shards': {'total': 2, 'successful': 1, 'failed': 0}, '_seq_no': 728, '_primary_term': 1}
[2024-09-24T13:01:26.488+0000] {base.py:271} INFO - POST http://elasticsearch:9200/final_projects/_doc [status:201 request:0.001s]
[2024-09-24T13:01:26.488+0000] {logging_mixin.py:115} INFO - {'_index': 'final_projects', '_type': '_doc', '_id': 'RlAfJJIB9Ge4CN5SVkNX', '_version': 1, 'result': 'created', '_shards': {'total': 2, 'successful': 1, 'failed': 0}, '_seq_no': 729, '_primary_term': 1}
[2024-09-24T13:01:26.490+0000] {base.py:271} INFO - POST http://elasticsearch:9200/final_projects/_doc [status:201 request:0.001s]
[2024-09-24T13:01:26.490+0000] {logging_mixin.py:115} INFO - {'_index': 'final_projects', '_type': '_doc', '_id': 'R1AfJJIB9Ge4CN5SVkNZ', '_version': 1, 'result': 'created', '_shards': {'total': 2, 'successful': 1, 'failed': 0}, '_seq_no': 730, '_primary_term': 1}
[2024-09-24T13:01:26.492+0000] {base.py:271} INFO - POST http://elasticsearch:9200/final_projects/_doc [status:201 request:0.002s]
[2024-09-24T13:01:26.492+0000] {logging_mixin.py:115} INFO - {'_index': 'final_projects', '_type': '_doc', '_id': 'SFAfJJIB9Ge4CN5SVkNb', '_version': 1, 'result': 'created', '_shards': {'total': 2, 'successful': 1, 'failed': 0}, '_seq_no': 731, '_primary_term': 1}
[2024-09-24T13:01:26.494+0000] {base.py:271} INFO - POST http://elasticsearch:9200/final_projects/_doc [status:201 request:0.002s]
[2024-09-24T13:01:26.494+0000] {logging_mixin.py:115} INFO - {'_index': 'final_projects', '_type': '_doc', '_id': 'SVAfJJIB9Ge4CN5SVkNc', '_version': 1, 'result': 'created', '_shards': {'total': 2, 'successful': 1, 'failed': 0}, '_seq_no': 732, '_primary_term': 1}
[2024-09-24T13:01:26.496+0000] {base.py:271} INFO - POST http://elasticsearch:9200/final_projects/_doc [status:201 request:0.001s]
[2024-09-24T13:01:26.496+0000] {logging_mixin.py:115} INFO - {'_index': 'final_projects', '_type': '_doc', '_id': 'SlAfJJIB9Ge4CN5SVkNe', '_version': 1, 'result': 'created', '_shards': {'total': 2, 'successful': 1, 'failed': 0}, '_seq_no': 733, '_primary_term': 1}
[2024-09-24T13:01:26.498+0000] {base.py:271} INFO - POST http://elasticsearch:9200/final_projects/_doc [status:201 request:0.002s]
[2024-09-24T13:01:26.498+0000] {logging_mixin.py:115} INFO - {'_index': 'final_projects', '_type': '_doc', '_id': 'S1AfJJIB9Ge4CN5SVkNg', '_version': 1, 'result': 'created', '_shards': {'total': 2, 'successful': 1, 'failed': 0}, '_seq_no': 734, '_primary_term': 1}
[2024-09-24T13:01:26.500+0000] {base.py:271} INFO - POST http://elasticsearch:9200/final_projects/_doc [status:201 request:0.002s]
[2024-09-24T13:01:26.500+0000] {logging_mixin.py:115} INFO - {'_index': 'final_projects', '_type': '_doc', '_id': 'TFAfJJIB9Ge4CN5SVkNi', '_version': 1, 'result': 'created', '_shards': {'total': 2, 'successful': 1, 'failed': 0}, '_seq_no': 735, '_primary_term': 1}
[2024-09-24T13:01:26.501+0000] {base.py:271} INFO - POST http://elasticsearch:9200/final_projects/_doc [status:201 request:0.001s]
[2024-09-24T13:01:26.502+0000] {logging_mixin.py:115} INFO - {'_index': 'final_projects', '_type': '_doc', '_id': 'TVAfJJIB9Ge4CN5SVkNk', '_version': 1, 'result': 'created', '_shards': {'total': 2, 'successful': 1, 'failed': 0}, '_seq_no': 736, '_primary_term': 1}
[2024-09-24T13:01:26.503+0000] {base.py:271} INFO - POST http://elasticsearch:9200/final_projects/_doc [status:201 request:0.001s]
[2024-09-24T13:01:26.503+0000] {logging_mixin.py:115} INFO - {'_index': 'final_projects', '_type': '_doc', '_id': 'TlAfJJIB9Ge4CN5SVkNm', '_version': 1, 'result': 'created', '_shards': {'total': 2, 'successful': 1, 'failed': 0}, '_seq_no': 737, '_primary_term': 1}
[2024-09-24T13:01:26.505+0000] {base.py:271} INFO - POST http://elasticsearch:9200/final_projects/_doc [status:201 request:0.001s]
[2024-09-24T13:01:26.505+0000] {logging_mixin.py:115} INFO - {'_index': 'final_projects', '_type': '_doc', '_id': 'T1AfJJIB9Ge4CN5SVkNo', '_version': 1, 'result': 'created', '_shards': {'total': 2, 'successful': 1, 'failed': 0}, '_seq_no': 738, '_primary_term': 1}
[2024-09-24T13:01:26.507+0000] {base.py:271} INFO - POST http://elasticsearch:9200/final_projects/_doc [status:201 request:0.001s]
[2024-09-24T13:01:26.507+0000] {logging_mixin.py:115} INFO - {'_index': 'final_projects', '_type': '_doc', '_id': 'UFAfJJIB9Ge4CN5SVkNp', '_version': 1, 'result': 'created', '_shards': {'total': 2, 'successful': 1, 'failed': 0}, '_seq_no': 739, '_primary_term': 1}
[2024-09-24T13:01:26.508+0000] {base.py:271} INFO - POST http://elasticsearch:9200/final_projects/_doc [status:201 request:0.001s]
[2024-09-24T13:01:26.509+0000] {logging_mixin.py:115} INFO - {'_index': 'final_projects', '_type': '_doc', '_id': 'UVAfJJIB9Ge4CN5SVkNr', '_version': 1, 'result': 'created', '_shards': {'total': 2, 'successful': 1, 'failed': 0}, '_seq_no': 740, '_primary_term': 1}
[2024-09-24T13:01:26.510+0000] {base.py:271} INFO - POST http://elasticsearch:9200/final_projects/_doc [status:201 request:0.001s]
[2024-09-24T13:01:26.510+0000] {logging_mixin.py:115} INFO - {'_index': 'final_projects', '_type': '_doc', '_id': 'UlAfJJIB9Ge4CN5SVkNt', '_version': 1, 'result': 'created', '_shards': {'total': 2, 'successful': 1, 'failed': 0}, '_seq_no': 741, '_primary_term': 1}
[2024-09-24T13:01:26.512+0000] {base.py:271} INFO - POST http://elasticsearch:9200/final_projects/_doc [status:201 request:0.001s]
[2024-09-24T13:01:26.512+0000] {logging_mixin.py:115} INFO - {'_index': 'final_projects', '_type': '_doc', '_id': 'U1AfJJIB9Ge4CN5SVkNv', '_version': 1, 'result': 'created', '_shards': {'total': 2, 'successful': 1, 'failed': 0}, '_seq_no': 742, '_primary_term': 1}
[2024-09-24T13:01:26.514+0000] {base.py:271} INFO - POST http://elasticsearch:9200/final_projects/_doc [status:201 request:0.002s]
[2024-09-24T13:01:26.514+0000] {logging_mixin.py:115} INFO - {'_index': 'final_projects', '_type': '_doc', '_id': 'VFAfJJIB9Ge4CN5SVkNw', '_version': 1, 'result': 'created', '_shards': {'total': 2, 'successful': 1, 'failed': 0}, '_seq_no': 743, '_primary_term': 1}
[2024-09-24T13:01:26.516+0000] {base.py:271} INFO - POST http://elasticsearch:9200/final_projects/_doc [status:201 request:0.001s]
[2024-09-24T13:01:26.516+0000] {logging_mixin.py:115} INFO - {'_index': 'final_projects', '_type': '_doc', '_id': 'VVAfJJIB9Ge4CN5SVkNy', '_version': 1, 'result': 'created', '_shards': {'total': 2, 'successful': 1, 'failed': 0}, '_seq_no': 744, '_primary_term': 1}
[2024-09-24T13:01:26.518+0000] {base.py:271} INFO - POST http://elasticsearch:9200/final_projects/_doc [status:201 request:0.002s]
[2024-09-24T13:01:26.518+0000] {logging_mixin.py:115} INFO - {'_index': 'final_projects', '_type': '_doc', '_id': 'VlAfJJIB9Ge4CN5SVkN0', '_version': 1, 'result': 'created', '_shards': {'total': 2, 'successful': 1, 'failed': 0}, '_seq_no': 745, '_primary_term': 1}
[2024-09-24T13:01:26.520+0000] {base.py:271} INFO - POST http://elasticsearch:9200/final_projects/_doc [status:201 request:0.001s]
[2024-09-24T13:01:26.520+0000] {logging_mixin.py:115} INFO - {'_index': 'final_projects', '_type': '_doc', '_id': 'V1AfJJIB9Ge4CN5SVkN2', '_version': 1, 'result': 'created', '_shards': {'total': 2, 'successful': 1, 'failed': 0}, '_seq_no': 746, '_primary_term': 1}
[2024-09-24T13:01:26.522+0000] {base.py:271} INFO - POST http://elasticsearch:9200/final_projects/_doc [status:201 request:0.002s]
[2024-09-24T13:01:26.522+0000] {logging_mixin.py:115} INFO - {'_index': 'final_projects', '_type': '_doc', '_id': 'WFAfJJIB9Ge4CN5SVkN4', '_version': 1, 'result': 'created', '_shards': {'total': 2, 'successful': 1, 'failed': 0}, '_seq_no': 747, '_primary_term': 1}
[2024-09-24T13:01:26.524+0000] {base.py:271} INFO - POST http://elasticsearch:9200/final_projects/_doc [status:201 request:0.002s]
[2024-09-24T13:01:26.524+0000] {logging_mixin.py:115} INFO - {'_index': 'final_projects', '_type': '_doc', '_id': 'WVAfJJIB9Ge4CN5SVkN6', '_version': 1, 'result': 'created', '_shards': {'total': 2, 'successful': 1, 'failed': 0}, '_seq_no': 748, '_primary_term': 1}
[2024-09-24T13:01:26.526+0000] {base.py:271} INFO - POST http://elasticsearch:9200/final_projects/_doc [status:201 request:0.002s]
[2024-09-24T13:01:26.526+0000] {logging_mixin.py:115} INFO - {'_index': 'final_projects', '_type': '_doc', '_id': 'WlAfJJIB9Ge4CN5SVkN8', '_version': 1, 'result': 'created', '_shards': {'total': 2, 'successful': 1, 'failed': 0}, '_seq_no': 749, '_primary_term': 1}
[2024-09-24T13:01:26.527+0000] {base.py:271} INFO - POST http://elasticsearch:9200/final_projects/_doc [status:201 request:0.002s]
[2024-09-24T13:01:26.528+0000] {logging_mixin.py:115} INFO - {'_index': 'final_projects', '_type': '_doc', '_id': 'W1AfJJIB9Ge4CN5SVkN-', '_version': 1, 'result': 'created', '_shards': {'total': 2, 'successful': 1, 'failed': 0}, '_seq_no': 750, '_primary_term': 1}
[2024-09-24T13:01:26.529+0000] {base.py:271} INFO - POST http://elasticsearch:9200/final_projects/_doc [status:201 request:0.001s]
[2024-09-24T13:01:26.529+0000] {logging_mixin.py:115} INFO - {'_index': 'final_projects', '_type': '_doc', '_id': 'XFAfJJIB9Ge4CN5SVkOA', '_version': 1, 'result': 'created', '_shards': {'total': 2, 'successful': 1, 'failed': 0}, '_seq_no': 751, '_primary_term': 1}
[2024-09-24T13:01:26.531+0000] {base.py:271} INFO - POST http://elasticsearch:9200/final_projects/_doc [status:201 request:0.001s]
[2024-09-24T13:01:26.531+0000] {logging_mixin.py:115} INFO - {'_index': 'final_projects', '_type': '_doc', '_id': 'XVAfJJIB9Ge4CN5SVkOC', '_version': 1, 'result': 'created', '_shards': {'total': 2, 'successful': 1, 'failed': 0}, '_seq_no': 752, '_primary_term': 1}
[2024-09-24T13:01:26.533+0000] {base.py:271} INFO - POST http://elasticsearch:9200/final_projects/_doc [status:201 request:0.001s]
[2024-09-24T13:01:26.533+0000] {logging_mixin.py:115} INFO - {'_index': 'final_projects', '_type': '_doc', '_id': 'XlAfJJIB9Ge4CN5SVkOE', '_version': 1, 'result': 'created', '_shards': {'total': 2, 'successful': 1, 'failed': 0}, '_seq_no': 753, '_primary_term': 1}
[2024-09-24T13:01:26.534+0000] {base.py:271} INFO - POST http://elasticsearch:9200/final_projects/_doc [status:201 request:0.001s]
[2024-09-24T13:01:26.535+0000] {logging_mixin.py:115} INFO - {'_index': 'final_projects', '_type': '_doc', '_id': 'X1AfJJIB9Ge4CN5SVkOF', '_version': 1, 'result': 'created', '_shards': {'total': 2, 'successful': 1, 'failed': 0}, '_seq_no': 754, '_primary_term': 1}
[2024-09-24T13:01:26.536+0000] {base.py:271} INFO - POST http://elasticsearch:9200/final_projects/_doc [status:201 request:0.001s]
[2024-09-24T13:01:26.536+0000] {logging_mixin.py:115} INFO - {'_index': 'final_projects', '_type': '_doc', '_id': 'YFAfJJIB9Ge4CN5SVkOH', '_version': 1, 'result': 'created', '_shards': {'total': 2, 'successful': 1, 'failed': 0}, '_seq_no': 755, '_primary_term': 1}
[2024-09-24T13:01:26.538+0000] {base.py:271} INFO - POST http://elasticsearch:9200/final_projects/_doc [status:201 request:0.002s]
[2024-09-24T13:01:26.538+0000] {logging_mixin.py:115} INFO - {'_index': 'final_projects', '_type': '_doc', '_id': 'YVAfJJIB9Ge4CN5SVkOJ', '_version': 1, 'result': 'created', '_shards': {'total': 2, 'successful': 1, 'failed': 0}, '_seq_no': 756, '_primary_term': 1}
[2024-09-24T13:01:26.540+0000] {base.py:271} INFO - POST http://elasticsearch:9200/final_projects/_doc [status:201 request:0.001s]
[2024-09-24T13:01:26.540+0000] {logging_mixin.py:115} INFO - {'_index': 'final_projects', '_type': '_doc', '_id': 'YlAfJJIB9Ge4CN5SVkOL', '_version': 1, 'result': 'created', '_shards': {'total': 2, 'successful': 1, 'failed': 0}, '_seq_no': 757, '_primary_term': 1}
[2024-09-24T13:01:26.542+0000] {base.py:271} INFO - POST http://elasticsearch:9200/final_projects/_doc [status:201 request:0.001s]
[2024-09-24T13:01:26.542+0000] {logging_mixin.py:115} INFO - {'_index': 'final_projects', '_type': '_doc', '_id': 'Y1AfJJIB9Ge4CN5SVkOM', '_version': 1, 'result': 'created', '_shards': {'total': 2, 'successful': 1, 'failed': 0}, '_seq_no': 758, '_primary_term': 1}
[2024-09-24T13:01:26.543+0000] {base.py:271} INFO - POST http://elasticsearch:9200/final_projects/_doc [status:201 request:0.002s]
[2024-09-24T13:01:26.544+0000] {logging_mixin.py:115} INFO - {'_index': 'final_projects', '_type': '_doc', '_id': 'ZFAfJJIB9Ge4CN5SVkOO', '_version': 1, 'result': 'created', '_shards': {'total': 2, 'successful': 1, 'failed': 0}, '_seq_no': 759, '_primary_term': 1}
[2024-09-24T13:01:26.545+0000] {base.py:271} INFO - POST http://elasticsearch:9200/final_projects/_doc [status:201 request:0.001s]
[2024-09-24T13:01:26.545+0000] {logging_mixin.py:115} INFO - {'_index': 'final_projects', '_type': '_doc', '_id': 'ZVAfJJIB9Ge4CN5SVkOQ', '_version': 1, 'result': 'created', '_shards': {'total': 2, 'successful': 1, 'failed': 0}, '_seq_no': 760, '_primary_term': 1}
[2024-09-24T13:01:26.547+0000] {base.py:271} INFO - POST http://elasticsearch:9200/final_projects/_doc [status:201 request:0.001s]
[2024-09-24T13:01:26.547+0000] {logging_mixin.py:115} INFO - {'_index': 'final_projects', '_type': '_doc', '_id': 'ZlAfJJIB9Ge4CN5SVkOS', '_version': 1, 'result': 'created', '_shards': {'total': 2, 'successful': 1, 'failed': 0}, '_seq_no': 761, '_primary_term': 1}
[2024-09-24T13:01:26.549+0000] {base.py:271} INFO - POST http://elasticsearch:9200/final_projects/_doc [status:201 request:0.001s]
[2024-09-24T13:01:26.549+0000] {logging_mixin.py:115} INFO - {'_index': 'final_projects', '_type': '_doc', '_id': 'Z1AfJJIB9Ge4CN5SVkOU', '_version': 1, 'result': 'created', '_shards': {'total': 2, 'successful': 1, 'failed': 0}, '_seq_no': 762, '_primary_term': 1}
[2024-09-24T13:01:26.550+0000] {base.py:271} INFO - POST http://elasticsearch:9200/final_projects/_doc [status:201 request:0.001s]
[2024-09-24T13:01:26.551+0000] {logging_mixin.py:115} INFO - {'_index': 'final_projects', '_type': '_doc', '_id': 'aFAfJJIB9Ge4CN5SVkOV', '_version': 1, 'result': 'created', '_shards': {'total': 2, 'successful': 1, 'failed': 0}, '_seq_no': 763, '_primary_term': 1}
[2024-09-24T13:01:26.552+0000] {base.py:271} INFO - POST http://elasticsearch:9200/final_projects/_doc [status:201 request:0.001s]
[2024-09-24T13:01:26.552+0000] {logging_mixin.py:115} INFO - {'_index': 'final_projects', '_type': '_doc', '_id': 'aVAfJJIB9Ge4CN5SVkOX', '_version': 1, 'result': 'created', '_shards': {'total': 2, 'successful': 1, 'failed': 0}, '_seq_no': 764, '_primary_term': 1}
[2024-09-24T13:01:26.554+0000] {base.py:271} INFO - POST http://elasticsearch:9200/final_projects/_doc [status:201 request:0.001s]
[2024-09-24T13:01:26.554+0000] {logging_mixin.py:115} INFO - {'_index': 'final_projects', '_type': '_doc', '_id': 'alAfJJIB9Ge4CN5SVkOZ', '_version': 1, 'result': 'created', '_shards': {'total': 2, 'successful': 1, 'failed': 0}, '_seq_no': 765, '_primary_term': 1}
[2024-09-24T13:01:26.555+0000] {base.py:271} INFO - POST http://elasticsearch:9200/final_projects/_doc [status:201 request:0.001s]
[2024-09-24T13:01:26.555+0000] {logging_mixin.py:115} INFO - {'_index': 'final_projects', '_type': '_doc', '_id': 'a1AfJJIB9Ge4CN5SVkOa', '_version': 1, 'result': 'created', '_shards': {'total': 2, 'successful': 1, 'failed': 0}, '_seq_no': 766, '_primary_term': 1}
[2024-09-24T13:01:26.557+0000] {base.py:271} INFO - POST http://elasticsearch:9200/final_projects/_doc [status:201 request:0.001s]
[2024-09-24T13:01:26.557+0000] {logging_mixin.py:115} INFO - {'_index': 'final_projects', '_type': '_doc', '_id': 'bFAfJJIB9Ge4CN5SVkOc', '_version': 1, 'result': 'created', '_shards': {'total': 2, 'successful': 1, 'failed': 0}, '_seq_no': 767, '_primary_term': 1}
[2024-09-24T13:01:26.559+0000] {base.py:271} INFO - POST http://elasticsearch:9200/final_projects/_doc [status:201 request:0.001s]
[2024-09-24T13:01:26.559+0000] {logging_mixin.py:115} INFO - {'_index': 'final_projects', '_type': '_doc', '_id': 'bVAfJJIB9Ge4CN5SVkOe', '_version': 1, 'result': 'created', '_shards': {'total': 2, 'successful': 1, 'failed': 0}, '_seq_no': 768, '_primary_term': 1}
[2024-09-24T13:01:26.561+0000] {base.py:271} INFO - POST http://elasticsearch:9200/final_projects/_doc [status:201 request:0.001s]
[2024-09-24T13:01:26.561+0000] {logging_mixin.py:115} INFO - {'_index': 'final_projects', '_type': '_doc', '_id': 'blAfJJIB9Ge4CN5SVkOf', '_version': 1, 'result': 'created', '_shards': {'total': 2, 'successful': 1, 'failed': 0}, '_seq_no': 769, '_primary_term': 1}
[2024-09-24T13:01:26.562+0000] {base.py:271} INFO - POST http://elasticsearch:9200/final_projects/_doc [status:201 request:0.001s]
[2024-09-24T13:01:26.562+0000] {logging_mixin.py:115} INFO - {'_index': 'final_projects', '_type': '_doc', '_id': 'b1AfJJIB9Ge4CN5SVkOh', '_version': 1, 'result': 'created', '_shards': {'total': 2, 'successful': 1, 'failed': 0}, '_seq_no': 770, '_primary_term': 1}
[2024-09-24T13:01:26.564+0000] {base.py:271} INFO - POST http://elasticsearch:9200/final_projects/_doc [status:201 request:0.001s]
[2024-09-24T13:01:26.564+0000] {logging_mixin.py:115} INFO - {'_index': 'final_projects', '_type': '_doc', '_id': 'cFAfJJIB9Ge4CN5SVkOj', '_version': 1, 'result': 'created', '_shards': {'total': 2, 'successful': 1, 'failed': 0}, '_seq_no': 771, '_primary_term': 1}
[2024-09-24T13:01:26.566+0000] {base.py:271} INFO - POST http://elasticsearch:9200/final_projects/_doc [status:201 request:0.001s]
[2024-09-24T13:01:26.566+0000] {logging_mixin.py:115} INFO - {'_index': 'final_projects', '_type': '_doc', '_id': 'cVAfJJIB9Ge4CN5SVkOl', '_version': 1, 'result': 'created', '_shards': {'total': 2, 'successful': 1, 'failed': 0}, '_seq_no': 772, '_primary_term': 1}
[2024-09-24T13:01:26.567+0000] {base.py:271} INFO - POST http://elasticsearch:9200/final_projects/_doc [status:201 request:0.001s]
[2024-09-24T13:01:26.568+0000] {logging_mixin.py:115} INFO - {'_index': 'final_projects', '_type': '_doc', '_id': 'clAfJJIB9Ge4CN5SVkOm', '_version': 1, 'result': 'created', '_shards': {'total': 2, 'successful': 1, 'failed': 0}, '_seq_no': 773, '_primary_term': 1}
[2024-09-24T13:01:26.569+0000] {base.py:271} INFO - POST http://elasticsearch:9200/final_projects/_doc [status:201 request:0.001s]
[2024-09-24T13:01:26.569+0000] {logging_mixin.py:115} INFO - {'_index': 'final_projects', '_type': '_doc', '_id': 'c1AfJJIB9Ge4CN5SVkOo', '_version': 1, 'result': 'created', '_shards': {'total': 2, 'successful': 1, 'failed': 0}, '_seq_no': 774, '_primary_term': 1}
[2024-09-24T13:01:26.571+0000] {base.py:271} INFO - POST http://elasticsearch:9200/final_projects/_doc [status:201 request:0.001s]
[2024-09-24T13:01:26.571+0000] {logging_mixin.py:115} INFO - {'_index': 'final_projects', '_type': '_doc', '_id': 'dFAfJJIB9Ge4CN5SVkOq', '_version': 1, 'result': 'created', '_shards': {'total': 2, 'successful': 1, 'failed': 0}, '_seq_no': 775, '_primary_term': 1}
[2024-09-24T13:01:26.573+0000] {base.py:271} INFO - POST http://elasticsearch:9200/final_projects/_doc [status:201 request:0.001s]
[2024-09-24T13:01:26.573+0000] {logging_mixin.py:115} INFO - {'_index': 'final_projects', '_type': '_doc', '_id': 'dVAfJJIB9Ge4CN5SVkOs', '_version': 1, 'result': 'created', '_shards': {'total': 2, 'successful': 1, 'failed': 0}, '_seq_no': 776, '_primary_term': 1}
[2024-09-24T13:01:26.574+0000] {base.py:271} INFO - POST http://elasticsearch:9200/final_projects/_doc [status:201 request:0.001s]
[2024-09-24T13:01:26.575+0000] {logging_mixin.py:115} INFO - {'_index': 'final_projects', '_type': '_doc', '_id': 'dlAfJJIB9Ge4CN5SVkOt', '_version': 1, 'result': 'created', '_shards': {'total': 2, 'successful': 1, 'failed': 0}, '_seq_no': 777, '_primary_term': 1}
[2024-09-24T13:01:26.576+0000] {base.py:271} INFO - POST http://elasticsearch:9200/final_projects/_doc [status:201 request:0.001s]
[2024-09-24T13:01:26.576+0000] {logging_mixin.py:115} INFO - {'_index': 'final_projects', '_type': '_doc', '_id': 'd1AfJJIB9Ge4CN5SVkOv', '_version': 1, 'result': 'created', '_shards': {'total': 2, 'successful': 1, 'failed': 0}, '_seq_no': 778, '_primary_term': 1}
[2024-09-24T13:01:26.578+0000] {base.py:271} INFO - POST http://elasticsearch:9200/final_projects/_doc [status:201 request:0.001s]
[2024-09-24T13:01:26.578+0000] {logging_mixin.py:115} INFO - {'_index': 'final_projects', '_type': '_doc', '_id': 'eFAfJJIB9Ge4CN5SVkOx', '_version': 1, 'result': 'created', '_shards': {'total': 2, 'successful': 1, 'failed': 0}, '_seq_no': 779, '_primary_term': 1}
[2024-09-24T13:01:26.579+0000] {base.py:271} INFO - POST http://elasticsearch:9200/final_projects/_doc [status:201 request:0.001s]
[2024-09-24T13:01:26.579+0000] {logging_mixin.py:115} INFO - {'_index': 'final_projects', '_type': '_doc', '_id': 'eVAfJJIB9Ge4CN5SVkOy', '_version': 1, 'result': 'created', '_shards': {'total': 2, 'successful': 1, 'failed': 0}, '_seq_no': 780, '_primary_term': 1}
[2024-09-24T13:01:26.581+0000] {base.py:271} INFO - POST http://elasticsearch:9200/final_projects/_doc [status:201 request:0.001s]
[2024-09-24T13:01:26.581+0000] {logging_mixin.py:115} INFO - {'_index': 'final_projects', '_type': '_doc', '_id': 'elAfJJIB9Ge4CN5SVkO0', '_version': 1, 'result': 'created', '_shards': {'total': 2, 'successful': 1, 'failed': 0}, '_seq_no': 781, '_primary_term': 1}
[2024-09-24T13:01:26.583+0000] {base.py:271} INFO - POST http://elasticsearch:9200/final_projects/_doc [status:201 request:0.001s]
[2024-09-24T13:01:26.583+0000] {logging_mixin.py:115} INFO - {'_index': 'final_projects', '_type': '_doc', '_id': 'e1AfJJIB9Ge4CN5SVkO2', '_version': 1, 'result': 'created', '_shards': {'total': 2, 'successful': 1, 'failed': 0}, '_seq_no': 782, '_primary_term': 1}
[2024-09-24T13:01:26.584+0000] {base.py:271} INFO - POST http://elasticsearch:9200/final_projects/_doc [status:201 request:0.001s]
[2024-09-24T13:01:26.585+0000] {logging_mixin.py:115} INFO - {'_index': 'final_projects', '_type': '_doc', '_id': 'fFAfJJIB9Ge4CN5SVkO3', '_version': 1, 'result': 'created', '_shards': {'total': 2, 'successful': 1, 'failed': 0}, '_seq_no': 783, '_primary_term': 1}
[2024-09-24T13:01:26.586+0000] {base.py:271} INFO - POST http://elasticsearch:9200/final_projects/_doc [status:201 request:0.001s]
[2024-09-24T13:01:26.586+0000] {logging_mixin.py:115} INFO - {'_index': 'final_projects', '_type': '_doc', '_id': 'fVAfJJIB9Ge4CN5SVkO5', '_version': 1, 'result': 'created', '_shards': {'total': 2, 'successful': 1, 'failed': 0}, '_seq_no': 784, '_primary_term': 1}
[2024-09-24T13:01:26.588+0000] {base.py:271} INFO - POST http://elasticsearch:9200/final_projects/_doc [status:201 request:0.002s]
[2024-09-24T13:01:26.588+0000] {logging_mixin.py:115} INFO - {'_index': 'final_projects', '_type': '_doc', '_id': 'flAfJJIB9Ge4CN5SVkO7', '_version': 1, 'result': 'created', '_shards': {'total': 2, 'successful': 1, 'failed': 0}, '_seq_no': 785, '_primary_term': 1}
[2024-09-24T13:01:26.590+0000] {base.py:271} INFO - POST http://elasticsearch:9200/final_projects/_doc [status:201 request:0.001s]
[2024-09-24T13:01:26.590+0000] {logging_mixin.py:115} INFO - {'_index': 'final_projects', '_type': '_doc', '_id': 'f1AfJJIB9Ge4CN5SVkO9', '_version': 1, 'result': 'created', '_shards': {'total': 2, 'successful': 1, 'failed': 0}, '_seq_no': 786, '_primary_term': 1}
[2024-09-24T13:01:26.591+0000] {base.py:271} INFO - POST http://elasticsearch:9200/final_projects/_doc [status:201 request:0.001s]
[2024-09-24T13:01:26.591+0000] {logging_mixin.py:115} INFO - {'_index': 'final_projects', '_type': '_doc', '_id': 'gFAfJJIB9Ge4CN5SVkO-', '_version': 1, 'result': 'created', '_shards': {'total': 2, 'successful': 1, 'failed': 0}, '_seq_no': 787, '_primary_term': 1}
[2024-09-24T13:01:26.593+0000] {base.py:271} INFO - POST http://elasticsearch:9200/final_projects/_doc [status:201 request:0.001s]
[2024-09-24T13:01:26.593+0000] {logging_mixin.py:115} INFO - {'_index': 'final_projects', '_type': '_doc', '_id': 'gVAfJJIB9Ge4CN5SVkPA', '_version': 1, 'result': 'created', '_shards': {'total': 2, 'successful': 1, 'failed': 0}, '_seq_no': 788, '_primary_term': 1}
[2024-09-24T13:01:26.595+0000] {base.py:271} INFO - POST http://elasticsearch:9200/final_projects/_doc [status:201 request:0.001s]
[2024-09-24T13:01:26.595+0000] {logging_mixin.py:115} INFO - {'_index': 'final_projects', '_type': '_doc', '_id': 'glAfJJIB9Ge4CN5SVkPC', '_version': 1, 'result': 'created', '_shards': {'total': 2, 'successful': 1, 'failed': 0}, '_seq_no': 789, '_primary_term': 1}
[2024-09-24T13:01:26.596+0000] {base.py:271} INFO - POST http://elasticsearch:9200/final_projects/_doc [status:201 request:0.001s]
[2024-09-24T13:01:26.596+0000] {logging_mixin.py:115} INFO - {'_index': 'final_projects', '_type': '_doc', '_id': 'g1AfJJIB9Ge4CN5SVkPD', '_version': 1, 'result': 'created', '_shards': {'total': 2, 'successful': 1, 'failed': 0}, '_seq_no': 790, '_primary_term': 1}
[2024-09-24T13:01:26.598+0000] {base.py:271} INFO - POST http://elasticsearch:9200/final_projects/_doc [status:201 request:0.001s]
[2024-09-24T13:01:26.598+0000] {logging_mixin.py:115} INFO - {'_index': 'final_projects', '_type': '_doc', '_id': 'hFAfJJIB9Ge4CN5SVkPF', '_version': 1, 'result': 'created', '_shards': {'total': 2, 'successful': 1, 'failed': 0}, '_seq_no': 791, '_primary_term': 1}
[2024-09-24T13:01:26.600+0000] {base.py:271} INFO - POST http://elasticsearch:9200/final_projects/_doc [status:201 request:0.001s]
[2024-09-24T13:01:26.600+0000] {logging_mixin.py:115} INFO - {'_index': 'final_projects', '_type': '_doc', '_id': 'hVAfJJIB9Ge4CN5SVkPH', '_version': 1, 'result': 'created', '_shards': {'total': 2, 'successful': 1, 'failed': 0}, '_seq_no': 792, '_primary_term': 1}
[2024-09-24T13:01:26.602+0000] {base.py:271} INFO - POST http://elasticsearch:9200/final_projects/_doc [status:201 request:0.002s]
[2024-09-24T13:01:26.602+0000] {logging_mixin.py:115} INFO - {'_index': 'final_projects', '_type': '_doc', '_id': 'hlAfJJIB9Ge4CN5SVkPI', '_version': 1, 'result': 'created', '_shards': {'total': 2, 'successful': 1, 'failed': 0}, '_seq_no': 793, '_primary_term': 1}
[2024-09-24T13:01:26.603+0000] {base.py:271} INFO - POST http://elasticsearch:9200/final_projects/_doc [status:201 request:0.001s]
[2024-09-24T13:01:26.603+0000] {logging_mixin.py:115} INFO - {'_index': 'final_projects', '_type': '_doc', '_id': 'h1AfJJIB9Ge4CN5SVkPK', '_version': 1, 'result': 'created', '_shards': {'total': 2, 'successful': 1, 'failed': 0}, '_seq_no': 794, '_primary_term': 1}
[2024-09-24T13:01:26.605+0000] {base.py:271} INFO - POST http://elasticsearch:9200/final_projects/_doc [status:201 request:0.002s]
[2024-09-24T13:01:26.605+0000] {logging_mixin.py:115} INFO - {'_index': 'final_projects', '_type': '_doc', '_id': 'iFAfJJIB9Ge4CN5SVkPM', '_version': 1, 'result': 'created', '_shards': {'total': 2, 'successful': 1, 'failed': 0}, '_seq_no': 795, '_primary_term': 1}
[2024-09-24T13:01:26.607+0000] {base.py:271} INFO - POST http://elasticsearch:9200/final_projects/_doc [status:201 request:0.001s]
[2024-09-24T13:01:26.607+0000] {logging_mixin.py:115} INFO - {'_index': 'final_projects', '_type': '_doc', '_id': 'iVAfJJIB9Ge4CN5SVkPO', '_version': 1, 'result': 'created', '_shards': {'total': 2, 'successful': 1, 'failed': 0}, '_seq_no': 796, '_primary_term': 1}
[2024-09-24T13:01:26.609+0000] {base.py:271} INFO - POST http://elasticsearch:9200/final_projects/_doc [status:201 request:0.001s]
[2024-09-24T13:01:26.609+0000] {logging_mixin.py:115} INFO - {'_index': 'final_projects', '_type': '_doc', '_id': 'ilAfJJIB9Ge4CN5SVkPQ', '_version': 1, 'result': 'created', '_shards': {'total': 2, 'successful': 1, 'failed': 0}, '_seq_no': 797, '_primary_term': 1}
[2024-09-24T13:01:26.610+0000] {base.py:271} INFO - POST http://elasticsearch:9200/final_projects/_doc [status:201 request:0.001s]
[2024-09-24T13:01:26.610+0000] {logging_mixin.py:115} INFO - {'_index': 'final_projects', '_type': '_doc', '_id': 'i1AfJJIB9Ge4CN5SVkPR', '_version': 1, 'result': 'created', '_shards': {'total': 2, 'successful': 1, 'failed': 0}, '_seq_no': 798, '_primary_term': 1}
[2024-09-24T13:01:26.612+0000] {base.py:271} INFO - POST http://elasticsearch:9200/final_projects/_doc [status:201 request:0.001s]
[2024-09-24T13:01:26.612+0000] {logging_mixin.py:115} INFO - {'_index': 'final_projects', '_type': '_doc', '_id': 'jFAfJJIB9Ge4CN5SVkPT', '_version': 1, 'result': 'created', '_shards': {'total': 2, 'successful': 1, 'failed': 0}, '_seq_no': 799, '_primary_term': 1}
[2024-09-24T13:01:26.613+0000] {base.py:271} INFO - POST http://elasticsearch:9200/final_projects/_doc [status:201 request:0.001s]
[2024-09-24T13:01:26.614+0000] {logging_mixin.py:115} INFO - {'_index': 'final_projects', '_type': '_doc', '_id': 'jVAfJJIB9Ge4CN5SVkPU', '_version': 1, 'result': 'created', '_shards': {'total': 2, 'successful': 1, 'failed': 0}, '_seq_no': 800, '_primary_term': 1}
[2024-09-24T13:01:26.615+0000] {base.py:271} INFO - POST http://elasticsearch:9200/final_projects/_doc [status:201 request:0.001s]
[2024-09-24T13:01:26.615+0000] {logging_mixin.py:115} INFO - {'_index': 'final_projects', '_type': '_doc', '_id': 'jlAfJJIB9Ge4CN5SVkPW', '_version': 1, 'result': 'created', '_shards': {'total': 2, 'successful': 1, 'failed': 0}, '_seq_no': 801, '_primary_term': 1}
[2024-09-24T13:01:26.617+0000] {base.py:271} INFO - POST http://elasticsearch:9200/final_projects/_doc [status:201 request:0.001s]
[2024-09-24T13:01:26.617+0000] {logging_mixin.py:115} INFO - {'_index': 'final_projects', '_type': '_doc', '_id': 'j1AfJJIB9Ge4CN5SVkPY', '_version': 1, 'result': 'created', '_shards': {'total': 2, 'successful': 1, 'failed': 0}, '_seq_no': 802, '_primary_term': 1}
[2024-09-24T13:01:26.618+0000] {base.py:271} INFO - POST http://elasticsearch:9200/final_projects/_doc [status:201 request:0.001s]
[2024-09-24T13:01:26.619+0000] {logging_mixin.py:115} INFO - {'_index': 'final_projects', '_type': '_doc', '_id': 'kFAfJJIB9Ge4CN5SVkPZ', '_version': 1, 'result': 'created', '_shards': {'total': 2, 'successful': 1, 'failed': 0}, '_seq_no': 803, '_primary_term': 1}
[2024-09-24T13:01:26.620+0000] {base.py:271} INFO - POST http://elasticsearch:9200/final_projects/_doc [status:201 request:0.001s]
[2024-09-24T13:01:26.620+0000] {logging_mixin.py:115} INFO - {'_index': 'final_projects', '_type': '_doc', '_id': 'kVAfJJIB9Ge4CN5SVkPb', '_version': 1, 'result': 'created', '_shards': {'total': 2, 'successful': 1, 'failed': 0}, '_seq_no': 804, '_primary_term': 1}
[2024-09-24T13:01:26.622+0000] {base.py:271} INFO - POST http://elasticsearch:9200/final_projects/_doc [status:201 request:0.001s]
[2024-09-24T13:01:26.622+0000] {logging_mixin.py:115} INFO - {'_index': 'final_projects', '_type': '_doc', '_id': 'klAfJJIB9Ge4CN5SVkPc', '_version': 1, 'result': 'created', '_shards': {'total': 2, 'successful': 1, 'failed': 0}, '_seq_no': 805, '_primary_term': 1}
[2024-09-24T13:01:26.623+0000] {base.py:271} INFO - POST http://elasticsearch:9200/final_projects/_doc [status:201 request:0.001s]
[2024-09-24T13:01:26.623+0000] {logging_mixin.py:115} INFO - {'_index': 'final_projects', '_type': '_doc', '_id': 'k1AfJJIB9Ge4CN5SVkPe', '_version': 1, 'result': 'created', '_shards': {'total': 2, 'successful': 1, 'failed': 0}, '_seq_no': 806, '_primary_term': 1}
[2024-09-24T13:01:26.625+0000] {base.py:271} INFO - POST http://elasticsearch:9200/final_projects/_doc [status:201 request:0.002s]
[2024-09-24T13:01:26.625+0000] {logging_mixin.py:115} INFO - {'_index': 'final_projects', '_type': '_doc', '_id': 'lFAfJJIB9Ge4CN5SVkPg', '_version': 1, 'result': 'created', '_shards': {'total': 2, 'successful': 1, 'failed': 0}, '_seq_no': 807, '_primary_term': 1}
[2024-09-24T13:01:26.627+0000] {base.py:271} INFO - POST http://elasticsearch:9200/final_projects/_doc [status:201 request:0.002s]
[2024-09-24T13:01:26.627+0000] {logging_mixin.py:115} INFO - {'_index': 'final_projects', '_type': '_doc', '_id': 'lVAfJJIB9Ge4CN5SVkPi', '_version': 1, 'result': 'created', '_shards': {'total': 2, 'successful': 1, 'failed': 0}, '_seq_no': 808, '_primary_term': 1}
[2024-09-24T13:01:26.629+0000] {base.py:271} INFO - POST http://elasticsearch:9200/final_projects/_doc [status:201 request:0.001s]
[2024-09-24T13:01:26.629+0000] {logging_mixin.py:115} INFO - {'_index': 'final_projects', '_type': '_doc', '_id': 'llAfJJIB9Ge4CN5SVkPk', '_version': 1, 'result': 'created', '_shards': {'total': 2, 'successful': 1, 'failed': 0}, '_seq_no': 809, '_primary_term': 1}
[2024-09-24T13:01:26.630+0000] {base.py:271} INFO - POST http://elasticsearch:9200/final_projects/_doc [status:201 request:0.001s]
[2024-09-24T13:01:26.631+0000] {logging_mixin.py:115} INFO - {'_index': 'final_projects', '_type': '_doc', '_id': 'l1AfJJIB9Ge4CN5SVkPl', '_version': 1, 'result': 'created', '_shards': {'total': 2, 'successful': 1, 'failed': 0}, '_seq_no': 810, '_primary_term': 1}
[2024-09-24T13:01:26.632+0000] {base.py:271} INFO - POST http://elasticsearch:9200/final_projects/_doc [status:201 request:0.001s]
[2024-09-24T13:01:26.632+0000] {logging_mixin.py:115} INFO - {'_index': 'final_projects', '_type': '_doc', '_id': 'mFAfJJIB9Ge4CN5SVkPn', '_version': 1, 'result': 'created', '_shards': {'total': 2, 'successful': 1, 'failed': 0}, '_seq_no': 811, '_primary_term': 1}
[2024-09-24T13:01:26.634+0000] {base.py:271} INFO - POST http://elasticsearch:9200/final_projects/_doc [status:201 request:0.001s]
[2024-09-24T13:01:26.634+0000] {logging_mixin.py:115} INFO - {'_index': 'final_projects', '_type': '_doc', '_id': 'mVAfJJIB9Ge4CN5SVkPp', '_version': 1, 'result': 'created', '_shards': {'total': 2, 'successful': 1, 'failed': 0}, '_seq_no': 812, '_primary_term': 1}
[2024-09-24T13:01:26.635+0000] {base.py:271} INFO - POST http://elasticsearch:9200/final_projects/_doc [status:201 request:0.001s]
[2024-09-24T13:01:26.635+0000] {logging_mixin.py:115} INFO - {'_index': 'final_projects', '_type': '_doc', '_id': 'mlAfJJIB9Ge4CN5SVkPq', '_version': 1, 'result': 'created', '_shards': {'total': 2, 'successful': 1, 'failed': 0}, '_seq_no': 813, '_primary_term': 1}
[2024-09-24T13:01:26.637+0000] {base.py:271} INFO - POST http://elasticsearch:9200/final_projects/_doc [status:201 request:0.001s]
[2024-09-24T13:01:26.637+0000] {logging_mixin.py:115} INFO - {'_index': 'final_projects', '_type': '_doc', '_id': 'm1AfJJIB9Ge4CN5SVkPs', '_version': 1, 'result': 'created', '_shards': {'total': 2, 'successful': 1, 'failed': 0}, '_seq_no': 814, '_primary_term': 1}
[2024-09-24T13:01:26.639+0000] {base.py:271} INFO - POST http://elasticsearch:9200/final_projects/_doc [status:201 request:0.001s]
[2024-09-24T13:01:26.639+0000] {logging_mixin.py:115} INFO - {'_index': 'final_projects', '_type': '_doc', '_id': 'nFAfJJIB9Ge4CN5SVkPu', '_version': 1, 'result': 'created', '_shards': {'total': 2, 'successful': 1, 'failed': 0}, '_seq_no': 815, '_primary_term': 1}
[2024-09-24T13:01:26.641+0000] {base.py:271} INFO - POST http://elasticsearch:9200/final_projects/_doc [status:201 request:0.001s]
[2024-09-24T13:01:26.641+0000] {logging_mixin.py:115} INFO - {'_index': 'final_projects', '_type': '_doc', '_id': 'nVAfJJIB9Ge4CN5SVkPv', '_version': 1, 'result': 'created', '_shards': {'total': 2, 'successful': 1, 'failed': 0}, '_seq_no': 816, '_primary_term': 1}
[2024-09-24T13:01:26.642+0000] {base.py:271} INFO - POST http://elasticsearch:9200/final_projects/_doc [status:201 request:0.001s]
[2024-09-24T13:01:26.643+0000] {logging_mixin.py:115} INFO - {'_index': 'final_projects', '_type': '_doc', '_id': 'nlAfJJIB9Ge4CN5SVkPx', '_version': 1, 'result': 'created', '_shards': {'total': 2, 'successful': 1, 'failed': 0}, '_seq_no': 817, '_primary_term': 1}
[2024-09-24T13:01:26.644+0000] {base.py:271} INFO - POST http://elasticsearch:9200/final_projects/_doc [status:201 request:0.001s]
[2024-09-24T13:01:26.645+0000] {logging_mixin.py:115} INFO - {'_index': 'final_projects', '_type': '_doc', '_id': 'n1AfJJIB9Ge4CN5SVkPz', '_version': 1, 'result': 'created', '_shards': {'total': 2, 'successful': 1, 'failed': 0}, '_seq_no': 818, '_primary_term': 1}
[2024-09-24T13:01:26.646+0000] {base.py:271} INFO - POST http://elasticsearch:9200/final_projects/_doc [status:201 request:0.001s]
[2024-09-24T13:01:26.646+0000] {logging_mixin.py:115} INFO - {'_index': 'final_projects', '_type': '_doc', '_id': 'oFAfJJIB9Ge4CN5SVkP1', '_version': 1, 'result': 'created', '_shards': {'total': 2, 'successful': 1, 'failed': 0}, '_seq_no': 819, '_primary_term': 1}
[2024-09-24T13:01:26.648+0000] {base.py:271} INFO - POST http://elasticsearch:9200/final_projects/_doc [status:201 request:0.001s]
[2024-09-24T13:01:26.648+0000] {logging_mixin.py:115} INFO - {'_index': 'final_projects', '_type': '_doc', '_id': 'oVAfJJIB9Ge4CN5SVkP3', '_version': 1, 'result': 'created', '_shards': {'total': 2, 'successful': 1, 'failed': 0}, '_seq_no': 820, '_primary_term': 1}
[2024-09-24T13:01:26.650+0000] {base.py:271} INFO - POST http://elasticsearch:9200/final_projects/_doc [status:201 request:0.001s]
[2024-09-24T13:01:26.650+0000] {logging_mixin.py:115} INFO - {'_index': 'final_projects', '_type': '_doc', '_id': 'olAfJJIB9Ge4CN5SVkP4', '_version': 1, 'result': 'created', '_shards': {'total': 2, 'successful': 1, 'failed': 0}, '_seq_no': 821, '_primary_term': 1}
[2024-09-24T13:01:26.651+0000] {base.py:271} INFO - POST http://elasticsearch:9200/final_projects/_doc [status:201 request:0.001s]
[2024-09-24T13:01:26.651+0000] {logging_mixin.py:115} INFO - {'_index': 'final_projects', '_type': '_doc', '_id': 'o1AfJJIB9Ge4CN5SVkP6', '_version': 1, 'result': 'created', '_shards': {'total': 2, 'successful': 1, 'failed': 0}, '_seq_no': 822, '_primary_term': 1}
[2024-09-24T13:01:26.653+0000] {base.py:271} INFO - POST http://elasticsearch:9200/final_projects/_doc [status:201 request:0.001s]
[2024-09-24T13:01:26.653+0000] {logging_mixin.py:115} INFO - {'_index': 'final_projects', '_type': '_doc', '_id': 'pFAfJJIB9Ge4CN5SVkP8', '_version': 1, 'result': 'created', '_shards': {'total': 2, 'successful': 1, 'failed': 0}, '_seq_no': 823, '_primary_term': 1}
[2024-09-24T13:01:26.655+0000] {base.py:271} INFO - POST http://elasticsearch:9200/final_projects/_doc [status:201 request:0.001s]
[2024-09-24T13:01:26.655+0000] {logging_mixin.py:115} INFO - {'_index': 'final_projects', '_type': '_doc', '_id': 'pVAfJJIB9Ge4CN5SVkP9', '_version': 1, 'result': 'created', '_shards': {'total': 2, 'successful': 1, 'failed': 0}, '_seq_no': 824, '_primary_term': 1}
[2024-09-24T13:01:26.656+0000] {base.py:271} INFO - POST http://elasticsearch:9200/final_projects/_doc [status:201 request:0.001s]
[2024-09-24T13:01:26.656+0000] {logging_mixin.py:115} INFO - {'_index': 'final_projects', '_type': '_doc', '_id': 'plAfJJIB9Ge4CN5SVkP_', '_version': 1, 'result': 'created', '_shards': {'total': 2, 'successful': 1, 'failed': 0}, '_seq_no': 825, '_primary_term': 1}
[2024-09-24T13:01:26.658+0000] {base.py:271} INFO - POST http://elasticsearch:9200/final_projects/_doc [status:201 request:0.001s]
[2024-09-24T13:01:26.658+0000] {logging_mixin.py:115} INFO - {'_index': 'final_projects', '_type': '_doc', '_id': 'p1AfJJIB9Ge4CN5SV0MB', '_version': 1, 'result': 'created', '_shards': {'total': 2, 'successful': 1, 'failed': 0}, '_seq_no': 826, '_primary_term': 1}
[2024-09-24T13:01:26.660+0000] {base.py:271} INFO - POST http://elasticsearch:9200/final_projects/_doc [status:201 request:0.001s]
[2024-09-24T13:01:26.660+0000] {logging_mixin.py:115} INFO - {'_index': 'final_projects', '_type': '_doc', '_id': 'qFAfJJIB9Ge4CN5SV0MD', '_version': 1, 'result': 'created', '_shards': {'total': 2, 'successful': 1, 'failed': 0}, '_seq_no': 827, '_primary_term': 1}
[2024-09-24T13:01:26.662+0000] {base.py:271} INFO - POST http://elasticsearch:9200/final_projects/_doc [status:201 request:0.002s]
[2024-09-24T13:01:26.662+0000] {logging_mixin.py:115} INFO - {'_index': 'final_projects', '_type': '_doc', '_id': 'qVAfJJIB9Ge4CN5SV0ME', '_version': 1, 'result': 'created', '_shards': {'total': 2, 'successful': 1, 'failed': 0}, '_seq_no': 828, '_primary_term': 1}
[2024-09-24T13:01:26.665+0000] {base.py:271} INFO - POST http://elasticsearch:9200/final_projects/_doc [status:201 request:0.002s]
[2024-09-24T13:01:26.665+0000] {logging_mixin.py:115} INFO - {'_index': 'final_projects', '_type': '_doc', '_id': 'qlAfJJIB9Ge4CN5SV0MH', '_version': 1, 'result': 'created', '_shards': {'total': 2, 'successful': 1, 'failed': 0}, '_seq_no': 829, '_primary_term': 1}
[2024-09-24T13:01:26.668+0000] {base.py:271} INFO - POST http://elasticsearch:9200/final_projects/_doc [status:201 request:0.003s]
[2024-09-24T13:01:26.668+0000] {logging_mixin.py:115} INFO - {'_index': 'final_projects', '_type': '_doc', '_id': 'q1AfJJIB9Ge4CN5SV0MK', '_version': 1, 'result': 'created', '_shards': {'total': 2, 'successful': 1, 'failed': 0}, '_seq_no': 830, '_primary_term': 1}
[2024-09-24T13:01:26.670+0000] {base.py:271} INFO - POST http://elasticsearch:9200/final_projects/_doc [status:201 request:0.002s]
[2024-09-24T13:01:26.671+0000] {logging_mixin.py:115} INFO - {'_index': 'final_projects', '_type': '_doc', '_id': 'rFAfJJIB9Ge4CN5SV0MN', '_version': 1, 'result': 'created', '_shards': {'total': 2, 'successful': 1, 'failed': 0}, '_seq_no': 831, '_primary_term': 1}
[2024-09-24T13:01:26.674+0000] {base.py:271} INFO - POST http://elasticsearch:9200/final_projects/_doc [status:201 request:0.003s]
[2024-09-24T13:01:26.674+0000] {logging_mixin.py:115} INFO - {'_index': 'final_projects', '_type': '_doc', '_id': 'rVAfJJIB9Ge4CN5SV0MQ', '_version': 1, 'result': 'created', '_shards': {'total': 2, 'successful': 1, 'failed': 0}, '_seq_no': 832, '_primary_term': 1}
[2024-09-24T13:01:26.677+0000] {base.py:271} INFO - POST http://elasticsearch:9200/final_projects/_doc [status:201 request:0.003s]
[2024-09-24T13:01:26.678+0000] {logging_mixin.py:115} INFO - {'_index': 'final_projects', '_type': '_doc', '_id': 'rlAfJJIB9Ge4CN5SV0MT', '_version': 1, 'result': 'created', '_shards': {'total': 2, 'successful': 1, 'failed': 0}, '_seq_no': 833, '_primary_term': 1}
[2024-09-24T13:01:26.680+0000] {base.py:271} INFO - POST http://elasticsearch:9200/final_projects/_doc [status:201 request:0.002s]
[2024-09-24T13:01:26.680+0000] {logging_mixin.py:115} INFO - {'_index': 'final_projects', '_type': '_doc', '_id': 'r1AfJJIB9Ge4CN5SV0MW', '_version': 1, 'result': 'created', '_shards': {'total': 2, 'successful': 1, 'failed': 0}, '_seq_no': 834, '_primary_term': 1}
[2024-09-24T13:01:26.682+0000] {base.py:271} INFO - POST http://elasticsearch:9200/final_projects/_doc [status:201 request:0.001s]
[2024-09-24T13:01:26.682+0000] {logging_mixin.py:115} INFO - {'_index': 'final_projects', '_type': '_doc', '_id': 'sFAfJJIB9Ge4CN5SV0MZ', '_version': 1, 'result': 'created', '_shards': {'total': 2, 'successful': 1, 'failed': 0}, '_seq_no': 835, '_primary_term': 1}
[2024-09-24T13:01:26.684+0000] {base.py:271} INFO - POST http://elasticsearch:9200/final_projects/_doc [status:201 request:0.001s]
[2024-09-24T13:01:26.684+0000] {logging_mixin.py:115} INFO - {'_index': 'final_projects', '_type': '_doc', '_id': 'sVAfJJIB9Ge4CN5SV0Ma', '_version': 1, 'result': 'created', '_shards': {'total': 2, 'successful': 1, 'failed': 0}, '_seq_no': 836, '_primary_term': 1}
[2024-09-24T13:01:26.685+0000] {base.py:271} INFO - POST http://elasticsearch:9200/final_projects/_doc [status:201 request:0.001s]
[2024-09-24T13:01:26.685+0000] {logging_mixin.py:115} INFO - {'_index': 'final_projects', '_type': '_doc', '_id': 'slAfJJIB9Ge4CN5SV0Mc', '_version': 1, 'result': 'created', '_shards': {'total': 2, 'successful': 1, 'failed': 0}, '_seq_no': 837, '_primary_term': 1}
[2024-09-24T13:01:26.687+0000] {base.py:271} INFO - POST http://elasticsearch:9200/final_projects/_doc [status:201 request:0.001s]
[2024-09-24T13:01:26.687+0000] {logging_mixin.py:115} INFO - {'_index': 'final_projects', '_type': '_doc', '_id': 's1AfJJIB9Ge4CN5SV0Me', '_version': 1, 'result': 'created', '_shards': {'total': 2, 'successful': 1, 'failed': 0}, '_seq_no': 838, '_primary_term': 1}
[2024-09-24T13:01:26.689+0000] {base.py:271} INFO - POST http://elasticsearch:9200/final_projects/_doc [status:201 request:0.001s]
[2024-09-24T13:01:26.689+0000] {logging_mixin.py:115} INFO - {'_index': 'final_projects', '_type': '_doc', '_id': 'tFAfJJIB9Ge4CN5SV0Mg', '_version': 1, 'result': 'created', '_shards': {'total': 2, 'successful': 1, 'failed': 0}, '_seq_no': 839, '_primary_term': 1}
[2024-09-24T13:01:26.690+0000] {base.py:271} INFO - POST http://elasticsearch:9200/final_projects/_doc [status:201 request:0.001s]
[2024-09-24T13:01:26.690+0000] {logging_mixin.py:115} INFO - {'_index': 'final_projects', '_type': '_doc', '_id': 'tVAfJJIB9Ge4CN5SV0Mh', '_version': 1, 'result': 'created', '_shards': {'total': 2, 'successful': 1, 'failed': 0}, '_seq_no': 840, '_primary_term': 1}
[2024-09-24T13:01:26.692+0000] {base.py:271} INFO - POST http://elasticsearch:9200/final_projects/_doc [status:201 request:0.001s]
[2024-09-24T13:01:26.692+0000] {logging_mixin.py:115} INFO - {'_index': 'final_projects', '_type': '_doc', '_id': 'tlAfJJIB9Ge4CN5SV0Mj', '_version': 1, 'result': 'created', '_shards': {'total': 2, 'successful': 1, 'failed': 0}, '_seq_no': 841, '_primary_term': 1}
[2024-09-24T13:01:26.693+0000] {base.py:271} INFO - POST http://elasticsearch:9200/final_projects/_doc [status:201 request:0.001s]
[2024-09-24T13:01:26.694+0000] {logging_mixin.py:115} INFO - {'_index': 'final_projects', '_type': '_doc', '_id': 't1AfJJIB9Ge4CN5SV0Mk', '_version': 1, 'result': 'created', '_shards': {'total': 2, 'successful': 1, 'failed': 0}, '_seq_no': 842, '_primary_term': 1}
[2024-09-24T13:01:26.695+0000] {base.py:271} INFO - POST http://elasticsearch:9200/final_projects/_doc [status:201 request:0.001s]
[2024-09-24T13:01:26.695+0000] {logging_mixin.py:115} INFO - {'_index': 'final_projects', '_type': '_doc', '_id': 'uFAfJJIB9Ge4CN5SV0Mm', '_version': 1, 'result': 'created', '_shards': {'total': 2, 'successful': 1, 'failed': 0}, '_seq_no': 843, '_primary_term': 1}
[2024-09-24T13:01:26.697+0000] {base.py:271} INFO - POST http://elasticsearch:9200/final_projects/_doc [status:201 request:0.001s]
[2024-09-24T13:01:26.697+0000] {logging_mixin.py:115} INFO - {'_index': 'final_projects', '_type': '_doc', '_id': 'uVAfJJIB9Ge4CN5SV0Mo', '_version': 1, 'result': 'created', '_shards': {'total': 2, 'successful': 1, 'failed': 0}, '_seq_no': 844, '_primary_term': 1}
[2024-09-24T13:01:26.699+0000] {base.py:271} INFO - POST http://elasticsearch:9200/final_projects/_doc [status:201 request:0.002s]
[2024-09-24T13:01:26.699+0000] {logging_mixin.py:115} INFO - {'_index': 'final_projects', '_type': '_doc', '_id': 'ulAfJJIB9Ge4CN5SV0Mp', '_version': 1, 'result': 'created', '_shards': {'total': 2, 'successful': 1, 'failed': 0}, '_seq_no': 845, '_primary_term': 1}
[2024-09-24T13:01:26.700+0000] {base.py:271} INFO - POST http://elasticsearch:9200/final_projects/_doc [status:201 request:0.001s]
[2024-09-24T13:01:26.700+0000] {logging_mixin.py:115} INFO - {'_index': 'final_projects', '_type': '_doc', '_id': 'u1AfJJIB9Ge4CN5SV0Mr', '_version': 1, 'result': 'created', '_shards': {'total': 2, 'successful': 1, 'failed': 0}, '_seq_no': 846, '_primary_term': 1}
[2024-09-24T13:01:26.702+0000] {base.py:271} INFO - POST http://elasticsearch:9200/final_projects/_doc [status:201 request:0.001s]
[2024-09-24T13:01:26.702+0000] {logging_mixin.py:115} INFO - {'_index': 'final_projects', '_type': '_doc', '_id': 'vFAfJJIB9Ge4CN5SV0Mt', '_version': 1, 'result': 'created', '_shards': {'total': 2, 'successful': 1, 'failed': 0}, '_seq_no': 847, '_primary_term': 1}
[2024-09-24T13:01:26.704+0000] {base.py:271} INFO - POST http://elasticsearch:9200/final_projects/_doc [status:201 request:0.001s]
[2024-09-24T13:01:26.704+0000] {logging_mixin.py:115} INFO - {'_index': 'final_projects', '_type': '_doc', '_id': 'vVAfJJIB9Ge4CN5SV0Mv', '_version': 1, 'result': 'created', '_shards': {'total': 2, 'successful': 1, 'failed': 0}, '_seq_no': 848, '_primary_term': 1}
[2024-09-24T13:01:26.705+0000] {base.py:271} INFO - POST http://elasticsearch:9200/final_projects/_doc [status:201 request:0.001s]
[2024-09-24T13:01:26.706+0000] {logging_mixin.py:115} INFO - {'_index': 'final_projects', '_type': '_doc', '_id': 'vlAfJJIB9Ge4CN5SV0Mw', '_version': 1, 'result': 'created', '_shards': {'total': 2, 'successful': 1, 'failed': 0}, '_seq_no': 849, '_primary_term': 1}
[2024-09-24T13:01:26.707+0000] {base.py:271} INFO - POST http://elasticsearch:9200/final_projects/_doc [status:201 request:0.001s]
[2024-09-24T13:01:26.707+0000] {logging_mixin.py:115} INFO - {'_index': 'final_projects', '_type': '_doc', '_id': 'v1AfJJIB9Ge4CN5SV0My', '_version': 1, 'result': 'created', '_shards': {'total': 2, 'successful': 1, 'failed': 0}, '_seq_no': 850, '_primary_term': 1}
[2024-09-24T13:01:26.709+0000] {base.py:271} INFO - POST http://elasticsearch:9200/final_projects/_doc [status:201 request:0.001s]
[2024-09-24T13:01:26.709+0000] {logging_mixin.py:115} INFO - {'_index': 'final_projects', '_type': '_doc', '_id': 'wFAfJJIB9Ge4CN5SV0M0', '_version': 1, 'result': 'created', '_shards': {'total': 2, 'successful': 1, 'failed': 0}, '_seq_no': 851, '_primary_term': 1}
[2024-09-24T13:01:26.711+0000] {base.py:271} INFO - POST http://elasticsearch:9200/final_projects/_doc [status:201 request:0.001s]
[2024-09-24T13:01:26.711+0000] {logging_mixin.py:115} INFO - {'_index': 'final_projects', '_type': '_doc', '_id': 'wVAfJJIB9Ge4CN5SV0M1', '_version': 1, 'result': 'created', '_shards': {'total': 2, 'successful': 1, 'failed': 0}, '_seq_no': 852, '_primary_term': 1}
[2024-09-24T13:01:26.712+0000] {base.py:271} INFO - POST http://elasticsearch:9200/final_projects/_doc [status:201 request:0.001s]
[2024-09-24T13:01:26.712+0000] {logging_mixin.py:115} INFO - {'_index': 'final_projects', '_type': '_doc', '_id': 'wlAfJJIB9Ge4CN5SV0M3', '_version': 1, 'result': 'created', '_shards': {'total': 2, 'successful': 1, 'failed': 0}, '_seq_no': 853, '_primary_term': 1}
[2024-09-24T13:01:26.714+0000] {base.py:271} INFO - POST http://elasticsearch:9200/final_projects/_doc [status:201 request:0.001s]
[2024-09-24T13:01:26.714+0000] {logging_mixin.py:115} INFO - {'_index': 'final_projects', '_type': '_doc', '_id': 'w1AfJJIB9Ge4CN5SV0M5', '_version': 1, 'result': 'created', '_shards': {'total': 2, 'successful': 1, 'failed': 0}, '_seq_no': 854, '_primary_term': 1}
[2024-09-24T13:01:26.716+0000] {base.py:271} INFO - POST http://elasticsearch:9200/final_projects/_doc [status:201 request:0.001s]
[2024-09-24T13:01:26.716+0000] {logging_mixin.py:115} INFO - {'_index': 'final_projects', '_type': '_doc', '_id': 'xFAfJJIB9Ge4CN5SV0M6', '_version': 1, 'result': 'created', '_shards': {'total': 2, 'successful': 1, 'failed': 0}, '_seq_no': 855, '_primary_term': 1}
[2024-09-24T13:01:26.717+0000] {base.py:271} INFO - POST http://elasticsearch:9200/final_projects/_doc [status:201 request:0.001s]
[2024-09-24T13:01:26.717+0000] {logging_mixin.py:115} INFO - {'_index': 'final_projects', '_type': '_doc', '_id': 'xVAfJJIB9Ge4CN5SV0M8', '_version': 1, 'result': 'created', '_shards': {'total': 2, 'successful': 1, 'failed': 0}, '_seq_no': 856, '_primary_term': 1}
[2024-09-24T13:01:26.719+0000] {base.py:271} INFO - POST http://elasticsearch:9200/final_projects/_doc [status:201 request:0.001s]
[2024-09-24T13:01:26.719+0000] {logging_mixin.py:115} INFO - {'_index': 'final_projects', '_type': '_doc', '_id': 'xlAfJJIB9Ge4CN5SV0M-', '_version': 1, 'result': 'created', '_shards': {'total': 2, 'successful': 1, 'failed': 0}, '_seq_no': 857, '_primary_term': 1}
[2024-09-24T13:01:26.721+0000] {base.py:271} INFO - POST http://elasticsearch:9200/final_projects/_doc [status:201 request:0.001s]
[2024-09-24T13:01:26.721+0000] {logging_mixin.py:115} INFO - {'_index': 'final_projects', '_type': '_doc', '_id': 'x1AfJJIB9Ge4CN5SV0NA', '_version': 1, 'result': 'created', '_shards': {'total': 2, 'successful': 1, 'failed': 0}, '_seq_no': 858, '_primary_term': 1}
[2024-09-24T13:01:26.723+0000] {base.py:271} INFO - POST http://elasticsearch:9200/final_projects/_doc [status:201 request:0.001s]
[2024-09-24T13:01:26.723+0000] {logging_mixin.py:115} INFO - {'_index': 'final_projects', '_type': '_doc', '_id': 'yFAfJJIB9Ge4CN5SV0NB', '_version': 1, 'result': 'created', '_shards': {'total': 2, 'successful': 1, 'failed': 0}, '_seq_no': 859, '_primary_term': 1}
[2024-09-24T13:01:26.724+0000] {base.py:271} INFO - POST http://elasticsearch:9200/final_projects/_doc [status:201 request:0.001s]
[2024-09-24T13:01:26.724+0000] {logging_mixin.py:115} INFO - {'_index': 'final_projects', '_type': '_doc', '_id': 'yVAfJJIB9Ge4CN5SV0ND', '_version': 1, 'result': 'created', '_shards': {'total': 2, 'successful': 1, 'failed': 0}, '_seq_no': 860, '_primary_term': 1}
[2024-09-24T13:01:26.726+0000] {base.py:271} INFO - POST http://elasticsearch:9200/final_projects/_doc [status:201 request:0.001s]
[2024-09-24T13:01:26.726+0000] {logging_mixin.py:115} INFO - {'_index': 'final_projects', '_type': '_doc', '_id': 'ylAfJJIB9Ge4CN5SV0NF', '_version': 1, 'result': 'created', '_shards': {'total': 2, 'successful': 1, 'failed': 0}, '_seq_no': 861, '_primary_term': 1}
[2024-09-24T13:01:26.728+0000] {base.py:271} INFO - POST http://elasticsearch:9200/final_projects/_doc [status:201 request:0.001s]
[2024-09-24T13:01:26.728+0000] {logging_mixin.py:115} INFO - {'_index': 'final_projects', '_type': '_doc', '_id': 'y1AfJJIB9Ge4CN5SV0NG', '_version': 1, 'result': 'created', '_shards': {'total': 2, 'successful': 1, 'failed': 0}, '_seq_no': 862, '_primary_term': 1}
[2024-09-24T13:01:26.729+0000] {base.py:271} INFO - POST http://elasticsearch:9200/final_projects/_doc [status:201 request:0.001s]
[2024-09-24T13:01:26.729+0000] {logging_mixin.py:115} INFO - {'_index': 'final_projects', '_type': '_doc', '_id': 'zFAfJJIB9Ge4CN5SV0NI', '_version': 1, 'result': 'created', '_shards': {'total': 2, 'successful': 1, 'failed': 0}, '_seq_no': 863, '_primary_term': 1}
[2024-09-24T13:01:26.731+0000] {base.py:271} INFO - POST http://elasticsearch:9200/final_projects/_doc [status:201 request:0.001s]
[2024-09-24T13:01:26.731+0000] {logging_mixin.py:115} INFO - {'_index': 'final_projects', '_type': '_doc', '_id': 'zVAfJJIB9Ge4CN5SV0NK', '_version': 1, 'result': 'created', '_shards': {'total': 2, 'successful': 1, 'failed': 0}, '_seq_no': 864, '_primary_term': 1}
[2024-09-24T13:01:26.732+0000] {base.py:271} INFO - POST http://elasticsearch:9200/final_projects/_doc [status:201 request:0.001s]
[2024-09-24T13:01:26.733+0000] {logging_mixin.py:115} INFO - {'_index': 'final_projects', '_type': '_doc', '_id': 'zlAfJJIB9Ge4CN5SV0NL', '_version': 1, 'result': 'created', '_shards': {'total': 2, 'successful': 1, 'failed': 0}, '_seq_no': 865, '_primary_term': 1}
[2024-09-24T13:01:26.734+0000] {base.py:271} INFO - POST http://elasticsearch:9200/final_projects/_doc [status:201 request:0.001s]
[2024-09-24T13:01:26.734+0000] {logging_mixin.py:115} INFO - {'_index': 'final_projects', '_type': '_doc', '_id': 'z1AfJJIB9Ge4CN5SV0NN', '_version': 1, 'result': 'created', '_shards': {'total': 2, 'successful': 1, 'failed': 0}, '_seq_no': 866, '_primary_term': 1}
[2024-09-24T13:01:26.736+0000] {base.py:271} INFO - POST http://elasticsearch:9200/final_projects/_doc [status:201 request:0.001s]
[2024-09-24T13:01:26.736+0000] {logging_mixin.py:115} INFO - {'_index': 'final_projects', '_type': '_doc', '_id': '0FAfJJIB9Ge4CN5SV0NP', '_version': 1, 'result': 'created', '_shards': {'total': 2, 'successful': 1, 'failed': 0}, '_seq_no': 867, '_primary_term': 1}
[2024-09-24T13:01:26.737+0000] {base.py:271} INFO - POST http://elasticsearch:9200/final_projects/_doc [status:201 request:0.001s]
[2024-09-24T13:01:26.738+0000] {logging_mixin.py:115} INFO - {'_index': 'final_projects', '_type': '_doc', '_id': '0VAfJJIB9Ge4CN5SV0NQ', '_version': 1, 'result': 'created', '_shards': {'total': 2, 'successful': 1, 'failed': 0}, '_seq_no': 868, '_primary_term': 1}
[2024-09-24T13:01:26.739+0000] {base.py:271} INFO - POST http://elasticsearch:9200/final_projects/_doc [status:201 request:0.001s]
[2024-09-24T13:01:26.739+0000] {logging_mixin.py:115} INFO - {'_index': 'final_projects', '_type': '_doc', '_id': '0lAfJJIB9Ge4CN5SV0NS', '_version': 1, 'result': 'created', '_shards': {'total': 2, 'successful': 1, 'failed': 0}, '_seq_no': 869, '_primary_term': 1}
[2024-09-24T13:01:26.741+0000] {base.py:271} INFO - POST http://elasticsearch:9200/final_projects/_doc [status:201 request:0.001s]
[2024-09-24T13:01:26.741+0000] {logging_mixin.py:115} INFO - {'_index': 'final_projects', '_type': '_doc', '_id': '01AfJJIB9Ge4CN5SV0NU', '_version': 1, 'result': 'created', '_shards': {'total': 2, 'successful': 1, 'failed': 0}, '_seq_no': 870, '_primary_term': 1}
[2024-09-24T13:01:26.742+0000] {base.py:271} INFO - POST http://elasticsearch:9200/final_projects/_doc [status:201 request:0.001s]
[2024-09-24T13:01:26.743+0000] {logging_mixin.py:115} INFO - {'_index': 'final_projects', '_type': '_doc', '_id': '1FAfJJIB9Ge4CN5SV0NV', '_version': 1, 'result': 'created', '_shards': {'total': 2, 'successful': 1, 'failed': 0}, '_seq_no': 871, '_primary_term': 1}
[2024-09-24T13:01:26.744+0000] {base.py:271} INFO - POST http://elasticsearch:9200/final_projects/_doc [status:201 request:0.001s]
[2024-09-24T13:01:26.744+0000] {logging_mixin.py:115} INFO - {'_index': 'final_projects', '_type': '_doc', '_id': '1VAfJJIB9Ge4CN5SV0NX', '_version': 1, 'result': 'created', '_shards': {'total': 2, 'successful': 1, 'failed': 0}, '_seq_no': 872, '_primary_term': 1}
[2024-09-24T13:01:26.746+0000] {base.py:271} INFO - POST http://elasticsearch:9200/final_projects/_doc [status:201 request:0.001s]
[2024-09-24T13:01:26.746+0000] {logging_mixin.py:115} INFO - {'_index': 'final_projects', '_type': '_doc', '_id': '1lAfJJIB9Ge4CN5SV0NZ', '_version': 1, 'result': 'created', '_shards': {'total': 2, 'successful': 1, 'failed': 0}, '_seq_no': 873, '_primary_term': 1}
[2024-09-24T13:01:26.747+0000] {base.py:271} INFO - POST http://elasticsearch:9200/final_projects/_doc [status:201 request:0.001s]
[2024-09-24T13:01:26.748+0000] {logging_mixin.py:115} INFO - {'_index': 'final_projects', '_type': '_doc', '_id': '11AfJJIB9Ge4CN5SV0Na', '_version': 1, 'result': 'created', '_shards': {'total': 2, 'successful': 1, 'failed': 0}, '_seq_no': 874, '_primary_term': 1}
[2024-09-24T13:01:26.749+0000] {base.py:271} INFO - POST http://elasticsearch:9200/final_projects/_doc [status:201 request:0.001s]
[2024-09-24T13:01:26.749+0000] {logging_mixin.py:115} INFO - {'_index': 'final_projects', '_type': '_doc', '_id': '2FAfJJIB9Ge4CN5SV0Nc', '_version': 1, 'result': 'created', '_shards': {'total': 2, 'successful': 1, 'failed': 0}, '_seq_no': 875, '_primary_term': 1}
[2024-09-24T13:01:26.751+0000] {base.py:271} INFO - POST http://elasticsearch:9200/final_projects/_doc [status:201 request:0.001s]
[2024-09-24T13:01:26.751+0000] {logging_mixin.py:115} INFO - {'_index': 'final_projects', '_type': '_doc', '_id': '2VAfJJIB9Ge4CN5SV0Ne', '_version': 1, 'result': 'created', '_shards': {'total': 2, 'successful': 1, 'failed': 0}, '_seq_no': 876, '_primary_term': 1}
[2024-09-24T13:01:26.753+0000] {base.py:271} INFO - POST http://elasticsearch:9200/final_projects/_doc [status:201 request:0.002s]
[2024-09-24T13:01:26.753+0000] {logging_mixin.py:115} INFO - {'_index': 'final_projects', '_type': '_doc', '_id': '2lAfJJIB9Ge4CN5SV0Ng', '_version': 1, 'result': 'created', '_shards': {'total': 2, 'successful': 1, 'failed': 0}, '_seq_no': 877, '_primary_term': 1}
[2024-09-24T13:01:26.755+0000] {base.py:271} INFO - POST http://elasticsearch:9200/final_projects/_doc [status:201 request:0.002s]
[2024-09-24T13:01:26.755+0000] {logging_mixin.py:115} INFO - {'_index': 'final_projects', '_type': '_doc', '_id': '21AfJJIB9Ge4CN5SV0Nh', '_version': 1, 'result': 'created', '_shards': {'total': 2, 'successful': 1, 'failed': 0}, '_seq_no': 878, '_primary_term': 1}
[2024-09-24T13:01:26.756+0000] {base.py:271} INFO - POST http://elasticsearch:9200/final_projects/_doc [status:201 request:0.001s]
[2024-09-24T13:01:26.757+0000] {logging_mixin.py:115} INFO - {'_index': 'final_projects', '_type': '_doc', '_id': '3FAfJJIB9Ge4CN5SV0Nj', '_version': 1, 'result': 'created', '_shards': {'total': 2, 'successful': 1, 'failed': 0}, '_seq_no': 879, '_primary_term': 1}
[2024-09-24T13:01:26.758+0000] {base.py:271} INFO - POST http://elasticsearch:9200/final_projects/_doc [status:201 request:0.001s]
[2024-09-24T13:01:26.758+0000] {logging_mixin.py:115} INFO - {'_index': 'final_projects', '_type': '_doc', '_id': '3VAfJJIB9Ge4CN5SV0Nl', '_version': 1, 'result': 'created', '_shards': {'total': 2, 'successful': 1, 'failed': 0}, '_seq_no': 880, '_primary_term': 1}
[2024-09-24T13:01:26.760+0000] {base.py:271} INFO - POST http://elasticsearch:9200/final_projects/_doc [status:201 request:0.001s]
[2024-09-24T13:01:26.760+0000] {logging_mixin.py:115} INFO - {'_index': 'final_projects', '_type': '_doc', '_id': '3lAfJJIB9Ge4CN5SV0Nn', '_version': 1, 'result': 'created', '_shards': {'total': 2, 'successful': 1, 'failed': 0}, '_seq_no': 881, '_primary_term': 1}
[2024-09-24T13:01:26.761+0000] {base.py:271} INFO - POST http://elasticsearch:9200/final_projects/_doc [status:201 request:0.001s]
[2024-09-24T13:01:26.761+0000] {logging_mixin.py:115} INFO - {'_index': 'final_projects', '_type': '_doc', '_id': '31AfJJIB9Ge4CN5SV0No', '_version': 1, 'result': 'created', '_shards': {'total': 2, 'successful': 1, 'failed': 0}, '_seq_no': 882, '_primary_term': 1}
[2024-09-24T13:01:26.763+0000] {base.py:271} INFO - POST http://elasticsearch:9200/final_projects/_doc [status:201 request:0.001s]
[2024-09-24T13:01:26.763+0000] {logging_mixin.py:115} INFO - {'_index': 'final_projects', '_type': '_doc', '_id': '4FAfJJIB9Ge4CN5SV0Nq', '_version': 1, 'result': 'created', '_shards': {'total': 2, 'successful': 1, 'failed': 0}, '_seq_no': 883, '_primary_term': 1}
[2024-09-24T13:01:26.765+0000] {base.py:271} INFO - POST http://elasticsearch:9200/final_projects/_doc [status:201 request:0.001s]
[2024-09-24T13:01:26.765+0000] {logging_mixin.py:115} INFO - {'_index': 'final_projects', '_type': '_doc', '_id': '4VAfJJIB9Ge4CN5SV0Ns', '_version': 1, 'result': 'created', '_shards': {'total': 2, 'successful': 1, 'failed': 0}, '_seq_no': 884, '_primary_term': 1}
[2024-09-24T13:01:26.766+0000] {base.py:271} INFO - POST http://elasticsearch:9200/final_projects/_doc [status:201 request:0.001s]
[2024-09-24T13:01:26.767+0000] {logging_mixin.py:115} INFO - {'_index': 'final_projects', '_type': '_doc', '_id': '4lAfJJIB9Ge4CN5SV0Nt', '_version': 1, 'result': 'created', '_shards': {'total': 2, 'successful': 1, 'failed': 0}, '_seq_no': 885, '_primary_term': 1}
[2024-09-24T13:01:26.768+0000] {base.py:271} INFO - POST http://elasticsearch:9200/final_projects/_doc [status:201 request:0.001s]
[2024-09-24T13:01:26.768+0000] {logging_mixin.py:115} INFO - {'_index': 'final_projects', '_type': '_doc', '_id': '41AfJJIB9Ge4CN5SV0Nv', '_version': 1, 'result': 'created', '_shards': {'total': 2, 'successful': 1, 'failed': 0}, '_seq_no': 886, '_primary_term': 1}
[2024-09-24T13:01:26.770+0000] {base.py:271} INFO - POST http://elasticsearch:9200/final_projects/_doc [status:201 request:0.001s]
[2024-09-24T13:01:26.770+0000] {logging_mixin.py:115} INFO - {'_index': 'final_projects', '_type': '_doc', '_id': '5FAfJJIB9Ge4CN5SV0Nw', '_version': 1, 'result': 'created', '_shards': {'total': 2, 'successful': 1, 'failed': 0}, '_seq_no': 887, '_primary_term': 1}
[2024-09-24T13:01:26.771+0000] {base.py:271} INFO - POST http://elasticsearch:9200/final_projects/_doc [status:201 request:0.001s]
[2024-09-24T13:01:26.771+0000] {logging_mixin.py:115} INFO - {'_index': 'final_projects', '_type': '_doc', '_id': '5VAfJJIB9Ge4CN5SV0Ny', '_version': 1, 'result': 'created', '_shards': {'total': 2, 'successful': 1, 'failed': 0}, '_seq_no': 888, '_primary_term': 1}
[2024-09-24T13:01:26.773+0000] {base.py:271} INFO - POST http://elasticsearch:9200/final_projects/_doc [status:201 request:0.002s]
[2024-09-24T13:01:26.773+0000] {logging_mixin.py:115} INFO - {'_index': 'final_projects', '_type': '_doc', '_id': '5lAfJJIB9Ge4CN5SV0N0', '_version': 1, 'result': 'created', '_shards': {'total': 2, 'successful': 1, 'failed': 0}, '_seq_no': 889, '_primary_term': 1}
[2024-09-24T13:01:26.775+0000] {base.py:271} INFO - POST http://elasticsearch:9200/final_projects/_doc [status:201 request:0.001s]
[2024-09-24T13:01:26.775+0000] {logging_mixin.py:115} INFO - {'_index': 'final_projects', '_type': '_doc', '_id': '51AfJJIB9Ge4CN5SV0N2', '_version': 1, 'result': 'created', '_shards': {'total': 2, 'successful': 1, 'failed': 0}, '_seq_no': 890, '_primary_term': 1}
[2024-09-24T13:01:26.776+0000] {base.py:271} INFO - POST http://elasticsearch:9200/final_projects/_doc [status:201 request:0.001s]
[2024-09-24T13:01:26.776+0000] {logging_mixin.py:115} INFO - {'_index': 'final_projects', '_type': '_doc', '_id': '6FAfJJIB9Ge4CN5SV0N3', '_version': 1, 'result': 'created', '_shards': {'total': 2, 'successful': 1, 'failed': 0}, '_seq_no': 891, '_primary_term': 1}
[2024-09-24T13:01:26.778+0000] {base.py:271} INFO - POST http://elasticsearch:9200/final_projects/_doc [status:201 request:0.001s]
[2024-09-24T13:01:26.778+0000] {logging_mixin.py:115} INFO - {'_index': 'final_projects', '_type': '_doc', '_id': '6VAfJJIB9Ge4CN5SV0N5', '_version': 1, 'result': 'created', '_shards': {'total': 2, 'successful': 1, 'failed': 0}, '_seq_no': 892, '_primary_term': 1}
[2024-09-24T13:01:26.779+0000] {base.py:271} INFO - POST http://elasticsearch:9200/final_projects/_doc [status:201 request:0.001s]
[2024-09-24T13:01:26.780+0000] {logging_mixin.py:115} INFO - {'_index': 'final_projects', '_type': '_doc', '_id': '6lAfJJIB9Ge4CN5SV0N6', '_version': 1, 'result': 'created', '_shards': {'total': 2, 'successful': 1, 'failed': 0}, '_seq_no': 893, '_primary_term': 1}
[2024-09-24T13:01:26.781+0000] {base.py:271} INFO - POST http://elasticsearch:9200/final_projects/_doc [status:201 request:0.002s]
[2024-09-24T13:01:26.781+0000] {logging_mixin.py:115} INFO - {'_index': 'final_projects', '_type': '_doc', '_id': '61AfJJIB9Ge4CN5SV0N8', '_version': 1, 'result': 'created', '_shards': {'total': 2, 'successful': 1, 'failed': 0}, '_seq_no': 894, '_primary_term': 1}
[2024-09-24T13:01:26.783+0000] {base.py:271} INFO - POST http://elasticsearch:9200/final_projects/_doc [status:201 request:0.001s]
[2024-09-24T13:01:26.783+0000] {logging_mixin.py:115} INFO - {'_index': 'final_projects', '_type': '_doc', '_id': '7FAfJJIB9Ge4CN5SV0N-', '_version': 1, 'result': 'created', '_shards': {'total': 2, 'successful': 1, 'failed': 0}, '_seq_no': 895, '_primary_term': 1}
[2024-09-24T13:01:26.785+0000] {base.py:271} INFO - POST http://elasticsearch:9200/final_projects/_doc [status:201 request:0.001s]
[2024-09-24T13:01:26.785+0000] {logging_mixin.py:115} INFO - {'_index': 'final_projects', '_type': '_doc', '_id': '7VAfJJIB9Ge4CN5SV0OA', '_version': 1, 'result': 'created', '_shards': {'total': 2, 'successful': 1, 'failed': 0}, '_seq_no': 896, '_primary_term': 1}
[2024-09-24T13:01:26.786+0000] {base.py:271} INFO - POST http://elasticsearch:9200/final_projects/_doc [status:201 request:0.001s]
[2024-09-24T13:01:26.786+0000] {logging_mixin.py:115} INFO - {'_index': 'final_projects', '_type': '_doc', '_id': '7lAfJJIB9Ge4CN5SV0OB', '_version': 1, 'result': 'created', '_shards': {'total': 2, 'successful': 1, 'failed': 0}, '_seq_no': 897, '_primary_term': 1}
[2024-09-24T13:01:26.788+0000] {base.py:271} INFO - POST http://elasticsearch:9200/final_projects/_doc [status:201 request:0.001s]
[2024-09-24T13:01:26.788+0000] {logging_mixin.py:115} INFO - {'_index': 'final_projects', '_type': '_doc', '_id': '71AfJJIB9Ge4CN5SV0OD', '_version': 1, 'result': 'created', '_shards': {'total': 2, 'successful': 1, 'failed': 0}, '_seq_no': 898, '_primary_term': 1}
[2024-09-24T13:01:26.789+0000] {base.py:271} INFO - POST http://elasticsearch:9200/final_projects/_doc [status:201 request:0.001s]
[2024-09-24T13:01:26.789+0000] {logging_mixin.py:115} INFO - {'_index': 'final_projects', '_type': '_doc', '_id': '8FAfJJIB9Ge4CN5SV0OE', '_version': 1, 'result': 'created', '_shards': {'total': 2, 'successful': 1, 'failed': 0}, '_seq_no': 899, '_primary_term': 1}
[2024-09-24T13:01:26.791+0000] {base.py:271} INFO - POST http://elasticsearch:9200/final_projects/_doc [status:201 request:0.001s]
[2024-09-24T13:01:26.791+0000] {logging_mixin.py:115} INFO - {'_index': 'final_projects', '_type': '_doc', '_id': '8VAfJJIB9Ge4CN5SV0OG', '_version': 1, 'result': 'created', '_shards': {'total': 2, 'successful': 1, 'failed': 0}, '_seq_no': 900, '_primary_term': 1}
[2024-09-24T13:01:26.793+0000] {base.py:271} INFO - POST http://elasticsearch:9200/final_projects/_doc [status:201 request:0.001s]
[2024-09-24T13:01:26.793+0000] {logging_mixin.py:115} INFO - {'_index': 'final_projects', '_type': '_doc', '_id': '8lAfJJIB9Ge4CN5SV0OH', '_version': 1, 'result': 'created', '_shards': {'total': 2, 'successful': 1, 'failed': 0}, '_seq_no': 901, '_primary_term': 1}
[2024-09-24T13:01:26.794+0000] {base.py:271} INFO - POST http://elasticsearch:9200/final_projects/_doc [status:201 request:0.001s]
[2024-09-24T13:01:26.794+0000] {logging_mixin.py:115} INFO - {'_index': 'final_projects', '_type': '_doc', '_id': '81AfJJIB9Ge4CN5SV0OJ', '_version': 1, 'result': 'created', '_shards': {'total': 2, 'successful': 1, 'failed': 0}, '_seq_no': 902, '_primary_term': 1}
[2024-09-24T13:01:26.796+0000] {base.py:271} INFO - POST http://elasticsearch:9200/final_projects/_doc [status:201 request:0.001s]
[2024-09-24T13:01:26.796+0000] {logging_mixin.py:115} INFO - {'_index': 'final_projects', '_type': '_doc', '_id': '9FAfJJIB9Ge4CN5SV0OL', '_version': 1, 'result': 'created', '_shards': {'total': 2, 'successful': 1, 'failed': 0}, '_seq_no': 903, '_primary_term': 1}
[2024-09-24T13:01:26.797+0000] {base.py:271} INFO - POST http://elasticsearch:9200/final_projects/_doc [status:201 request:0.001s]
[2024-09-24T13:01:26.797+0000] {logging_mixin.py:115} INFO - {'_index': 'final_projects', '_type': '_doc', '_id': '9VAfJJIB9Ge4CN5SV0OM', '_version': 1, 'result': 'created', '_shards': {'total': 2, 'successful': 1, 'failed': 0}, '_seq_no': 904, '_primary_term': 1}
[2024-09-24T13:01:26.799+0000] {base.py:271} INFO - POST http://elasticsearch:9200/final_projects/_doc [status:201 request:0.001s]
[2024-09-24T13:01:26.799+0000] {logging_mixin.py:115} INFO - {'_index': 'final_projects', '_type': '_doc', '_id': '9lAfJJIB9Ge4CN5SV0OO', '_version': 1, 'result': 'created', '_shards': {'total': 2, 'successful': 1, 'failed': 0}, '_seq_no': 905, '_primary_term': 1}
[2024-09-24T13:01:26.801+0000] {base.py:271} INFO - POST http://elasticsearch:9200/final_projects/_doc [status:201 request:0.001s]
[2024-09-24T13:01:26.801+0000] {logging_mixin.py:115} INFO - {'_index': 'final_projects', '_type': '_doc', '_id': '91AfJJIB9Ge4CN5SV0OQ', '_version': 1, 'result': 'created', '_shards': {'total': 2, 'successful': 1, 'failed': 0}, '_seq_no': 906, '_primary_term': 1}
[2024-09-24T13:01:26.802+0000] {base.py:271} INFO - POST http://elasticsearch:9200/final_projects/_doc [status:201 request:0.001s]
[2024-09-24T13:01:26.802+0000] {logging_mixin.py:115} INFO - {'_index': 'final_projects', '_type': '_doc', '_id': '-FAfJJIB9Ge4CN5SV0OR', '_version': 1, 'result': 'created', '_shards': {'total': 2, 'successful': 1, 'failed': 0}, '_seq_no': 907, '_primary_term': 1}
[2024-09-24T13:01:26.804+0000] {base.py:271} INFO - POST http://elasticsearch:9200/final_projects/_doc [status:201 request:0.001s]
[2024-09-24T13:01:26.804+0000] {logging_mixin.py:115} INFO - {'_index': 'final_projects', '_type': '_doc', '_id': '-VAfJJIB9Ge4CN5SV0OT', '_version': 1, 'result': 'created', '_shards': {'total': 2, 'successful': 1, 'failed': 0}, '_seq_no': 908, '_primary_term': 1}
[2024-09-24T13:01:26.805+0000] {base.py:271} INFO - POST http://elasticsearch:9200/final_projects/_doc [status:201 request:0.001s]
[2024-09-24T13:01:26.805+0000] {logging_mixin.py:115} INFO - {'_index': 'final_projects', '_type': '_doc', '_id': '-lAfJJIB9Ge4CN5SV0OU', '_version': 1, 'result': 'created', '_shards': {'total': 2, 'successful': 1, 'failed': 0}, '_seq_no': 909, '_primary_term': 1}
[2024-09-24T13:01:26.807+0000] {base.py:271} INFO - POST http://elasticsearch:9200/final_projects/_doc [status:201 request:0.001s]
[2024-09-24T13:01:26.807+0000] {logging_mixin.py:115} INFO - {'_index': 'final_projects', '_type': '_doc', '_id': '-1AfJJIB9Ge4CN5SV0OW', '_version': 1, 'result': 'created', '_shards': {'total': 2, 'successful': 1, 'failed': 0}, '_seq_no': 910, '_primary_term': 1}
[2024-09-24T13:01:26.808+0000] {base.py:271} INFO - POST http://elasticsearch:9200/final_projects/_doc [status:201 request:0.001s]
[2024-09-24T13:01:26.808+0000] {logging_mixin.py:115} INFO - {'_index': 'final_projects', '_type': '_doc', '_id': '_FAfJJIB9Ge4CN5SV0OX', '_version': 1, 'result': 'created', '_shards': {'total': 2, 'successful': 1, 'failed': 0}, '_seq_no': 911, '_primary_term': 1}
[2024-09-24T13:01:26.810+0000] {base.py:271} INFO - POST http://elasticsearch:9200/final_projects/_doc [status:201 request:0.001s]
[2024-09-24T13:01:26.810+0000] {logging_mixin.py:115} INFO - {'_index': 'final_projects', '_type': '_doc', '_id': '_VAfJJIB9Ge4CN5SV0OZ', '_version': 1, 'result': 'created', '_shards': {'total': 2, 'successful': 1, 'failed': 0}, '_seq_no': 912, '_primary_term': 1}
[2024-09-24T13:01:26.811+0000] {base.py:271} INFO - POST http://elasticsearch:9200/final_projects/_doc [status:201 request:0.001s]
[2024-09-24T13:01:26.812+0000] {logging_mixin.py:115} INFO - {'_index': 'final_projects', '_type': '_doc', '_id': '_lAfJJIB9Ge4CN5SV0Oa', '_version': 1, 'result': 'created', '_shards': {'total': 2, 'successful': 1, 'failed': 0}, '_seq_no': 913, '_primary_term': 1}
[2024-09-24T13:01:26.813+0000] {base.py:271} INFO - POST http://elasticsearch:9200/final_projects/_doc [status:201 request:0.001s]
[2024-09-24T13:01:26.813+0000] {logging_mixin.py:115} INFO - {'_index': 'final_projects', '_type': '_doc', '_id': '_1AfJJIB9Ge4CN5SV0Oc', '_version': 1, 'result': 'created', '_shards': {'total': 2, 'successful': 1, 'failed': 0}, '_seq_no': 914, '_primary_term': 1}
[2024-09-24T13:01:26.815+0000] {base.py:271} INFO - POST http://elasticsearch:9200/final_projects/_doc [status:201 request:0.001s]
[2024-09-24T13:01:26.815+0000] {logging_mixin.py:115} INFO - {'_index': 'final_projects', '_type': '_doc', '_id': 'AFAfJJIB9Ge4CN5SV0Sd', '_version': 1, 'result': 'created', '_shards': {'total': 2, 'successful': 1, 'failed': 0}, '_seq_no': 915, '_primary_term': 1}
[2024-09-24T13:01:26.816+0000] {base.py:271} INFO - POST http://elasticsearch:9200/final_projects/_doc [status:201 request:0.001s]
[2024-09-24T13:01:26.817+0000] {logging_mixin.py:115} INFO - {'_index': 'final_projects', '_type': '_doc', '_id': 'AVAfJJIB9Ge4CN5SV0Sf', '_version': 1, 'result': 'created', '_shards': {'total': 2, 'successful': 1, 'failed': 0}, '_seq_no': 916, '_primary_term': 1}
[2024-09-24T13:01:26.818+0000] {base.py:271} INFO - POST http://elasticsearch:9200/final_projects/_doc [status:201 request:0.001s]
[2024-09-24T13:01:26.818+0000] {logging_mixin.py:115} INFO - {'_index': 'final_projects', '_type': '_doc', '_id': 'AlAfJJIB9Ge4CN5SV0Sh', '_version': 1, 'result': 'created', '_shards': {'total': 2, 'successful': 1, 'failed': 0}, '_seq_no': 917, '_primary_term': 1}
[2024-09-24T13:01:26.820+0000] {base.py:271} INFO - POST http://elasticsearch:9200/final_projects/_doc [status:201 request:0.001s]
[2024-09-24T13:01:26.820+0000] {logging_mixin.py:115} INFO - {'_index': 'final_projects', '_type': '_doc', '_id': 'A1AfJJIB9Ge4CN5SV0Si', '_version': 1, 'result': 'created', '_shards': {'total': 2, 'successful': 1, 'failed': 0}, '_seq_no': 918, '_primary_term': 1}
[2024-09-24T13:01:26.821+0000] {base.py:271} INFO - POST http://elasticsearch:9200/final_projects/_doc [status:201 request:0.001s]
[2024-09-24T13:01:26.821+0000] {logging_mixin.py:115} INFO - {'_index': 'final_projects', '_type': '_doc', '_id': 'BFAfJJIB9Ge4CN5SV0Sk', '_version': 1, 'result': 'created', '_shards': {'total': 2, 'successful': 1, 'failed': 0}, '_seq_no': 919, '_primary_term': 1}
[2024-09-24T13:01:26.823+0000] {base.py:271} INFO - POST http://elasticsearch:9200/final_projects/_doc [status:201 request:0.001s]
[2024-09-24T13:01:26.823+0000] {logging_mixin.py:115} INFO - {'_index': 'final_projects', '_type': '_doc', '_id': 'BVAfJJIB9Ge4CN5SV0Sm', '_version': 1, 'result': 'created', '_shards': {'total': 2, 'successful': 1, 'failed': 0}, '_seq_no': 920, '_primary_term': 1}
[2024-09-24T13:01:26.824+0000] {base.py:271} INFO - POST http://elasticsearch:9200/final_projects/_doc [status:201 request:0.001s]
[2024-09-24T13:01:26.824+0000] {logging_mixin.py:115} INFO - {'_index': 'final_projects', '_type': '_doc', '_id': 'BlAfJJIB9Ge4CN5SV0Sn', '_version': 1, 'result': 'created', '_shards': {'total': 2, 'successful': 1, 'failed': 0}, '_seq_no': 921, '_primary_term': 1}
[2024-09-24T13:01:26.826+0000] {base.py:271} INFO - POST http://elasticsearch:9200/final_projects/_doc [status:201 request:0.001s]
[2024-09-24T13:01:26.826+0000] {logging_mixin.py:115} INFO - {'_index': 'final_projects', '_type': '_doc', '_id': 'B1AfJJIB9Ge4CN5SV0Sp', '_version': 1, 'result': 'created', '_shards': {'total': 2, 'successful': 1, 'failed': 0}, '_seq_no': 922, '_primary_term': 1}
[2024-09-24T13:01:26.828+0000] {base.py:271} INFO - POST http://elasticsearch:9200/final_projects/_doc [status:201 request:0.001s]
[2024-09-24T13:01:26.828+0000] {logging_mixin.py:115} INFO - {'_index': 'final_projects', '_type': '_doc', '_id': 'CFAfJJIB9Ge4CN5SV0Sq', '_version': 1, 'result': 'created', '_shards': {'total': 2, 'successful': 1, 'failed': 0}, '_seq_no': 923, '_primary_term': 1}
[2024-09-24T13:01:26.829+0000] {base.py:271} INFO - POST http://elasticsearch:9200/final_projects/_doc [status:201 request:0.001s]
[2024-09-24T13:01:26.829+0000] {logging_mixin.py:115} INFO - {'_index': 'final_projects', '_type': '_doc', '_id': 'CVAfJJIB9Ge4CN5SV0Ss', '_version': 1, 'result': 'created', '_shards': {'total': 2, 'successful': 1, 'failed': 0}, '_seq_no': 924, '_primary_term': 1}
[2024-09-24T13:01:26.831+0000] {base.py:271} INFO - POST http://elasticsearch:9200/final_projects/_doc [status:201 request:0.001s]
[2024-09-24T13:01:26.831+0000] {logging_mixin.py:115} INFO - {'_index': 'final_projects', '_type': '_doc', '_id': 'ClAfJJIB9Ge4CN5SV0Su', '_version': 1, 'result': 'created', '_shards': {'total': 2, 'successful': 1, 'failed': 0}, '_seq_no': 925, '_primary_term': 1}
[2024-09-24T13:01:26.832+0000] {base.py:271} INFO - POST http://elasticsearch:9200/final_projects/_doc [status:201 request:0.001s]
[2024-09-24T13:01:26.833+0000] {logging_mixin.py:115} INFO - {'_index': 'final_projects', '_type': '_doc', '_id': 'C1AfJJIB9Ge4CN5SV0Sv', '_version': 1, 'result': 'created', '_shards': {'total': 2, 'successful': 1, 'failed': 0}, '_seq_no': 926, '_primary_term': 1}
[2024-09-24T13:01:26.834+0000] {base.py:271} INFO - POST http://elasticsearch:9200/final_projects/_doc [status:201 request:0.001s]
[2024-09-24T13:01:26.834+0000] {logging_mixin.py:115} INFO - {'_index': 'final_projects', '_type': '_doc', '_id': 'DFAfJJIB9Ge4CN5SV0Sx', '_version': 1, 'result': 'created', '_shards': {'total': 2, 'successful': 1, 'failed': 0}, '_seq_no': 927, '_primary_term': 1}
[2024-09-24T13:01:26.836+0000] {base.py:271} INFO - POST http://elasticsearch:9200/final_projects/_doc [status:201 request:0.001s]
[2024-09-24T13:01:26.836+0000] {logging_mixin.py:115} INFO - {'_index': 'final_projects', '_type': '_doc', '_id': 'DVAfJJIB9Ge4CN5SV0Sz', '_version': 1, 'result': 'created', '_shards': {'total': 2, 'successful': 1, 'failed': 0}, '_seq_no': 928, '_primary_term': 1}
[2024-09-24T13:01:26.838+0000] {base.py:271} INFO - POST http://elasticsearch:9200/final_projects/_doc [status:201 request:0.001s]
[2024-09-24T13:01:26.838+0000] {logging_mixin.py:115} INFO - {'_index': 'final_projects', '_type': '_doc', '_id': 'DlAfJJIB9Ge4CN5SV0S0', '_version': 1, 'result': 'created', '_shards': {'total': 2, 'successful': 1, 'failed': 0}, '_seq_no': 929, '_primary_term': 1}
[2024-09-24T13:01:26.839+0000] {base.py:271} INFO - POST http://elasticsearch:9200/final_projects/_doc [status:201 request:0.001s]
[2024-09-24T13:01:26.839+0000] {logging_mixin.py:115} INFO - {'_index': 'final_projects', '_type': '_doc', '_id': 'D1AfJJIB9Ge4CN5SV0S2', '_version': 1, 'result': 'created', '_shards': {'total': 2, 'successful': 1, 'failed': 0}, '_seq_no': 930, '_primary_term': 1}
[2024-09-24T13:01:26.841+0000] {base.py:271} INFO - POST http://elasticsearch:9200/final_projects/_doc [status:201 request:0.001s]
[2024-09-24T13:01:26.841+0000] {logging_mixin.py:115} INFO - {'_index': 'final_projects', '_type': '_doc', '_id': 'EFAfJJIB9Ge4CN5SV0S4', '_version': 1, 'result': 'created', '_shards': {'total': 2, 'successful': 1, 'failed': 0}, '_seq_no': 931, '_primary_term': 1}
[2024-09-24T13:01:26.842+0000] {base.py:271} INFO - POST http://elasticsearch:9200/final_projects/_doc [status:201 request:0.001s]
[2024-09-24T13:01:26.843+0000] {logging_mixin.py:115} INFO - {'_index': 'final_projects', '_type': '_doc', '_id': 'EVAfJJIB9Ge4CN5SV0S5', '_version': 1, 'result': 'created', '_shards': {'total': 2, 'successful': 1, 'failed': 0}, '_seq_no': 932, '_primary_term': 1}
[2024-09-24T13:01:26.844+0000] {base.py:271} INFO - POST http://elasticsearch:9200/final_projects/_doc [status:201 request:0.001s]
[2024-09-24T13:01:26.844+0000] {logging_mixin.py:115} INFO - {'_index': 'final_projects', '_type': '_doc', '_id': 'ElAfJJIB9Ge4CN5SV0S7', '_version': 1, 'result': 'created', '_shards': {'total': 2, 'successful': 1, 'failed': 0}, '_seq_no': 933, '_primary_term': 1}
[2024-09-24T13:01:26.846+0000] {base.py:271} INFO - POST http://elasticsearch:9200/final_projects/_doc [status:201 request:0.001s]
[2024-09-24T13:01:26.846+0000] {logging_mixin.py:115} INFO - {'_index': 'final_projects', '_type': '_doc', '_id': 'E1AfJJIB9Ge4CN5SV0S9', '_version': 1, 'result': 'created', '_shards': {'total': 2, 'successful': 1, 'failed': 0}, '_seq_no': 934, '_primary_term': 1}
[2024-09-24T13:01:26.848+0000] {base.py:271} INFO - POST http://elasticsearch:9200/final_projects/_doc [status:201 request:0.001s]
[2024-09-24T13:01:26.848+0000] {logging_mixin.py:115} INFO - {'_index': 'final_projects', '_type': '_doc', '_id': 'FFAfJJIB9Ge4CN5SV0S-', '_version': 1, 'result': 'created', '_shards': {'total': 2, 'successful': 1, 'failed': 0}, '_seq_no': 935, '_primary_term': 1}
[2024-09-24T13:01:26.849+0000] {base.py:271} INFO - POST http://elasticsearch:9200/final_projects/_doc [status:201 request:0.001s]
[2024-09-24T13:01:26.849+0000] {logging_mixin.py:115} INFO - {'_index': 'final_projects', '_type': '_doc', '_id': 'FVAfJJIB9Ge4CN5SV0TA', '_version': 1, 'result': 'created', '_shards': {'total': 2, 'successful': 1, 'failed': 0}, '_seq_no': 936, '_primary_term': 1}
[2024-09-24T13:01:26.851+0000] {base.py:271} INFO - POST http://elasticsearch:9200/final_projects/_doc [status:201 request:0.001s]
[2024-09-24T13:01:26.851+0000] {logging_mixin.py:115} INFO - {'_index': 'final_projects', '_type': '_doc', '_id': 'FlAfJJIB9Ge4CN5SV0TC', '_version': 1, 'result': 'created', '_shards': {'total': 2, 'successful': 1, 'failed': 0}, '_seq_no': 937, '_primary_term': 1}
[2024-09-24T13:01:26.852+0000] {base.py:271} INFO - POST http://elasticsearch:9200/final_projects/_doc [status:201 request:0.001s]
[2024-09-24T13:01:26.853+0000] {logging_mixin.py:115} INFO - {'_index': 'final_projects', '_type': '_doc', '_id': 'F1AfJJIB9Ge4CN5SV0TD', '_version': 1, 'result': 'created', '_shards': {'total': 2, 'successful': 1, 'failed': 0}, '_seq_no': 938, '_primary_term': 1}
[2024-09-24T13:01:26.854+0000] {base.py:271} INFO - POST http://elasticsearch:9200/final_projects/_doc [status:201 request:0.001s]
[2024-09-24T13:01:26.854+0000] {logging_mixin.py:115} INFO - {'_index': 'final_projects', '_type': '_doc', '_id': 'GFAfJJIB9Ge4CN5SV0TF', '_version': 1, 'result': 'created', '_shards': {'total': 2, 'successful': 1, 'failed': 0}, '_seq_no': 939, '_primary_term': 1}
[2024-09-24T13:01:26.856+0000] {base.py:271} INFO - POST http://elasticsearch:9200/final_projects/_doc [status:201 request:0.001s]
[2024-09-24T13:01:26.856+0000] {logging_mixin.py:115} INFO - {'_index': 'final_projects', '_type': '_doc', '_id': 'GVAfJJIB9Ge4CN5SV0TH', '_version': 1, 'result': 'created', '_shards': {'total': 2, 'successful': 1, 'failed': 0}, '_seq_no': 940, '_primary_term': 1}
[2024-09-24T13:01:26.857+0000] {base.py:271} INFO - POST http://elasticsearch:9200/final_projects/_doc [status:201 request:0.001s]
[2024-09-24T13:01:26.857+0000] {logging_mixin.py:115} INFO - {'_index': 'final_projects', '_type': '_doc', '_id': 'GlAfJJIB9Ge4CN5SV0TI', '_version': 1, 'result': 'created', '_shards': {'total': 2, 'successful': 1, 'failed': 0}, '_seq_no': 941, '_primary_term': 1}
[2024-09-24T13:01:26.859+0000] {base.py:271} INFO - POST http://elasticsearch:9200/final_projects/_doc [status:201 request:0.001s]
[2024-09-24T13:01:26.859+0000] {logging_mixin.py:115} INFO - {'_index': 'final_projects', '_type': '_doc', '_id': 'G1AfJJIB9Ge4CN5SV0TK', '_version': 1, 'result': 'created', '_shards': {'total': 2, 'successful': 1, 'failed': 0}, '_seq_no': 942, '_primary_term': 1}
[2024-09-24T13:01:26.861+0000] {base.py:271} INFO - POST http://elasticsearch:9200/final_projects/_doc [status:201 request:0.001s]
[2024-09-24T13:01:26.861+0000] {logging_mixin.py:115} INFO - {'_index': 'final_projects', '_type': '_doc', '_id': 'HFAfJJIB9Ge4CN5SV0TM', '_version': 1, 'result': 'created', '_shards': {'total': 2, 'successful': 1, 'failed': 0}, '_seq_no': 943, '_primary_term': 1}
[2024-09-24T13:01:26.863+0000] {base.py:271} INFO - POST http://elasticsearch:9200/final_projects/_doc [status:201 request:0.002s]
[2024-09-24T13:01:26.863+0000] {logging_mixin.py:115} INFO - {'_index': 'final_projects', '_type': '_doc', '_id': 'HVAfJJIB9Ge4CN5SV0TO', '_version': 1, 'result': 'created', '_shards': {'total': 2, 'successful': 1, 'failed': 0}, '_seq_no': 944, '_primary_term': 1}
[2024-09-24T13:01:26.865+0000] {base.py:271} INFO - POST http://elasticsearch:9200/final_projects/_doc [status:201 request:0.002s]
[2024-09-24T13:01:26.865+0000] {logging_mixin.py:115} INFO - {'_index': 'final_projects', '_type': '_doc', '_id': 'HlAfJJIB9Ge4CN5SV0TQ', '_version': 1, 'result': 'created', '_shards': {'total': 2, 'successful': 1, 'failed': 0}, '_seq_no': 945, '_primary_term': 1}
[2024-09-24T13:01:26.867+0000] {base.py:271} INFO - POST http://elasticsearch:9200/final_projects/_doc [status:201 request:0.001s]
[2024-09-24T13:01:26.867+0000] {logging_mixin.py:115} INFO - {'_index': 'final_projects', '_type': '_doc', '_id': 'H1AfJJIB9Ge4CN5SV0TS', '_version': 1, 'result': 'created', '_shards': {'total': 2, 'successful': 1, 'failed': 0}, '_seq_no': 946, '_primary_term': 1}
[2024-09-24T13:01:26.869+0000] {base.py:271} INFO - POST http://elasticsearch:9200/final_projects/_doc [status:201 request:0.001s]
[2024-09-24T13:01:26.869+0000] {logging_mixin.py:115} INFO - {'_index': 'final_projects', '_type': '_doc', '_id': 'IFAfJJIB9Ge4CN5SV0TU', '_version': 1, 'result': 'created', '_shards': {'total': 2, 'successful': 1, 'failed': 0}, '_seq_no': 947, '_primary_term': 1}
[2024-09-24T13:01:26.871+0000] {base.py:271} INFO - POST http://elasticsearch:9200/final_projects/_doc [status:201 request:0.002s]
[2024-09-24T13:01:26.871+0000] {logging_mixin.py:115} INFO - {'_index': 'final_projects', '_type': '_doc', '_id': 'IVAfJJIB9Ge4CN5SV0TW', '_version': 1, 'result': 'created', '_shards': {'total': 2, 'successful': 1, 'failed': 0}, '_seq_no': 948, '_primary_term': 1}
[2024-09-24T13:01:26.873+0000] {base.py:271} INFO - POST http://elasticsearch:9200/final_projects/_doc [status:201 request:0.001s]
[2024-09-24T13:01:26.873+0000] {logging_mixin.py:115} INFO - {'_index': 'final_projects', '_type': '_doc', '_id': 'IlAfJJIB9Ge4CN5SV0TY', '_version': 1, 'result': 'created', '_shards': {'total': 2, 'successful': 1, 'failed': 0}, '_seq_no': 949, '_primary_term': 1}
[2024-09-24T13:01:26.874+0000] {base.py:271} INFO - POST http://elasticsearch:9200/final_projects/_doc [status:201 request:0.001s]
[2024-09-24T13:01:26.875+0000] {logging_mixin.py:115} INFO - {'_index': 'final_projects', '_type': '_doc', '_id': 'I1AfJJIB9Ge4CN5SV0TZ', '_version': 1, 'result': 'created', '_shards': {'total': 2, 'successful': 1, 'failed': 0}, '_seq_no': 950, '_primary_term': 1}
[2024-09-24T13:01:26.876+0000] {base.py:271} INFO - POST http://elasticsearch:9200/final_projects/_doc [status:201 request:0.001s]
[2024-09-24T13:01:26.876+0000] {logging_mixin.py:115} INFO - {'_index': 'final_projects', '_type': '_doc', '_id': 'JFAfJJIB9Ge4CN5SV0Tb', '_version': 1, 'result': 'created', '_shards': {'total': 2, 'successful': 1, 'failed': 0}, '_seq_no': 951, '_primary_term': 1}
[2024-09-24T13:01:26.878+0000] {base.py:271} INFO - POST http://elasticsearch:9200/final_projects/_doc [status:201 request:0.001s]
[2024-09-24T13:01:26.878+0000] {logging_mixin.py:115} INFO - {'_index': 'final_projects', '_type': '_doc', '_id': 'JVAfJJIB9Ge4CN5SV0Td', '_version': 1, 'result': 'created', '_shards': {'total': 2, 'successful': 1, 'failed': 0}, '_seq_no': 952, '_primary_term': 1}
[2024-09-24T13:01:26.880+0000] {base.py:271} INFO - POST http://elasticsearch:9200/final_projects/_doc [status:201 request:0.002s]
[2024-09-24T13:01:26.880+0000] {logging_mixin.py:115} INFO - {'_index': 'final_projects', '_type': '_doc', '_id': 'JlAfJJIB9Ge4CN5SV0Tf', '_version': 1, 'result': 'created', '_shards': {'total': 2, 'successful': 1, 'failed': 0}, '_seq_no': 953, '_primary_term': 1}
[2024-09-24T13:01:26.882+0000] {base.py:271} INFO - POST http://elasticsearch:9200/final_projects/_doc [status:201 request:0.001s]
[2024-09-24T13:01:26.882+0000] {logging_mixin.py:115} INFO - {'_index': 'final_projects', '_type': '_doc', '_id': 'J1AfJJIB9Ge4CN5SV0Th', '_version': 1, 'result': 'created', '_shards': {'total': 2, 'successful': 1, 'failed': 0}, '_seq_no': 954, '_primary_term': 1}
[2024-09-24T13:01:26.884+0000] {base.py:271} INFO - POST http://elasticsearch:9200/final_projects/_doc [status:201 request:0.002s]
[2024-09-24T13:01:26.884+0000] {logging_mixin.py:115} INFO - {'_index': 'final_projects', '_type': '_doc', '_id': 'KFAfJJIB9Ge4CN5SV0Ti', '_version': 1, 'result': 'created', '_shards': {'total': 2, 'successful': 1, 'failed': 0}, '_seq_no': 955, '_primary_term': 1}
[2024-09-24T13:01:26.886+0000] {base.py:271} INFO - POST http://elasticsearch:9200/final_projects/_doc [status:201 request:0.002s]
[2024-09-24T13:01:26.886+0000] {logging_mixin.py:115} INFO - {'_index': 'final_projects', '_type': '_doc', '_id': 'KVAfJJIB9Ge4CN5SV0Tk', '_version': 1, 'result': 'created', '_shards': {'total': 2, 'successful': 1, 'failed': 0}, '_seq_no': 956, '_primary_term': 1}
[2024-09-24T13:01:26.887+0000] {base.py:271} INFO - POST http://elasticsearch:9200/final_projects/_doc [status:201 request:0.001s]
[2024-09-24T13:01:26.888+0000] {logging_mixin.py:115} INFO - {'_index': 'final_projects', '_type': '_doc', '_id': 'KlAfJJIB9Ge4CN5SV0Tm', '_version': 1, 'result': 'created', '_shards': {'total': 2, 'successful': 1, 'failed': 0}, '_seq_no': 957, '_primary_term': 1}
[2024-09-24T13:01:26.889+0000] {base.py:271} INFO - POST http://elasticsearch:9200/final_projects/_doc [status:201 request:0.001s]
[2024-09-24T13:01:26.889+0000] {logging_mixin.py:115} INFO - {'_index': 'final_projects', '_type': '_doc', '_id': 'K1AfJJIB9Ge4CN5SV0To', '_version': 1, 'result': 'created', '_shards': {'total': 2, 'successful': 1, 'failed': 0}, '_seq_no': 958, '_primary_term': 1}
[2024-09-24T13:01:26.891+0000] {base.py:271} INFO - POST http://elasticsearch:9200/final_projects/_doc [status:201 request:0.001s]
[2024-09-24T13:01:26.891+0000] {logging_mixin.py:115} INFO - {'_index': 'final_projects', '_type': '_doc', '_id': 'LFAfJJIB9Ge4CN5SV0Tq', '_version': 1, 'result': 'created', '_shards': {'total': 2, 'successful': 1, 'failed': 0}, '_seq_no': 959, '_primary_term': 1}
[2024-09-24T13:01:26.893+0000] {base.py:271} INFO - POST http://elasticsearch:9200/final_projects/_doc [status:201 request:0.001s]
[2024-09-24T13:01:26.893+0000] {logging_mixin.py:115} INFO - {'_index': 'final_projects', '_type': '_doc', '_id': 'LVAfJJIB9Ge4CN5SV0Ts', '_version': 1, 'result': 'created', '_shards': {'total': 2, 'successful': 1, 'failed': 0}, '_seq_no': 960, '_primary_term': 1}
[2024-09-24T13:01:26.895+0000] {base.py:271} INFO - POST http://elasticsearch:9200/final_projects/_doc [status:201 request:0.002s]
[2024-09-24T13:01:26.895+0000] {logging_mixin.py:115} INFO - {'_index': 'final_projects', '_type': '_doc', '_id': 'LlAfJJIB9Ge4CN5SV0Tu', '_version': 1, 'result': 'created', '_shards': {'total': 2, 'successful': 1, 'failed': 0}, '_seq_no': 961, '_primary_term': 1}
[2024-09-24T13:01:26.897+0000] {base.py:271} INFO - POST http://elasticsearch:9200/final_projects/_doc [status:201 request:0.002s]
[2024-09-24T13:01:26.897+0000] {logging_mixin.py:115} INFO - {'_index': 'final_projects', '_type': '_doc', '_id': 'L1AfJJIB9Ge4CN5SV0Tv', '_version': 1, 'result': 'created', '_shards': {'total': 2, 'successful': 1, 'failed': 0}, '_seq_no': 962, '_primary_term': 1}
[2024-09-24T13:01:26.899+0000] {base.py:271} INFO - POST http://elasticsearch:9200/final_projects/_doc [status:201 request:0.002s]
[2024-09-24T13:01:26.899+0000] {logging_mixin.py:115} INFO - {'_index': 'final_projects', '_type': '_doc', '_id': 'MFAfJJIB9Ge4CN5SV0Ty', '_version': 1, 'result': 'created', '_shards': {'total': 2, 'successful': 1, 'failed': 0}, '_seq_no': 963, '_primary_term': 1}
[2024-09-24T13:01:26.901+0000] {base.py:271} INFO - POST http://elasticsearch:9200/final_projects/_doc [status:201 request:0.002s]
[2024-09-24T13:01:26.901+0000] {logging_mixin.py:115} INFO - {'_index': 'final_projects', '_type': '_doc', '_id': 'MVAfJJIB9Ge4CN5SV0T0', '_version': 1, 'result': 'created', '_shards': {'total': 2, 'successful': 1, 'failed': 0}, '_seq_no': 964, '_primary_term': 1}
[2024-09-24T13:01:26.903+0000] {base.py:271} INFO - POST http://elasticsearch:9200/final_projects/_doc [status:201 request:0.001s]
[2024-09-24T13:01:26.903+0000] {logging_mixin.py:115} INFO - {'_index': 'final_projects', '_type': '_doc', '_id': 'MlAfJJIB9Ge4CN5SV0T1', '_version': 1, 'result': 'created', '_shards': {'total': 2, 'successful': 1, 'failed': 0}, '_seq_no': 965, '_primary_term': 1}
[2024-09-24T13:01:26.905+0000] {base.py:271} INFO - POST http://elasticsearch:9200/final_projects/_doc [status:201 request:0.002s]
[2024-09-24T13:01:26.905+0000] {logging_mixin.py:115} INFO - {'_index': 'final_projects', '_type': '_doc', '_id': 'M1AfJJIB9Ge4CN5SV0T3', '_version': 1, 'result': 'created', '_shards': {'total': 2, 'successful': 1, 'failed': 0}, '_seq_no': 966, '_primary_term': 1}
[2024-09-24T13:01:26.906+0000] {base.py:271} INFO - POST http://elasticsearch:9200/final_projects/_doc [status:201 request:0.001s]
[2024-09-24T13:01:26.907+0000] {logging_mixin.py:115} INFO - {'_index': 'final_projects', '_type': '_doc', '_id': 'NFAfJJIB9Ge4CN5SV0T5', '_version': 1, 'result': 'created', '_shards': {'total': 2, 'successful': 1, 'failed': 0}, '_seq_no': 967, '_primary_term': 1}
[2024-09-24T13:01:26.909+0000] {base.py:271} INFO - POST http://elasticsearch:9200/final_projects/_doc [status:201 request:0.002s]
[2024-09-24T13:01:26.909+0000] {logging_mixin.py:115} INFO - {'_index': 'final_projects', '_type': '_doc', '_id': 'NVAfJJIB9Ge4CN5SV0T7', '_version': 1, 'result': 'created', '_shards': {'total': 2, 'successful': 1, 'failed': 0}, '_seq_no': 968, '_primary_term': 1}
[2024-09-24T13:01:26.910+0000] {base.py:271} INFO - POST http://elasticsearch:9200/final_projects/_doc [status:201 request:0.002s]
[2024-09-24T13:01:26.911+0000] {logging_mixin.py:115} INFO - {'_index': 'final_projects', '_type': '_doc', '_id': 'NlAfJJIB9Ge4CN5SV0T9', '_version': 1, 'result': 'created', '_shards': {'total': 2, 'successful': 1, 'failed': 0}, '_seq_no': 969, '_primary_term': 1}
[2024-09-24T13:01:26.912+0000] {base.py:271} INFO - POST http://elasticsearch:9200/final_projects/_doc [status:201 request:0.002s]
[2024-09-24T13:01:26.912+0000] {logging_mixin.py:115} INFO - {'_index': 'final_projects', '_type': '_doc', '_id': 'N1AfJJIB9Ge4CN5SV0T_', '_version': 1, 'result': 'created', '_shards': {'total': 2, 'successful': 1, 'failed': 0}, '_seq_no': 970, '_primary_term': 1}
[2024-09-24T13:01:26.914+0000] {base.py:271} INFO - POST http://elasticsearch:9200/final_projects/_doc [status:201 request:0.001s]
[2024-09-24T13:01:26.914+0000] {logging_mixin.py:115} INFO - {'_index': 'final_projects', '_type': '_doc', '_id': 'OFAfJJIB9Ge4CN5SWEQB', '_version': 1, 'result': 'created', '_shards': {'total': 2, 'successful': 1, 'failed': 0}, '_seq_no': 971, '_primary_term': 1}
[2024-09-24T13:01:26.916+0000] {base.py:271} INFO - POST http://elasticsearch:9200/final_projects/_doc [status:201 request:0.001s]
[2024-09-24T13:01:26.916+0000] {logging_mixin.py:115} INFO - {'_index': 'final_projects', '_type': '_doc', '_id': 'OVAfJJIB9Ge4CN5SWEQD', '_version': 1, 'result': 'created', '_shards': {'total': 2, 'successful': 1, 'failed': 0}, '_seq_no': 972, '_primary_term': 1}
[2024-09-24T13:01:26.918+0000] {base.py:271} INFO - POST http://elasticsearch:9200/final_projects/_doc [status:201 request:0.001s]
[2024-09-24T13:01:26.918+0000] {logging_mixin.py:115} INFO - {'_index': 'final_projects', '_type': '_doc', '_id': 'OlAfJJIB9Ge4CN5SWEQF', '_version': 1, 'result': 'created', '_shards': {'total': 2, 'successful': 1, 'failed': 0}, '_seq_no': 973, '_primary_term': 1}
[2024-09-24T13:01:26.919+0000] {base.py:271} INFO - POST http://elasticsearch:9200/final_projects/_doc [status:201 request:0.001s]
[2024-09-24T13:01:26.920+0000] {logging_mixin.py:115} INFO - {'_index': 'final_projects', '_type': '_doc', '_id': 'O1AfJJIB9Ge4CN5SWEQG', '_version': 1, 'result': 'created', '_shards': {'total': 2, 'successful': 1, 'failed': 0}, '_seq_no': 974, '_primary_term': 1}
[2024-09-24T13:01:26.921+0000] {base.py:271} INFO - POST http://elasticsearch:9200/final_projects/_doc [status:201 request:0.001s]
[2024-09-24T13:01:26.921+0000] {logging_mixin.py:115} INFO - {'_index': 'final_projects', '_type': '_doc', '_id': 'PFAfJJIB9Ge4CN5SWEQI', '_version': 1, 'result': 'created', '_shards': {'total': 2, 'successful': 1, 'failed': 0}, '_seq_no': 975, '_primary_term': 1}
[2024-09-24T13:01:26.923+0000] {base.py:271} INFO - POST http://elasticsearch:9200/final_projects/_doc [status:201 request:0.002s]
[2024-09-24T13:01:26.923+0000] {logging_mixin.py:115} INFO - {'_index': 'final_projects', '_type': '_doc', '_id': 'PVAfJJIB9Ge4CN5SWEQK', '_version': 1, 'result': 'created', '_shards': {'total': 2, 'successful': 1, 'failed': 0}, '_seq_no': 976, '_primary_term': 1}
[2024-09-24T13:01:26.925+0000] {base.py:271} INFO - POST http://elasticsearch:9200/final_projects/_doc [status:201 request:0.001s]
[2024-09-24T13:01:26.925+0000] {logging_mixin.py:115} INFO - {'_index': 'final_projects', '_type': '_doc', '_id': 'PlAfJJIB9Ge4CN5SWEQM', '_version': 1, 'result': 'created', '_shards': {'total': 2, 'successful': 1, 'failed': 0}, '_seq_no': 977, '_primary_term': 1}
[2024-09-24T13:01:26.927+0000] {base.py:271} INFO - POST http://elasticsearch:9200/final_projects/_doc [status:201 request:0.001s]
[2024-09-24T13:01:26.927+0000] {logging_mixin.py:115} INFO - {'_index': 'final_projects', '_type': '_doc', '_id': 'P1AfJJIB9Ge4CN5SWEQO', '_version': 1, 'result': 'created', '_shards': {'total': 2, 'successful': 1, 'failed': 0}, '_seq_no': 978, '_primary_term': 1}
[2024-09-24T13:01:26.929+0000] {base.py:271} INFO - POST http://elasticsearch:9200/final_projects/_doc [status:201 request:0.001s]
[2024-09-24T13:01:26.929+0000] {logging_mixin.py:115} INFO - {'_index': 'final_projects', '_type': '_doc', '_id': 'QFAfJJIB9Ge4CN5SWEQQ', '_version': 1, 'result': 'created', '_shards': {'total': 2, 'successful': 1, 'failed': 0}, '_seq_no': 979, '_primary_term': 1}
[2024-09-24T13:01:26.931+0000] {base.py:271} INFO - POST http://elasticsearch:9200/final_projects/_doc [status:201 request:0.002s]
[2024-09-24T13:01:26.931+0000] {logging_mixin.py:115} INFO - {'_index': 'final_projects', '_type': '_doc', '_id': 'QVAfJJIB9Ge4CN5SWEQR', '_version': 1, 'result': 'created', '_shards': {'total': 2, 'successful': 1, 'failed': 0}, '_seq_no': 980, '_primary_term': 1}
[2024-09-24T13:01:26.933+0000] {base.py:271} INFO - POST http://elasticsearch:9200/final_projects/_doc [status:201 request:0.001s]
[2024-09-24T13:01:26.933+0000] {logging_mixin.py:115} INFO - {'_index': 'final_projects', '_type': '_doc', '_id': 'QlAfJJIB9Ge4CN5SWEQT', '_version': 1, 'result': 'created', '_shards': {'total': 2, 'successful': 1, 'failed': 0}, '_seq_no': 981, '_primary_term': 1}
[2024-09-24T13:01:26.934+0000] {base.py:271} INFO - POST http://elasticsearch:9200/final_projects/_doc [status:201 request:0.001s]
[2024-09-24T13:01:26.935+0000] {logging_mixin.py:115} INFO - {'_index': 'final_projects', '_type': '_doc', '_id': 'Q1AfJJIB9Ge4CN5SWEQV', '_version': 1, 'result': 'created', '_shards': {'total': 2, 'successful': 1, 'failed': 0}, '_seq_no': 982, '_primary_term': 1}
[2024-09-24T13:01:26.936+0000] {base.py:271} INFO - POST http://elasticsearch:9200/final_projects/_doc [status:201 request:0.001s]
[2024-09-24T13:01:26.936+0000] {logging_mixin.py:115} INFO - {'_index': 'final_projects', '_type': '_doc', '_id': 'RFAfJJIB9Ge4CN5SWEQX', '_version': 1, 'result': 'created', '_shards': {'total': 2, 'successful': 1, 'failed': 0}, '_seq_no': 983, '_primary_term': 1}
[2024-09-24T13:01:26.938+0000] {base.py:271} INFO - POST http://elasticsearch:9200/final_projects/_doc [status:201 request:0.001s]
[2024-09-24T13:01:26.938+0000] {logging_mixin.py:115} INFO - {'_index': 'final_projects', '_type': '_doc', '_id': 'RVAfJJIB9Ge4CN5SWEQZ', '_version': 1, 'result': 'created', '_shards': {'total': 2, 'successful': 1, 'failed': 0}, '_seq_no': 984, '_primary_term': 1}
[2024-09-24T13:01:26.940+0000] {base.py:271} INFO - POST http://elasticsearch:9200/final_projects/_doc [status:201 request:0.002s]
[2024-09-24T13:01:26.940+0000] {logging_mixin.py:115} INFO - {'_index': 'final_projects', '_type': '_doc', '_id': 'RlAfJJIB9Ge4CN5SWEQb', '_version': 1, 'result': 'created', '_shards': {'total': 2, 'successful': 1, 'failed': 0}, '_seq_no': 985, '_primary_term': 1}
[2024-09-24T13:01:26.942+0000] {base.py:271} INFO - POST http://elasticsearch:9200/final_projects/_doc [status:201 request:0.002s]
[2024-09-24T13:01:26.942+0000] {logging_mixin.py:115} INFO - {'_index': 'final_projects', '_type': '_doc', '_id': 'R1AfJJIB9Ge4CN5SWEQd', '_version': 1, 'result': 'created', '_shards': {'total': 2, 'successful': 1, 'failed': 0}, '_seq_no': 986, '_primary_term': 1}
[2024-09-24T13:01:26.944+0000] {base.py:271} INFO - POST http://elasticsearch:9200/final_projects/_doc [status:201 request:0.001s]
[2024-09-24T13:01:26.944+0000] {logging_mixin.py:115} INFO - {'_index': 'final_projects', '_type': '_doc', '_id': 'SFAfJJIB9Ge4CN5SWEQf', '_version': 1, 'result': 'created', '_shards': {'total': 2, 'successful': 1, 'failed': 0}, '_seq_no': 987, '_primary_term': 1}
[2024-09-24T13:01:26.946+0000] {base.py:271} INFO - POST http://elasticsearch:9200/final_projects/_doc [status:201 request:0.001s]
[2024-09-24T13:01:26.946+0000] {logging_mixin.py:115} INFO - {'_index': 'final_projects', '_type': '_doc', '_id': 'SVAfJJIB9Ge4CN5SWEQh', '_version': 1, 'result': 'created', '_shards': {'total': 2, 'successful': 1, 'failed': 0}, '_seq_no': 988, '_primary_term': 1}
[2024-09-24T13:01:26.947+0000] {base.py:271} INFO - POST http://elasticsearch:9200/final_projects/_doc [status:201 request:0.001s]
[2024-09-24T13:01:26.948+0000] {logging_mixin.py:115} INFO - {'_index': 'final_projects', '_type': '_doc', '_id': 'SlAfJJIB9Ge4CN5SWEQi', '_version': 1, 'result': 'created', '_shards': {'total': 2, 'successful': 1, 'failed': 0}, '_seq_no': 989, '_primary_term': 1}
[2024-09-24T13:01:26.949+0000] {base.py:271} INFO - POST http://elasticsearch:9200/final_projects/_doc [status:201 request:0.001s]
[2024-09-24T13:01:26.949+0000] {logging_mixin.py:115} INFO - {'_index': 'final_projects', '_type': '_doc', '_id': 'S1AfJJIB9Ge4CN5SWEQk', '_version': 1, 'result': 'created', '_shards': {'total': 2, 'successful': 1, 'failed': 0}, '_seq_no': 990, '_primary_term': 1}
[2024-09-24T13:01:26.951+0000] {base.py:271} INFO - POST http://elasticsearch:9200/final_projects/_doc [status:201 request:0.001s]
[2024-09-24T13:01:26.951+0000] {logging_mixin.py:115} INFO - {'_index': 'final_projects', '_type': '_doc', '_id': 'TFAfJJIB9Ge4CN5SWEQm', '_version': 1, 'result': 'created', '_shards': {'total': 2, 'successful': 1, 'failed': 0}, '_seq_no': 991, '_primary_term': 1}
[2024-09-24T13:01:26.952+0000] {base.py:271} INFO - POST http://elasticsearch:9200/final_projects/_doc [status:201 request:0.001s]
[2024-09-24T13:01:26.953+0000] {logging_mixin.py:115} INFO - {'_index': 'final_projects', '_type': '_doc', '_id': 'TVAfJJIB9Ge4CN5SWEQn', '_version': 1, 'result': 'created', '_shards': {'total': 2, 'successful': 1, 'failed': 0}, '_seq_no': 992, '_primary_term': 1}
[2024-09-24T13:01:26.955+0000] {base.py:271} INFO - POST http://elasticsearch:9200/final_projects/_doc [status:201 request:0.002s]
[2024-09-24T13:01:26.955+0000] {logging_mixin.py:115} INFO - {'_index': 'final_projects', '_type': '_doc', '_id': 'TlAfJJIB9Ge4CN5SWEQp', '_version': 1, 'result': 'created', '_shards': {'total': 2, 'successful': 1, 'failed': 0}, '_seq_no': 993, '_primary_term': 1}
[2024-09-24T13:01:26.957+0000] {base.py:271} INFO - POST http://elasticsearch:9200/final_projects/_doc [status:201 request:0.002s]
[2024-09-24T13:01:26.957+0000] {logging_mixin.py:115} INFO - {'_index': 'final_projects', '_type': '_doc', '_id': 'T1AfJJIB9Ge4CN5SWEQr', '_version': 1, 'result': 'created', '_shards': {'total': 2, 'successful': 1, 'failed': 0}, '_seq_no': 994, '_primary_term': 1}
[2024-09-24T13:01:26.961+0000] {base.py:271} INFO - POST http://elasticsearch:9200/final_projects/_doc [status:201 request:0.003s]
[2024-09-24T13:01:26.961+0000] {logging_mixin.py:115} INFO - {'_index': 'final_projects', '_type': '_doc', '_id': 'UFAfJJIB9Ge4CN5SWEQu', '_version': 1, 'result': 'created', '_shards': {'total': 2, 'successful': 1, 'failed': 0}, '_seq_no': 995, '_primary_term': 1}
[2024-09-24T13:01:26.964+0000] {base.py:271} INFO - POST http://elasticsearch:9200/final_projects/_doc [status:201 request:0.003s]
[2024-09-24T13:01:26.964+0000] {logging_mixin.py:115} INFO - {'_index': 'final_projects', '_type': '_doc', '_id': 'UVAfJJIB9Ge4CN5SWEQy', '_version': 1, 'result': 'created', '_shards': {'total': 2, 'successful': 1, 'failed': 0}, '_seq_no': 996, '_primary_term': 1}
[2024-09-24T13:01:26.967+0000] {base.py:271} INFO - POST http://elasticsearch:9200/final_projects/_doc [status:201 request:0.002s]
[2024-09-24T13:01:26.967+0000] {logging_mixin.py:115} INFO - {'_index': 'final_projects', '_type': '_doc', '_id': 'UlAfJJIB9Ge4CN5SWEQ1', '_version': 1, 'result': 'created', '_shards': {'total': 2, 'successful': 1, 'failed': 0}, '_seq_no': 997, '_primary_term': 1}
[2024-09-24T13:01:26.971+0000] {base.py:271} INFO - POST http://elasticsearch:9200/final_projects/_doc [status:201 request:0.003s]
[2024-09-24T13:01:26.971+0000] {logging_mixin.py:115} INFO - {'_index': 'final_projects', '_type': '_doc', '_id': 'U1AfJJIB9Ge4CN5SWEQ5', '_version': 1, 'result': 'created', '_shards': {'total': 2, 'successful': 1, 'failed': 0}, '_seq_no': 998, '_primary_term': 1}
[2024-09-24T13:01:26.977+0000] {base.py:271} INFO - POST http://elasticsearch:9200/final_projects/_doc [status:201 request:0.004s]
[2024-09-24T13:01:26.978+0000] {logging_mixin.py:115} INFO - {'_index': 'final_projects', '_type': '_doc', '_id': 'VFAfJJIB9Ge4CN5SWEQ9', '_version': 1, 'result': 'created', '_shards': {'total': 2, 'successful': 1, 'failed': 0}, '_seq_no': 999, '_primary_term': 1}
[2024-09-24T13:01:26.980+0000] {python.py:173} INFO - Done. Returned value was: None
[2024-09-24T13:01:27.016+0000] {taskinstance.py:1412} INFO - Marking task as SUCCESS. dag_id=final_projects, task_id=InsertDataElasticsearch, execution_date=20240924T130121, start_date=20240924T130124, end_date=20240924T130127
[2024-09-24T13:01:27.069+0000] {local_task_job.py:156} INFO - Task exited with return code 0
[2024-09-24T13:01:27.127+0000] {local_task_job.py:279} INFO - 0 downstream tasks scheduled from follow-on schedule check
